SensorTime,Sensor59,Sensor103,Sensor510,Sensor348,Sensor431,Sensor434,Sensor430,Sensor435,Sensor21,Sensor28,Sensor436,Sensor129,Sensor210,Sensor298,Sensor163,Pass_Fail
2008-07-19 11:55:00,-1.726,-0.004,64.671,0.022,33.156,10.05,18.767,2.707,-5419.0,64.233,3.116,-0.047,0.077,0.037,0.09,-1
2008-07-19 12:32:00,0.807,-0.004,141.436,0.014,2.266,8.634,10.438,5.709,-5441.5,68.422,1.678,-0.095,0.057,0.05,0.112,-1
2008-07-19 13:17:00,23.824,-0.003,240.777,0.01,29.166,14.25,10.316,5.765,-5447.75,67.133,0.897,-0.189,0.034,0.08,0.187,1
2008-07-19 14:43:00,24.379,-0.006,113.559,0.041,13.405,5.176,15.709,5.39,-5468.25,62.933,1.367,0.284,0.125,0.028,0.068,-1
2008-07-19 15:22:00,-12.294,-0.004,148.066,0.025,10.739,11.406,12.764,2.009,-5476.25,62.833,1.553,-0.568,0.092,0.076,0.147,-1
2008-07-19 17:53:00,28.296,-0.005,68.735,0.017,30.808,7.279,34.483,2.025,-6058.0,62.378,1.475,-0.095,0.064,0.028,0.065,-1
2008-07-19 19:44:00,2.111,-0.004,159.524,0.018,23.888,8.607,34.4,2.258,-6154.0,60.8,4.26,-0.473,0.06,0.034,0.078,-1
2008-07-19 19:45:00,29.131,-0.006,79.121,0.022,13.559,12.124,4.318,7.138,-5395.5,67.3,1.489,0.71,0.07,0.066,0.161,-1
2008-07-19 20:24:00,26.979,-0.005,138.583,0.01,140.811,133.529,137.758,133.484,-4196.5,62.8,134.024,0.71,0.042,0.455,0.912,-1
2008-07-19 21:35:00,28.312,-0.007,86.007,0.032,30.705,8.442,16.09,2.925,-5357.5,67.033,0.71,0.71,0.092,0.034,0.076,-1
2008-07-19 21:57:00,27.837,-0.006,87.111,0.017,210.143,202.418,207.333,201.074,-2727.5,68.711,200.849,-0.568,0.064,0.526,0.921,1
2008-07-19 22:52:00,25.084,-0.006,67.941,0.037,21.261,7.978,38.572,2.656,-6097.75,64.767,3.394,-0.568,0.137,0.03,0.072,1
2008-07-20 03:35:00,22.623,-0.008,94.825,0.016,11.648,6.286,17.587,3.531,-5521.25,63.378,0.743,-0.473,0.061,0.037,0.082,-1
2008-07-21 08:21:00,-1.193,-0.005,55.026,0.047,22.671,8.686,39.754,2.862,-6069.75,67.989,2.279,0.0,0.159,0.032,0.078,-1
2008-07-21 11:53:00,17.638,-0.004,125.538,0.043,400.0,400.0,400.0,400.0,-1431.5,62.5,400.0,0.0,0.136,0.466,0.931,1
2008-07-22 00:03:00,20.421,-0.003,263.454,0.045,239.119,209.566,215.345,202.758,-2694.75,61.233,203.956,-0.047,0.157,0.52,0.942,-1
2008-07-22 02:59:00,-8.118,-0.007,68.532,0.011,7.437,9.808,10.439,2.144,-5757.25,63.356,3.879,-0.047,0.044,0.058,0.125,-1
2008-07-22 08:41:00,-5.533,-0.007,89.734,0.022,10.124,3.429,29.452,1.57,-5612.5,60.244,2.284,-0.047,0.054,0.015,0.032,-1
2008-07-22 11:47:00,0.484,-0.005,102.913,0.018,23.371,8.177,18.582,3.333,-5575.25,66.2,0.878,-0.426,0.062,0.047,0.109,-1
2008-07-22 14:00:00,22.474,-0.002,349.206,0.043,14.15,12.519,16.565,3.522,-5469.25,65.078,3.486,-0.426,0.156,0.076,0.165,-1
2008-07-22 15:30:00,3.97,-0.005,87.805,0.027,13.31,6.135,4.172,4.162,-5441.0,67.2,3.052,-0.426,0.096,0.034,0.08,-1
2008-07-23 05:15:00,0.12,-0.009,64.393,0.024,16.39,9.924,18.421,0.547,-5434.0,65.167,2.682,-0.426,0.095,0.06,0.13,-1
2008-07-23 19:22:00,-3.656,-0.007,42.907,0.032,14.167,6.63,12.579,4.616,-5310.25,66.356,2.427,0.047,0.108,0.039,0.087,-1
2008-07-25 15:23:00,18.394,-0.011,60.116,0.039,234.955,206.78,212.63,202.131,-2664.25,62.5,205.088,-0.473,0.131,0.511,0.915,1
2008-07-27 04:18:00,15.354,-0.008,60.328,0.05,209.19,200.903,200.093,200.395,-2681.75,64.678,202.158,0.095,0.188,0.511,0.89,-1
2008-07-27 09:37:00,2.996,-0.007,65.849,0.012,228.324,210.41,218.514,202.811,-2706.0,67.033,205.1,-0.615,0.04,0.523,0.95,-1
2008-07-27 11:10:00,-6.916,-0.006,48.096,0.013,23.646,11.404,9.658,5.711,-5611.75,68.033,2.795,-0.615,0.049,0.063,0.148,-1
2008-07-27 15:46:00,17.387,-0.008,69.677,0.046,15.373,6.705,8.475,5.595,-5369.0,62.889,3.062,-0.047,0.163,0.038,0.088,-1
2008-07-27 16:06:00,13.114,-0.009,60.658,0.054,26.93,9.436,13.876,3.441,-5217.5,66.167,2.797,-0.615,0.178,0.035,0.084,-1
2008-07-27 16:49:00,14.707,-0.011,51.844,0.049,23.3,12.398,4.653,4.239,-5416.0,65.633,2.544,-0.047,0.17,0.074,0.16,-1
2008-07-27 20:24:00,29.511,-0.01,49.168,0.056,14.82,6.888,9.726,4.576,-5500.5,68.644,1.669,-0.047,0.182,0.038,0.089,-1
2008-07-27 22:28:00,13.148,-0.009,59.46,0.046,10.293,12.502,5.639,3.995,-5497.75,65.367,2.762,-0.615,0.169,0.066,0.159,-1
2008-07-27 22:28:00,-3.386,-0.009,67.622,0.031,15.016,2.812,12.183,6.28,-5507.75,62.667,2.113,0.095,0.104,0.015,0.036,-1
2008-07-27 23:14:00,4.404,-0.008,37.982,0.027,226.516,205.83,212.583,201.851,-2622.5,65.456,202.318,0.095,0.085,0.515,0.918,-1
2008-07-28 03:31:00,17.547,-0.009,78.706,0.043,19.959,6.637,34.242,2.025,-6010.25,66.889,3.114,-0.047,0.141,0.025,0.06,-1
2008-07-28 03:48:00,-10.124,-0.006,95.0,0.034,4.475,6.139,9.571,5.027,-5548.0,66.478,1.69,0.095,0.103,0.041,0.081,-1
2008-07-28 04:37:00,13.978,-0.009,75.513,0.047,400.0,400.0,400.0,400.0,-1362.0,65.267,400.0,-0.047,0.152,0.448,0.896,-1
2008-07-28 05:36:00,13.489,-0.009,57.225,0.044,9.478,5.218,11.315,4.512,-5452.75,65.222,0.881,-0.047,0.162,0.031,0.067,-1
2008-07-28 06:45:00,24.903,-0.003,172.076,0.043,10.155,7.1,1.329,6.158,-5493.75,68.322,3.076,-0.047,0.142,0.043,0.095,1
2008-07-28 08:36:00,23.474,-0.009,40.751,0.031,18.031,11.701,3.04,6.57,-5525.5,70.511,0.785,-1.108,0.094,0.069,0.151,-1
2008-07-28 15:11:00,15.151,-0.008,75.294,0.043,119.356,13.793,36.34,1.962,-5085.25,63.511,2.166,-0.047,0.143,0.084,0.173,1
2008-07-28 23:57:00,-2.664,-0.008,21.971,0.013,6.446,8.017,1.28,5.737,-5626.25,64.178,2.004,0.095,0.048,0.043,0.104,-1
2008-07-29 04:08:00,-2.464,-0.008,70.517,0.016,8.098,4.571,47.52,3.452,-6033.25,62.289,2.12,0.095,0.058,0.027,0.057,-1
2008-07-29 05:16:00,19.314,-0.009,42.105,0.053,6.345,8.91,13.35,4.785,-5415.75,69.0,2.401,-1.204,0.174,0.049,0.115,-1
2008-07-29 06:19:00,8.304,-0.007,76.895,0.019,154.014,137.644,159.987,135.41,-4731.0,60.844,133.448,-0.426,0.073,0.45,0.926,-1
2008-07-29 08:23:00,5.03,-0.006,113.004,0.013,7.217,5.202,5.391,2.151,-5546.5,69.067,0.962,-0.426,0.056,0.028,0.068,1
2008-07-29 11:47:00,12.094,-0.007,41.062,0.016,215.986,204.889,231.637,201.351,-3281.0,63.133,201.979,0.095,0.063,0.508,0.901,-1
2008-07-29 15:41:00,23.137,-0.008,42.7,0.025,150.828,141.766,163.972,135.062,-4667.25,61.867,133.904,0.095,0.087,0.447,0.947,-1
2008-07-29 15:49:00,25.038,-0.009,96.97,0.024,20.791,16.137,2.056,4.874,-5300.25,69.067,1.553,-1.108,0.081,0.097,0.208,1
2008-07-29 17:05:00,23.311,-0.008,18.006,0.022,6.459,7.971,13.686,6.314,-5553.0,69.556,1.651,-0.426,0.084,0.049,0.103,1
2008-07-29 18:08:00,23.956,-0.009,49.067,0.012,14.036,11.429,2.911,5.541,-5394.0,68.356,2.577,-0.426,0.044,0.07,0.145,1
2008-07-29 21:07:00,21.39,-0.007,90.485,0.026,213.273,203.774,209.319,201.233,-2575.5,64.422,200.904,-0.142,0.093,0.505,0.891,-1
2008-07-29 23:14:00,1.588,-0.008,67.887,0.017,7.993,12.682,15.168,1.1,-5175.5,67.267,2.438,-0.142,0.06,0.073,0.163,-1
2008-07-29 23:19:00,0.678,-0.008,50.08,0.018,10.061,9.423,8.007,2.883,-5545.0,64.078,1.366,0.095,0.057,0.057,0.125,-1
2008-07-30 06:30:00,20.046,-0.007,200.712,0.021,143.914,138.957,169.375,134.423,-4520.75,62.367,135.193,0.095,0.064,0.435,0.906,-1
2008-07-30 07:08:00,21.896,-0.009,33.19,0.021,22.777,7.879,9.501,3.419,-5683.75,64.711,3.294,0.095,0.07,0.049,0.1,-1
2008-07-30 12:02:00,22.881,-0.004,111.945,0.042,6.498,5.762,12.49,3.299,-5460.5,70.089,2.194,0.047,0.154,0.035,0.074,-1
2008-07-30 12:29:00,2.521,-0.006,101.129,0.017,400.0,400.0,400.0,400.0,-1368.75,63.4,400.0,-0.142,0.065,0.45,0.901,1
2008-07-30 21:16:00,15.953,-0.01,31.605,0.04,140.2,136.332,171.674,134.028,-4490.5,63.6,134.053,-0.615,0.133,0.437,0.894,1
2008-07-31 13:57:00,-1.654,-0.007,80.0,0.039,13.09,10.892,15.037,6.043,-5433.25,66.722,1.225,0.189,0.156,0.058,0.141,-1
2008-07-31 15:36:00,6.739,-0.004,102.632,0.039,14.9,7.831,10.394,2.219,-5493.75,68.022,1.38,0.0,0.151,0.048,0.103,-1
2008-07-31 17:07:00,13.812,-0.003,218.182,0.05,215.974,205.017,210.897,201.796,-2597.0,63.978,201.259,0.047,0.161,0.507,0.899,-1
2008-07-31 20:18:00,18.321,-0.006,66.521,0.05,9.969,6.317,12.02,4.823,-5507.5,68.0,1.477,0.047,0.185,0.038,0.082,1
2008-01-08 02:02:00,16.458,-0.006,87.719,0.044,21.479,7.087,21.403,4.573,-5667.5,63.578,2.255,0.331,0.17,0.04,0.088,-1
2008-01-08 05:52:00,9.05,-0.006,74.783,0.019,28.463,10.542,10.887,5.284,-5501.75,68.122,2.856,0.0,0.067,0.057,0.138,1
2008-01-08 10:20:00,18.831,-0.006,54.581,0.019,17.479,7.621,18.282,4.527,-5382.5,67.844,4.358,0.0,0.064,0.046,0.094,-1
2008-01-08 10:26:00,18.281,-0.005,89.93,0.012,17.632,11.464,2.615,4.931,-5659.25,65.167,3.013,0.0,0.048,0.068,0.149,-1
2008-01-08 11:28:00,19.8,-0.007,53.691,0.014,15.48,8.415,9.142,2.492,-5349.0,61.622,2.778,0.0,0.052,0.046,0.107,-1
2008-01-08 12:29:00,11.682,-0.007,68.817,0.062,12.275,6.144,9.791,5.62,-5597.0,65.633,1.104,0.0,0.214,0.035,0.079,-1
2008-01-08 14:07:00,22.434,-0.005,102.326,0.043,5.417,8.285,15.311,3.342,-5440.5,68.344,2.695,0.0,0.182,0.046,0.108,-1
2008-01-08 15:10:00,17.163,-0.007,54.578,0.011,23.674,13.793,10.58,2.532,-5614.25,68.3,2.91,0.0,0.048,0.08,0.177,-1
2008-02-08 03:39:00,25.457,-0.005,111.475,0.037,8.291,10.828,5.565,5.748,-5534.5,70.767,2.274,-0.331,0.12,0.061,0.14,-1
2008-03-08 13:09:00,20.551,-0.003,174.899,0.018,224.944,207.03,214.551,202.083,-2649.25,63.344,200.615,0.047,0.068,0.51,0.913,-1
2008-03-08 14:06:00,18.683,-0.008,51.447,0.048,16.116,6.619,4.825,8.214,-5554.25,65.467,2.285,-0.331,0.182,0.041,0.086,-1
2008-03-08 14:25:00,25.443,-0.006,76.018,0.023,21.946,11.74,10.098,4.53,-6566.0,65.289,2.858,0.804,0.076,0.047,0.113,-1
2008-03-08 15:03:00,17.637,-0.006,65.339,0.023,110.429,11.467,6.876,5.477,-5613.75,64.811,2.467,0.047,0.081,0.062,0.145,-1
2008-03-08 15:27:00,24.351,-0.005,90.0,0.021,20.046,12.594,7.668,3.666,-6546.5,64.644,4.085,0.804,0.069,0.05,0.122,-1
2008-03-08 16:00:00,12.063,-0.007,79.292,0.029,27.699,7.26,7.484,6.63,-5652.0,64.622,3.297,0.804,0.082,0.05,0.093,-1
2008-03-08 17:00:00,9.523,-0.005,54.846,0.017,27.258,8.284,32.598,2.304,-6656.75,60.922,1.563,0.047,0.06,0.036,0.074,-1
2008-03-08 17:58:00,22.924,-0.006,98.361,0.04,6.03,6.399,8.871,4.451,-5681.5,67.533,1.293,-0.331,0.158,0.033,0.08,-1
2008-03-08 20:23:00,9.334,-0.009,39.291,0.015,38.937,4.554,5.616,3.614,-5537.5,64.0,2.524,0.804,0.052,0.026,0.057,-1
2008-03-08 22:52:00,12.539,-0.007,56.637,0.04,3.232,7.318,7.066,5.333,-5349.25,68.544,3.84,-0.473,0.147,0.044,0.097,-1
2008-04-08 00:39:00,12.431,-0.006,68.663,0.015,15.682,11.641,7.715,4.267,-5495.75,62.833,1.728,0.0,0.055,0.07,0.152,1
2008-04-08 03:45:00,28.636,-0.005,68.246,0.019,19.359,9.666,8.085,4.165,-6518.25,67.522,2.47,-0.473,0.081,0.04,0.094,-1
2008-04-08 03:49:00,8.693,-0.006,85.535,0.044,144.606,136.938,171.005,133.882,-4556.0,62.656,135.25,0.047,0.177,0.438,0.899,-1
2008-04-08 13:19:00,-5.306,-0.005,46.62,0.017,9.274,8.414,9.756,4.424,-5432.5,64.167,1.849,-0.473,0.059,0.048,0.109,-1
2008-04-08 14:04:00,-8.749,-0.007,30.476,0.02,12.322,13.154,13.121,5.404,-5677.75,66.689,2.645,-0.473,0.071,0.073,0.169,-1
2008-04-08 14:31:00,26.658,-0.004,62.696,0.043,25.18,14.271,26.836,5.316,-6174.5,68.922,2.466,0.0,0.136,0.06,0.139,-1
2008-04-08 15:29:00,28.706,-0.005,77.212,0.047,4.14,7.299,5.514,5.475,-5367.75,68.222,1.219,0.0,0.164,0.044,0.097,-1
2008-04-08 16:15:00,-8.226,-0.005,76.815,0.014,20.697,15.279,9.846,2.466,-5393.25,66.089,1.302,,0.046,0.081,0.194,-1
2008-04-08 16:31:00,28.119,-0.005,122.762,0.046,15.158,9.761,10.332,4.52,-5594.25,61.256,2.061,0.0,0.155,0.042,0.096,-1
2008-04-08 17:11:00,8.667,-0.007,76.596,0.02,232.475,211.492,213.956,203.871,-2665.5,67.022,205.281,-0.331,0.064,0.524,0.957,-1
2008-04-08 17:46:00,3.851,-0.006,99.389,0.019,9.062,5.972,9.535,2.722,-5527.0,60.911,2.696,0.047,0.062,0.034,0.077,-1
2008-04-08 18:24:00,-15.196,-0.006,87.302,0.04,144.703,138.814,164.336,134.781,-4695.25,65.2,134.644,,0.126,0.459,0.954,-1
2008-04-08 19:58:00,-6.484,-0.005,115.349,0.011,17.491,10.458,12.073,4.674,-5491.5,64.8,1.503,0.757,0.032,0.059,0.133,-1
2008-04-08 20:32:00,-11.218,-0.006,65.236,0.011,14.706,13.175,11.33,4.037,-5463.25,65.3,1.103,,0.042,0.086,0.178,-1
2008-04-08 20:58:00,11.559,-0.005,117.874,0.026,213.75,204.338,210.022,201.793,-2609.25,62.756,201.114,0.047,0.118,0.506,0.895,1
2008-04-08 21:43:00,28.423,-0.005,116.583,0.043,15.815,13.918,3.038,3.436,-5497.75,67.156,1.028,0.047,0.138,0.082,0.177,-1
2008-04-08 22:51:00,24.473,-0.005,100.756,0.034,14.82,8.612,10.72,3.048,-5522.25,61.744,3.124,0.047,0.113,0.04,0.085,-1
2008-04-08 23:33:00,5.134,-0.006,103.333,0.034,400.0,400.0,400.0,400.0,-1502.75,60.5,400.0,0.0,0.122,0.474,0.947,-1
2008-05-08 00:04:00,24.806,-0.006,45.07,0.043,12.161,8.853,6.467,2.057,-5443.0,67.811,1.02,0.047,0.142,0.052,0.114,-1
2008-05-08 01:12:00,27.618,-0.004,92.203,0.052,4.508,5.583,5.928,1.619,-5668.0,64.0,1.796,0.142,0.2,0.025,0.056,-1
2008-05-08 02:15:00,20.586,-0.007,70.631,0.043,26.244,13.474,2.677,3.451,-6274.75,66.256,3.348,0.142,0.169,0.056,0.134,-1
2008-05-08 02:36:00,27.666,-0.005,101.463,0.039,18.947,9.686,9.84,3.48,-5609.5,61.767,2.882,0.047,0.156,0.04,0.095,-1
2008-05-08 02:45:00,29.026,-0.006,42.572,0.038,21.505,10.936,4.655,4.426,-6487.25,65.733,1.528,0.757,0.148,0.047,0.106,-1
2008-05-08 03:17:00,27.736,-0.007,85.333,0.018,18.203,11.012,9.793,5.504,-6361.5,66.978,3.583,0.0,0.053,0.044,0.108,-1
2008-05-08 03:36:00,24.828,-0.006,64.681,0.048,26.171,11.622,6.018,4.251,-6514.0,61.644,4.921,0.757,0.16,0.048,0.113,-1
2008-05-08 03:54:00,24.612,-0.006,73.01,0.043,18.162,11.676,8.133,3.235,-6541.25,65.433,4.592,0.757,0.158,0.047,0.112,-1
2008-05-08 04:32:00,27.716,-0.008,27.861,0.038,19.42,8.267,24.673,5.093,-5147.25,62.967,1.121,0.757,0.13,0.046,0.107,-1
2008-05-08 04:35:00,23.786,-0.007,49.817,0.045,23.004,12.92,5.936,4.979,-6485.5,63.644,1.162,0.047,0.152,0.053,0.126,-1
2008-05-08 05:11:00,20.6,-0.005,127.483,0.011,10.508,10.601,12.978,5.266,-5409.0,68.333,2.734,-0.142,0.039,0.064,0.138,-1
2008-05-08 06:10:00,29.751,-0.005,151.515,0.016,21.275,11.01,6.019,6.091,-6463.0,67.4,3.784,0.047,0.052,0.047,0.109,-1
2008-05-08 06:11:00,23.994,-0.007,66.793,0.04,16.291,12.171,4.886,3.995,-5301.0,63.356,1.286,0.0,0.14,0.065,0.155,-1
2008-05-08 06:21:00,16.791,-0.006,78.004,0.036,21.031,14.852,3.758,3.17,-5401.75,70.167,4.051,-0.142,0.117,0.083,0.19,-1
2008-05-08 07:12:00,23.714,-0.006,68.571,0.047,19.896,9.784,10.416,5.399,-6470.75,64.656,3.362,0.047,0.161,0.044,0.095,-1
2008-05-08 07:12:00,18.576,-0.004,65.204,0.033,6.628,5.266,12.738,4.811,-5432.75,60.267,2.358,0.0,0.113,0.032,0.067,1
2008-05-08 07:48:00,24.292,-0.005,136.919,0.039,23.501,11.877,61.416,4.51,-5856.75,62.211,3.268,0.047,0.13,0.052,0.115,-1
2008-05-08 08:50:00,25.513,-0.004,77.273,0.015,17.765,7.628,14.016,4.264,-5657.75,64.711,2.556,-0.142,0.054,0.043,0.098,-1
2008-05-08 09:48:00,26.706,-0.006,54.618,0.046,5.917,9.683,12.894,3.482,-5560.75,63.944,0.882,0.0,0.162,0.055,0.126,-1
2008-05-08 14:17:00,8.914,-0.004,93.968,0.037,13.27,4.749,3.836,5.716,-5474.25,65.778,2.691,-0.331,0.119,0.025,0.062,-1
2008-05-08 14:45:00,8.942,-0.002,301.449,0.012,11.953,9.112,8.214,2.327,-5600.5,68.256,2.427,-0.142,0.037,0.049,0.116,-1
2008-05-08 15:45:00,6.992,-0.006,58.15,0.044,25.179,8.031,40.882,2.305,-6068.75,67.178,3.117,-0.142,0.144,0.035,0.073,-1
2008-05-08 20:04:00,16.604,-0.006,77.108,0.03,14.12,14.78,9.272,6.657,-5306.5,67.578,2.106,0.662,0.095,0.089,0.191,-1
2008-05-08 21:07:00,16.526,-0.002,243.478,0.04,18.825,11.261,31.657,5.77,-6030.25,63.144,1.422,-0.095,0.137,0.068,0.14,-1
2008-05-08 21:22:00,29.192,-0.005,88.665,0.016,36.696,10.642,3.644,4.349,-5653.75,65.478,3.153,-0.378,0.065,0.064,0.136,-1
2008-05-08 23:02:00,10.08,-0.004,82.243,0.041,23.488,7.956,20.892,4.263,-5418.25,61.878,2.426,0.662,0.14,0.047,0.101,-1
2008-05-08 23:06:00,3.906,-0.007,61.765,0.016,17.864,5.645,4.715,6.199,-5641.25,61.833,0.832,0.757,0.054,0.038,0.071,-1
2008-05-08 23:38:00,26.653,-0.006,79.661,0.027,17.99,12.223,5.29,5.099,-5538.5,68.433,2.856,0.331,0.116,0.077,0.153,-1
2008-06-08 00:04:00,17.686,-0.005,113.067,0.013,4.021,8.626,6.595,6.322,-5261.75,66.933,3.147,-0.095,0.05,0.052,0.111,-1
2008-06-08 02:20:00,15.018,-0.006,62.579,0.015,22.8,11.837,15.713,5.278,-5587.75,61.678,4.583,-0.095,0.06,0.07,0.15,-1
2008-06-08 03:22:00,15.794,-0.006,89.686,0.013,13.428,4.71,10.467,2.414,-5531.5,69.333,1.877,-0.095,0.046,0.028,0.06,-1
2008-06-08 05:40:00,6.664,-0.007,44.86,0.045,16.985,13.9,10.19,1.702,-5456.25,67.633,1.885,0.0,0.164,0.078,0.18,1
2008-06-08 09:56:00,10.211,-0.004,93.333,0.04,8.337,16.596,10.398,7.238,-5683.75,63.278,3.3,0.662,0.13,0.095,0.206,-1
2008-06-08 09:57:00,-19.152,-0.006,52.018,0.028,27.894,8.615,36.046,2.888,-6563.75,66.056,2.841,,0.088,0.034,0.077,-1
2008-06-08 12:33:00,22.216,-0.004,104.242,0.017,17.998,11.913,3.238,6.351,-5559.0,63.9,2.364,-0.047,0.052,0.07,0.151,-1
2008-06-08 13:35:00,25.836,-0.007,46.975,0.019,8.779,8.901,10.364,4.47,-5499.75,63.378,2.3,0.331,0.062,0.056,0.115,-1
2008-06-08 17:35:00,25.959,-0.009,64.171,0.042,19.644,9.335,2.062,4.141,-6353.5,67.656,2.579,0.331,0.16,0.04,0.092,-1
2008-06-08 18:00:00,23.886,-0.005,83.375,0.04,23.44,9.38,10.471,5.506,-6599.25,63.578,2.772,-0.378,0.128,0.044,0.09,-1
2008-06-08 18:34:00,23.036,-0.007,56.089,0.037,25.304,13.919,7.547,5.776,-6413.5,67.311,1.427,0.331,0.131,0.056,0.137,-1
2008-06-08 19:13:00,22.742,-0.006,46.964,0.035,23.005,8.216,5.586,4.046,-6569.5,63.844,2.323,0.662,0.124,0.033,0.08,-1
2008-06-08 19:24:00,-9.284,-0.003,162.319,0.017,19.434,11.678,6.404,4.464,-6480.5,65.956,2.461,-0.615,0.061,0.05,0.115,-1
2008-06-08 20:00:00,-17.934,-0.004,103.867,0.024,10.751,7.168,5.185,2.966,-6364.25,65.833,2.876,-0.615,0.075,0.033,0.07,-1
2008-06-08 20:17:00,23.561,-0.005,78.688,0.042,22.198,13.278,7.678,4.981,-6473.25,62.967,1.971,0.095,0.16,0.055,0.129,-1
2008-06-08 21:15:00,-8.313,-0.005,77.749,0.018,217.42,203.962,232.853,201.344,-3293.5,64.078,201.183,0.095,0.072,0.51,0.901,-1
2008-06-08 22:27:00,5.338,-0.004,56.471,0.016,400.0,400.0,400.0,400.0,-1918.25,63.489,400.0,-0.047,0.067,0.438,0.876,-1
2008-06-08 23:40:00,23.874,-0.005,110.569,0.022,10.56,8.722,10.989,4.837,-5478.25,62.989,3.845,0.662,0.079,0.053,0.11,-1
2008-06-08 23:45:00,27.343,-0.007,85.764,0.014,21.337,10.992,3.723,4.01,-6472.5,68.044,3.443,0.331,0.048,0.047,0.108,-1
2008-07-08 00:51:00,17.302,-0.006,116.556,0.013,11.079,13.719,48.547,5.168,-6235.25,63.0,2.911,0.095,0.045,0.08,0.173,-1
2008-07-08 07:30:00,26.266,-0.007,58.571,0.032,22.198,11.846,7.334,5.34,-6449.75,66.222,3.138,0.189,0.11,0.053,0.115,-1
2008-07-08 08:21:00,-21.206,-0.007,54.888,0.032,25.544,7.387,32.888,2.263,-6169.5,65.322,1.055,0.095,0.131,0.029,0.067,-1
2008-07-08 08:45:00,-7.538,-0.007,66.431,0.024,15.706,4.739,8.918,6.557,-5550.5,65.044,1.716,0.189,0.095,0.029,0.063,-1
2008-07-08 08:55:00,4.311,-0.004,126.599,0.027,5.3,9.912,7.745,5.57,-5448.5,64.0,0.455,-0.095,0.102,0.072,0.13,-1
2008-07-08 10:12:00,29.116,-0.006,66.517,0.021,23.929,7.57,9.43,3.678,-6352.0,66.711,0.982,0.662,0.078,0.035,0.074,-1
2008-07-08 11:10:00,15.861,-0.004,86.804,0.019,14.714,3.15,36.542,1.593,-5098.25,67.978,0.993,0.095,0.075,0.019,0.041,-1
2008-07-08 11:40:00,26.774,-0.006,68.763,0.037,18.419,12.456,2.279,4.208,-6362.5,65.8,2.333,0.662,0.125,0.051,0.124,1
2008-08-08 04:55:00,-3.251,-0.004,142.69,0.027,23.246,9.326,3.148,2.851,-6290.25,70.244,0.641,0.095,0.107,0.039,0.092,-1
2008-08-08 07:26:00,0.231,-0.005,65.116,0.029,13.718,10.133,10.484,2.637,-5389.25,61.222,2.408,0.662,0.112,0.061,0.131,-1
2008-08-08 08:44:00,26.451,-0.006,98.031,0.023,25.938,14.227,8.778,5.158,-6538.75,63.9,1.674,-0.047,0.085,0.057,0.138,1
2008-08-08 12:37:00,-12.153,-0.004,141.04,0.013,15.101,8.424,9.166,3.667,-6349.5,69.011,3.556,-0.095,0.049,0.037,0.083,1
2008-08-08 20:21:00,-1.566,-0.005,117.224,0.052,4.352,5.39,8.59,6.324,-5599.5,71.122,3.704,0.142,0.196,0.034,0.068,-1
2008-08-08 21:22:00,14.646,-0.006,97.778,0.042,9.612,7.606,18.068,3.287,-5645.25,68.856,1.302,0.757,0.159,0.052,0.095,-1
2008-08-08 21:53:00,9.674,-0.001,289.655,0.042,14.818,9.965,10.096,5.712,-5447.75,63.256,2.207,0.142,0.186,0.06,0.127,-1
2008-08-08 22:06:00,9.842,-0.005,68.046,0.041,6.072,6.483,11.052,3.668,-5501.0,67.633,1.593,0.757,0.151,0.044,0.083,-1
2008-08-08 22:25:00,-5.868,-0.006,79.541,0.032,139.532,138.087,140.043,134.163,-4228.0,63.389,134.622,-0.378,0.115,0.459,0.949,-1
2008-09-08 02:15:00,-12.137,-0.006,63.804,0.023,9.311,6.905,21.929,4.43,-5645.5,65.356,4.411,0.757,0.085,0.041,0.088,-1
2008-09-08 02:37:00,12.836,-0.005,81.106,0.034,18.995,8.815,23.622,1.795,-5596.5,69.878,1.725,0.757,0.101,0.049,0.112,-1
2008-09-08 06:05:00,9.498,-0.004,61.538,0.013,15.899,11.324,15.548,4.798,-5750.0,68.344,2.413,0.236,0.047,0.06,0.143,-1
2008-09-08 09:16:00,2.583,-0.006,111.704,0.04,14.602,11.719,15.23,6.808,-5384.25,70.189,1.65,0.142,0.152,0.074,0.15,1
2008-09-08 09:22:00,15.107,-0.006,93.846,0.013,9.278,9.333,3.53,3.229,-5581.0,70.4,1.873,0.236,0.043,0.06,0.12,-1
2008-09-08 11:42:00,4.428,-0.007,74.102,0.034,64.908,7.301,42.619,3.617,-6063.0,69.322,5.347,0.0,0.121,0.041,0.094,1
2008-09-08 17:34:00,17.793,-0.002,205.587,0.032,16.107,13.307,14.323,7.199,-5508.75,61.322,1.853,0.0,0.094,0.083,0.169,-1
2008-09-08 19:03:00,22.793,-0.005,147.42,0.035,16.043,10.685,22.987,3.995,-5707.5,63.378,2.452,0.0,0.118,0.057,0.135,-1
2008-09-08 20:04:00,4.661,-0.004,136.023,0.039,135.398,134.254,151.934,133.731,-5073.25,65.511,134.174,0.142,0.129,0.434,0.875,-1
2008-09-08 21:07:00,26.051,-0.003,160.0,0.021,18.835,11.908,6.915,4.556,-6377.5,65.311,3.426,0.0,0.06,0.049,0.117,-1
2008-09-08 22:15:00,17.167,-0.002,113.636,0.034,20.845,12.856,6.034,6.156,-5535.25,62.744,1.687,-0.095,0.113,0.072,0.159,-1
2008-09-08 22:37:00,27.728,-0.002,252.632,0.039,18.105,8.72,9.603,4.918,-6425.0,65.844,0.448,-0.095,0.131,0.036,0.086,-1
2008-09-08 23:17:00,-13.124,-0.005,126.923,0.014,17.927,7.884,5.084,2.956,-6274.75,67.822,4.094,0.0,0.048,0.039,0.076,-1
2008-09-08 23:34:00,-10.874,-0.004,41.618,0.016,89.525,5.293,4.341,1.315,-5529.25,63.311,1.39,0.142,0.053,0.028,0.067,-1
2008-10-08 00:09:00,-13.357,-0.006,84.567,0.013,12.33,10.938,5.714,4.806,-5442.25,68.156,1.214,-0.095,0.043,0.059,0.14,-1
2008-10-08 00:46:00,-2.281,-0.005,89.32,0.014,15.94,8.132,6.294,3.63,-6149.25,68.044,2.748,0.0,0.044,0.034,0.079,-1
2008-10-08 06:00:00,4.974,-0.006,65.996,0.034,21.44,12.097,11.582,4.634,-5664.0,62.789,1.417,0.757,0.108,0.069,0.151,1
2008-10-08 06:41:00,0.376,-0.005,69.065,0.02,8.036,9.683,8.612,5.49,-5527.0,69.933,2.232,0.142,0.073,0.057,0.126,-1
2008-10-08 07:01:00,27.414,-0.005,77.69,0.033,22.302,13.333,7.626,6.092,-5376.25,63.789,4.486,0.0,0.118,0.079,0.17,1
2008-10-08 11:16:00,-10.129,-0.005,86.772,0.032,231.055,208.504,230.366,202.59,-2595.0,65.578,203.772,0.095,0.134,0.524,0.944,-1
2008-10-08 11:49:00,-11.471,-0.004,202.74,0.024,17.849,8.13,5.381,3.336,-6355.25,68.944,0.537,-0.095,0.07,0.035,0.079,-1
2008-10-08 12:22:00,3.896,-0.005,64.965,0.031,23.07,11.307,54.094,4.318,-4592.0,67.8,1.268,0.142,0.107,0.065,0.146,-1
2008-10-08 15:59:00,12.898,-0.005,74.667,0.034,400.0,400.0,400.0,400.0,-1480.75,61.333,400.0,0.236,0.119,0.463,0.926,1
2008-10-08 19:07:00,0.484,-0.002,126.897,0.041,9.041,9.414,12.549,4.721,-5753.5,65.589,1.943,0.757,0.144,0.064,0.12,-1
2008-10-08 20:07:00,12.307,-0.005,123.544,0.03,15.264,11.118,5.145,6.132,-5345.0,64.133,2.853,0.142,0.123,0.059,0.14,1
2008-10-08 22:26:00,21.757,-0.005,171.163,0.011,18.379,9.395,23.23,5.364,-7150.25,63.133,0.628,0.142,0.044,0.039,0.09,1
2008-11-08 03:06:00,10.024,-0.006,60.163,0.029,10.842,4.577,11.054,4.902,-5500.0,66.7,1.734,-0.189,0.1,0.027,0.06,-1
2008-11-08 04:09:00,8.064,-0.007,56.716,0.024,13.876,7.264,72.216,3.01,-4781.5,67.722,2.523,-0.189,0.082,0.046,0.094,-1
2008-11-08 05:15:00,2.043,-0.006,101.818,0.032,6.074,7.646,8.226,4.301,-5336.5,63.756,1.147,-0.189,0.122,0.052,0.098,-1
2008-11-08 11:35:00,17.4,-0.005,157.377,0.026,11.76,14.361,39.691,3.401,-6112.25,67.4,2.3,-0.142,0.098,0.081,0.184,-1
2008-11-08 12:38:00,3.28,-0.004,160.494,0.022,21.861,8.584,4.18,8.333,-5646.5,64.733,3.32,-0.189,0.09,0.06,0.11,-1
2008-12-08 04:23:00,9.253,-0.006,95.598,0.024,224.195,207.578,227.124,202.486,-3345.75,66.544,202.484,-0.142,0.077,0.526,0.945,-1
2008-12-08 06:16:00,-17.359,-0.008,33.383,0.032,236.308,208.822,213.753,202.484,-2668.5,64.789,204.987,0.048,0.109,0.518,0.935,-1
2008-12-08 10:54:00,-9.496,-0.003,86.822,0.017,19.642,11.999,5.865,3.56,-6377.0,64.9,3.735,0.048,0.058,0.049,0.119,-1
2008-12-08 11:29:00,-7.963,-0.006,124.561,0.014,20.885,9.273,7.83,1.215,-5440.25,65.444,2.005,0.048,0.05,0.054,0.116,-1
2008-12-08 12:04:00,1.117,-0.005,150.805,0.027,18.368,12.214,11.231,1.892,-5485.0,62.878,2.764,0.048,0.109,0.079,0.155,-1
2008-08-13 02:48:00,8.392,-0.006,68.67,0.011,20.121,13.974,16.908,3.613,-5394.0,67.733,3.597,-0.095,0.039,0.087,0.184,-1
2008-08-15 03:26:00,-15.532,-0.004,167.203,0.014,15.525,12.403,14.463,4.158,-5490.0,63.989,1.965,0.189,0.044,0.073,0.16,-1
2008-08-15 04:14:00,9.656,-0.007,37.5,0.031,27.593,11.206,25.21,3.705,-6886.25,62.678,3.482,0.71,0.096,0.046,0.108,-1
2008-08-15 05:13:00,13.7,-0.006,68.085,0.03,25.823,9.923,8.493,4.387,-5487.0,69.9,1.667,0.189,0.097,0.059,0.126,-1
2008-08-15 09:38:00,6.519,-0.006,70.748,0.021,24.576,11.458,3.454,4.45,-6368.75,67.567,3.555,-0.189,0.078,0.048,0.112,-1
2008-08-15 10:14:00,5.312,-0.005,68.628,0.022,21.218,15.16,13.418,3.937,-5619.5,67.422,1.34,-0.189,0.068,0.082,0.197,-1
2008-08-15 11:42:00,7.774,-0.005,106.383,0.023,23.741,10.753,5.135,4.372,-6329.25,64.033,2.988,-0.189,0.088,0.045,0.105,-1
2008-08-15 18:19:00,23.902,-0.008,106.136,0.032,5.388,9.638,21.238,3.713,-5466.5,69.378,1.64,0.0,0.093,0.051,0.121,-1
2008-08-15 19:19:00,-0.333,-0.004,103.597,0.026,9.654,6.93,12.118,5.798,-5561.75,66.578,2.589,0.095,0.083,0.04,0.09,-1
2008-08-15 20:00:00,20.778,-0.007,81.633,0.028,12.582,12.58,22.864,7.621,-5440.75,69.611,2.214,0.0,0.094,0.074,0.157,-1
2008-08-15 20:03:00,24.26,-0.004,125.24,0.015,55.98,9.116,14.723,5.585,-5426.75,67.656,3.143,0.378,0.05,0.058,0.117,-1
2008-08-15 23:31:00,6.707,-0.005,90.995,0.023,22.348,9.998,8.624,3.544,-5635.5,66.256,1.519,0.095,0.089,0.059,0.127,-1
2008-08-16 02:21:00,29.726,-0.005,65.385,0.029,29.395,10.622,2.813,3.57,-5794.25,68.0,1.281,0.0,0.109,0.066,0.132,-1
2008-08-16 05:47:00,11.486,-0.007,62.338,0.027,13.723,12.09,15.403,2.624,-5972.75,68.811,4.769,0.568,0.084,0.072,0.154,-1
2008-08-16 06:52:00,28.313,-0.004,175.342,0.034,7.978,7.58,6.666,4.504,-5550.75,69.922,2.818,0.568,0.112,0.042,0.097,-1
2008-08-16 07:33:00,13.726,-0.006,92.65,0.028,8.248,16.314,3.689,4.456,-5503.5,66.122,3.811,0.568,0.095,0.108,0.212,-1
2008-08-16 08:39:00,18.867,-0.007,37.594,0.03,21.016,13.561,3.829,4.657,-6345.75,66.278,6.323,0.568,0.117,0.055,0.135,-1
2008-08-16 08:41:00,5.578,-0.005,75.591,0.033,20.396,10.291,6.993,5.14,-6434.75,70.533,1.972,0.568,0.109,0.043,0.1,-1
2008-08-16 09:44:00,25.528,-0.007,65.306,0.023,24.936,13.419,6.727,4.556,-6511.5,70.978,3.169,0.0,0.097,0.055,0.13,1
2008-08-16 13:51:00,5.994,-0.0,0.0,0.02,23.275,15.476,6.543,5.109,-6403.75,68.178,4.417,1.608,0.073,0.062,0.15,-1
2008-08-16 14:30:00,2.776,-0.001,0.0,0.019,14.344,10.256,10.115,5.627,-5407.75,68.322,1.048,1.608,0.071,0.066,0.132,-1
2008-08-16 15:16:00,2.617,-0.005,68.837,0.021,16.228,8.521,7.316,7.068,-5617.5,69.2,2.753,1.608,0.07,0.051,0.109,-1
2008-08-16 15:19:00,20.834,-0.005,98.947,0.025,23.227,17.778,33.299,3.358,-6057.25,69.067,3.155,0.568,0.079,0.098,0.228,1
2008-08-16 23:48:00,27.3,-0.006,111.392,0.012,23.17,12.798,6.514,4.383,-6448.0,61.722,3.349,0.757,0.036,0.051,0.125,-1
2008-08-17 00:52:00,5.419,-0.009,44.324,0.03,24.025,12.059,3.365,4.48,-6508.5,70.956,4.94,0.757,0.099,0.048,0.117,-1
2008-08-17 01:53:00,5.914,-0.009,57.471,0.03,17.7,7.287,39.09,4.884,-5771.25,67.667,1.196,0.757,0.115,0.045,0.095,-1
2008-08-17 03:17:00,5.378,-0.01,34.783,0.033,31.131,15.338,4.858,4.008,-6401.75,70.044,4.204,0.757,0.11,0.062,0.151,-1
2008-08-17 03:18:00,-11.231,-0.009,87.209,0.027,108.12,7.335,14.538,5.343,-5076.25,62.511,5.394,0.757,0.09,0.045,0.097,-1
2008-08-17 03:46:00,-1.847,-0.005,108.997,0.025,9.711,10.717,10.475,5.071,-5518.0,67.233,2.366,0.0,0.082,0.071,0.139,-1
2008-08-17 04:19:00,25.43,-0.007,46.182,0.013,21.66,10.411,7.672,3.804,-6308.5,68.9,3.493,0.0,0.059,0.045,0.102,-1
2008-08-17 05:21:00,15.456,-0.007,52.434,0.014,5.483,17.361,32.404,6.937,-6153.5,67.967,2.671,0.757,0.053,0.098,0.221,-1
2008-08-17 12:16:00,0.758,-0.009,61.37,0.027,9.744,18.056,17.381,8.672,-5511.75,61.578,6.474,0.757,0.092,0.115,0.241,1
2008-08-17 13:34:00,-12.047,-0.006,99.548,0.025,23.127,12.73,9.225,3.907,-6417.25,65.133,3.618,0.0,0.064,0.054,0.126,-1
2008-08-17 14:21:00,-10.267,-0.005,57.416,0.02,26.465,11.086,7.018,3.284,-6483.25,67.589,2.429,0.0,0.076,0.046,0.108,-1
2008-08-17 15:25:00,1.159,-0.01,56.637,0.024,14.97,10.0,7.67,3.678,-6480.25,63.922,0.854,-0.284,0.082,0.045,0.098,-1
2008-08-17 21:26:00,-11.824,-0.008,49.102,0.025,20.06,15.04,22.059,1.697,-5426.25,62.989,2.819,-0.284,0.09,0.088,0.195,1
2008-08-17 22:03:00,8.424,-0.004,132.53,0.035,8.35,8.682,5.812,3.352,-5505.5,67.222,2.092,1.608,0.101,0.052,0.112,1
2008-08-17 22:21:00,18.604,-0.006,73.62,0.017,12.894,4.522,14.576,4.073,-5584.5,65.822,2.421,0.0,0.065,0.027,0.058,-1
2008-08-17 23:04:00,8.976,-0.004,129.496,0.039,21.928,11.71,7.953,4.173,-6375.0,66.856,3.682,0.0,0.137,0.047,0.113,1
2008-08-17 23:20:00,0.722,-0.01,56.174,0.024,4.849,6.665,19.835,4.083,-5465.0,63.489,2.549,-0.568,0.084,0.038,0.087,-1
2008-08-17 23:55:00,-1.42,-0.001,400.0,0.012,13.408,7.748,61.198,5.009,-4970.75,67.711,3.169,0.0,0.038,0.043,0.101,1
2008-08-18 00:02:00,9.208,-0.004,149.112,0.038,27.449,6.812,19.724,4.844,-5181.5,65.678,1.61,0.757,0.126,0.038,0.087,1
2008-08-18 00:20:00,12.161,-0.007,60.107,0.032,18.784,11.584,4.881,3.864,-6351.5,68.822,1.999,0.0,0.091,0.048,0.113,-1
2008-08-18 01:23:00,8.527,-0.008,37.299,0.026,16.074,7.433,26.672,4.578,-5230.25,69.433,3.897,0.0,0.086,0.045,0.096,1
2008-08-18 04:01:00,17.174,-0.007,46.704,0.039,18.289,14.453,7.883,5.502,-6393.25,67.9,3.692,0.0,0.137,0.061,0.142,1
2008-08-18 04:12:00,5.786,-0.007,56.944,0.018,9.274,4.866,17.177,2.017,-5367.75,69.678,2.25,-0.284,0.07,0.029,0.066,-1
2008-08-18 04:35:00,14.438,-0.009,73.525,0.022,21.22,11.564,11.8,4.626,-6356.0,66.278,1.908,-0.426,0.066,0.047,0.115,-1
2008-08-18 05:03:00,11.696,-0.003,143.284,0.032,13.19,8.045,9.796,6.254,-5175.5,69.833,2.452,-0.568,0.108,0.054,0.104,-1
2008-08-18 05:25:00,18.054,-0.001,439.216,0.013,99.216,11.16,25.641,6.653,-4992.0,69.789,1.808,-0.568,0.05,0.06,0.147,-1
2008-08-18 06:07:00,20.706,-0.01,39.075,0.03,11.987,12.014,26.732,5.012,-6834.5,68.567,2.47,-0.426,0.104,0.051,0.116,-1
2008-08-18 06:11:00,1.127,-0.009,43.367,0.032,19.294,9.612,6.044,2.994,-6353.75,61.067,1.598,-0.568,0.094,0.039,0.094,-1
2008-08-18 06:26:00,16.407,-0.004,124.39,0.041,24.492,12.926,6.381,5.655,-6425.5,71.722,1.904,-0.568,0.127,0.054,0.127,-1
2008-08-18 07:11:00,5.402,-0.01,94.656,0.015,25.604,12.429,3.503,4.099,-6565.5,70.444,1.362,-0.568,0.056,0.052,0.12,-1
2008-08-18 07:23:00,26.861,-0.01,43.766,0.016,19.572,16.891,9.544,2.669,-5291.5,66.689,1.484,-0.568,0.063,0.098,0.22,-1
2008-08-18 07:29:00,23.771,-0.012,47.826,0.097,10.478,12.541,7.824,4.317,-5521.25,64.033,0.644,-0.284,0.459,0.072,0.164,-1
2008-08-18 08:18:00,-0.84,-0.007,60.038,0.024,20.691,11.934,5.878,4.637,-6346.0,68.422,2.388,-0.568,0.093,0.052,0.118,-1
2008-08-18 08:31:00,25.426,-0.008,57.705,0.014,9.776,14.349,24.282,5.553,-5213.75,69.056,2.864,-0.568,0.049,0.086,0.187,-1
2008-08-18 10:13:00,26.614,-0.01,45.478,0.033,21.11,11.979,4.849,3.716,-6454.5,71.244,2.016,-0.378,0.102,0.05,0.115,-1
2008-08-18 11:04:00,-6.539,-0.009,33.708,0.024,12.559,3.56,14.605,1.772,-5532.5,69.378,5.636,-0.426,0.079,0.022,0.047,-1
2008-08-18 12:00:00,0.152,-0.011,47.552,0.024,23.534,8.689,43.01,2.756,-5064.0,67.178,1.728,-0.378,0.084,0.052,0.116,-1
2008-08-18 12:06:00,2.824,-0.01,36.0,0.02,22.548,9.309,5.978,3.496,-6273.5,68.2,3.174,-0.426,0.071,0.044,0.092,-1
2008-08-18 12:22:00,12.182,-0.008,87.898,0.031,23.15,8.742,9.541,4.142,-6267.75,70.122,2.85,-0.568,0.09,0.036,0.087,-1
2008-08-18 12:49:00,19.561,-0.007,63.621,0.024,24.575,12.227,5.804,3.83,-6426.5,70.511,3.072,-0.426,0.088,0.049,0.119,-1
2008-08-18 13:07:00,-1.161,-0.009,73.6,0.029,16.545,9.006,5.166,4.329,-5284.75,68.156,2.578,-0.568,0.087,0.056,0.116,-1
2008-08-18 14:01:00,18.63,-0.01,85.864,0.022,19.538,12.443,1.532,4.042,-6267.75,62.956,4.052,-0.426,0.074,0.055,0.123,-1
2008-08-18 14:04:00,20.712,-0.009,39.838,0.032,21.498,9.098,7.95,3.44,-6452.5,72.922,2.787,-0.378,0.106,0.037,0.089,-1
2008-08-18 14:45:00,-11.968,-0.01,37.276,0.026,9.216,14.485,9.792,5.005,-5423.0,69.389,2.821,-0.378,0.102,0.089,0.184,-1
2008-08-18 15:00:00,16.844,-0.011,57.944,0.015,18.013,11.047,6.873,3.81,-6198.5,63.978,2.512,-0.993,0.063,0.051,0.106,-1
2008-08-18 15:26:00,14.038,-0.008,30.952,0.03,91.805,6.481,9.998,4.614,-5711.0,66.544,4.298,-0.378,0.111,0.04,0.086,-1
2008-08-18 15:30:00,28.401,-0.01,41.446,0.026,26.195,14.452,62.713,4.083,-5657.5,63.778,1.752,-0.568,0.074,0.058,0.14,-1
2008-08-18 15:33:00,22.183,-0.008,64.798,0.033,12.227,10.424,13.648,3.867,-6528.5,68.2,6.538,-0.993,0.131,0.045,0.102,-1
2008-08-18 15:41:00,9.188,-0.009,45.152,0.014,18.622,13.804,5.422,3.97,-6363.0,63.056,2.665,-0.378,0.052,0.056,0.136,-1
2008-08-18 16:19:00,1.502,-0.008,61.436,0.025,22.626,9.398,4.61,3.213,-6334.25,67.456,3.322,-0.993,0.085,0.039,0.091,-1
2008-08-18 17:13:00,16.016,-0.008,54.071,0.026,20.846,13.633,8.147,5.436,-6431.75,68.156,4.662,-0.993,0.086,0.056,0.135,1
2008-08-18 17:16:00,2.503,-0.01,32.718,0.019,45.931,7.285,17.024,5.101,-5410.0,67.422,3.989,-0.993,0.071,0.042,0.094,-1
2008-08-18 17:37:00,87.039,-0.008,59.435,0.013,21.971,7.819,14.672,6.835,-5677.5,68.044,2.543,-0.378,0.046,0.051,0.101,-1
2008-08-18 19:24:00,0.759,-0.006,56.68,0.025,13.456,10.593,18.21,7.158,-5848.5,69.922,1.791,-0.378,0.077,0.061,0.134,-1
2008-08-18 19:54:00,9.878,-0.008,60.841,0.024,19.292,11.05,24.294,4.729,-5392.25,66.689,2.261,-0.993,0.085,0.065,0.146,1
2008-08-18 23:00:00,15.679,-0.01,40.494,0.014,19.699,12.702,8.22,4.093,-6350.5,68.544,2.549,-0.047,0.057,0.053,0.124,-1
2008-08-18 23:03:00,16.242,-0.007,43.739,0.029,12.944,9.307,6.037,3.352,-6277.75,67.522,3.872,0.426,0.114,0.041,0.09,-1
2008-08-18 23:47:00,10.374,-0.009,35.378,0.014,6.443,6.778,16.269,4.028,-5421.5,63.411,1.634,-0.047,0.052,0.042,0.087,-1
2008-08-19 01:10:00,2.504,-0.008,71.322,0.026,17.531,6.341,95.566,7.055,-5316.75,68.411,1.897,-0.047,0.092,0.039,0.082,-1
2008-08-19 03:59:00,24.14,-0.01,32.208,0.019,31.766,15.156,16.005,4.47,-5242.25,67.144,2.73,0.426,0.06,0.091,0.199,1
2008-08-19 04:58:00,23.711,-0.01,56.94,0.021,4.228,11.297,12.379,4.511,-5751.5,68.144,2.171,-0.095,0.074,0.07,0.145,-1
2008-08-19 05:09:00,5.78,-0.011,39.33,0.034,20.064,10.256,2.756,3.406,-6459.75,69.422,0.908,0.0,0.104,0.041,0.099,-1
2008-08-19 05:11:00,-0.18,-0.012,48.311,0.033,15.931,11.949,10.735,6.05,-5328.25,63.911,3.936,0.0,0.116,0.069,0.156,-1
2008-08-19 05:11:00,-8.608,-0.01,41.396,0.027,16.061,8.245,5.138,2.518,-6345.0,63.344,1.254,-0.095,0.093,0.036,0.08,-1
2008-08-19 05:40:00,22.717,-0.01,23.865,0.022,16.758,17.229,11.975,5.87,-5302.75,65.256,2.976,0.0,0.072,0.104,0.222,-1
2008-08-19 05:41:00,20.024,-0.01,51.242,0.022,12.776,12.668,8.11,4.841,-5413.0,69.689,1.172,-0.095,0.073,0.073,0.165,-1
2008-08-19 05:53:00,17.978,-0.009,57.063,0.018,19.976,16.208,17.195,4.67,-5228.25,66.256,2.197,0.52,0.073,0.092,0.203,-1
2008-08-19 05:54:00,17.733,-0.008,23.975,0.038,18.813,11.341,7.213,3.952,-6322.0,66.111,3.207,-0.095,0.126,0.047,0.111,-1
2008-08-19 05:56:00,1.372,-0.009,62.032,0.015,18.034,8.539,9.079,5.458,-6278.5,63.611,4.113,0.426,0.046,0.038,0.082,1
2008-08-19 06:24:00,2.037,-0.006,87.742,0.037,26.256,10.506,9.553,5.657,-5485.25,69.844,1.951,-0.095,0.124,0.062,0.136,-1
2008-08-19 07:43:00,1.422,-0.008,41.088,0.028,31.063,14.056,21.588,4.559,-5429.0,67.622,1.84,-0.52,0.089,0.082,0.177,-1
2008-08-19 07:58:00,22.438,-0.009,48.837,0.018,15.852,12.566,4.509,5.944,-5278.0,68.322,2.032,0.426,0.061,0.07,0.161,1
2008-08-19 08:01:00,14.902,-0.008,34.667,0.018,13.913,6.532,7.796,3.755,-5143.5,63.889,1.369,-0.52,0.061,0.037,0.087,-1
2008-08-19 08:07:00,4.439,-0.013,34.375,0.032,15.641,8.655,3.378,3.643,-6483.75,69.678,5.853,0.0,0.108,0.037,0.083,-1
2008-08-19 08:33:00,-15.31,-0.005,38.929,0.027,25.118,14.092,5.695,4.482,-6338.75,59.989,3.306,-0.568,0.082,0.06,0.138,-1
2008-08-19 09:04:00,27.323,-0.008,34.783,0.021,35.467,9.476,26.32,2.357,-5486.25,66.067,2.129,-0.52,0.075,0.056,0.123,-1
2008-08-19 09:05:00,2.78,-0.007,32.117,0.023,17.118,9.31,4.425,2.961,-6463.25,67.433,3.961,,0.072,0.038,0.091,-1
2008-08-19 10:46:00,18.178,-0.011,38.4,0.015,12.775,8.35,13.374,2.207,-5398.5,63.4,1.642,1.608,0.048,0.043,0.105,-1
2008-08-19 11:11:00,22.374,-0.008,69.926,0.027,21.241,12.503,6.927,5.766,-6294.25,66.711,3.314,1.419,0.082,0.054,0.123,-1
2008-08-19 11:13:00,24.479,-0.007,71.743,0.015,16.038,11.846,4.749,2.891,-6380.0,62.7,5.077,1.419,0.052,0.053,0.116,-1
2008-08-19 11:13:00,20.721,-0.008,63.378,0.046,23.157,13.374,9.992,5.083,-6205.0,65.0,5.01,1.419,0.19,0.058,0.132,-1
2008-08-19 11:28:00,6.204,-0.003,136.1,0.031,19.502,14.664,38.856,5.734,-6349.0,68.2,2.535,1.419,0.102,0.082,0.187,-1
2008-08-19 11:44:00,6.908,-0.008,62.338,0.015,20.677,11.338,5.692,3.371,-6237.25,70.456,4.045,1.419,0.054,0.045,0.111,-1
2008-08-19 11:46:00,23.266,-0.008,75.622,0.032,5.813,4.452,17.633,6.009,-5523.75,66.244,3.029,1.419,0.096,0.033,0.059,-1
2008-08-19 11:57:00,-7.831,-0.01,64.249,0.022,4.397,7.074,20.413,6.103,-5418.0,68.544,1.192,1.419,0.075,0.038,0.092,-1
2008-08-19 11:58:00,0.537,-0.009,36.026,0.021,22.052,6.636,7.04,4.253,-5255.75,66.267,1.757,1.419,0.07,0.041,0.086,-1
2008-08-19 12:30:00,3.114,-0.009,50.0,0.03,24.087,14.206,8.086,4.448,-6406.25,66.444,3.04,0.52,0.099,0.059,0.14,-1
2008-08-19 15:33:00,25.189,-0.01,45.878,0.025,19.601,13.391,6.905,4.732,-6314.0,64.967,6.312,-0.52,0.082,0.054,0.132,-1
2008-08-19 18:12:00,1.23,-0.005,97.512,0.042,16.937,18.892,13.56,3.352,-5745.0,69.956,2.538,0.284,0.153,0.109,0.249,-1
2008-08-19 18:12:00,13.596,-0.01,57.215,0.026,24.82,11.449,6.121,4.558,-6470.0,68.944,3.372,0.804,0.082,0.046,0.111,-1
2008-08-19 18:30:00,-2.927,-0.009,38.554,0.062,19.142,12.124,34.579,6.582,-5324.0,69.4,1.589,0.804,0.233,0.071,0.156,-1
2008-08-19 18:30:00,13.374,-0.009,59.475,0.057,6.404,14.14,10.831,8.915,-5613.5,69.456,2.335,0.804,0.234,0.088,0.18,-1
2008-08-19 19:38:00,27.463,-0.01,36.862,0.053,21.96,11.371,7.699,4.376,-6312.25,72.822,1.836,0.804,0.218,0.046,0.112,-1
2008-08-19 20:53:00,4.999,-0.005,109.29,0.026,16.063,10.132,13.577,4.791,-5516.75,68.144,1.014,,0.079,0.055,0.13,-1
2008-08-20 00:05:00,1.914,-0.003,184.348,0.04,29.382,4.971,9.0,2.201,-5411.25,69.778,2.221,0.0,0.135,0.03,0.064,-1
2008-08-20 01:33:00,9.593,-0.007,52.414,0.034,9.944,9.108,9.723,5.935,-5194.0,68.256,2.373,-0.426,0.109,0.055,0.118,-1
2008-08-20 01:42:00,1.818,-0.007,39.706,0.022,15.864,10.25,10.153,3.177,-5742.25,66.378,2.729,-0.52,0.08,0.062,0.132,-1
2008-08-20 02:13:00,22.694,-0.008,65.158,0.069,21.08,12.351,8.235,5.348,-6253.5,69.933,2.825,0.52,0.228,0.052,0.122,-1
2008-08-20 02:27:00,19.103,-0.008,26.546,0.063,14.474,7.146,25.225,3.463,-5387.5,66.978,2.824,0.52,0.2,0.037,0.089,1
2008-08-20 03:00:00,3.306,-0.008,50.663,0.044,102.503,6.108,6.302,4.405,-5394.75,68.589,1.233,-0.426,0.173,0.033,0.078,-1
2008-08-20 03:12:00,13.681,-0.009,74.788,0.023,21.053,4.785,13.531,5.152,-5033.0,66.456,2.569,0.52,0.09,0.028,0.063,1
2008-08-20 06:36:00,26.914,-0.009,70.49,0.02,20.336,13.136,3.904,4.658,-6404.5,71.978,5.681,0.52,0.067,0.053,0.129,-1
2008-08-20 07:12:00,0.143,-0.006,82.591,0.03,20.97,11.203,19.195,2.601,-5407.75,69.278,2.196,0.426,0.116,0.064,0.152,-1
2008-08-20 08:40:00,14.75,-0.008,105.426,0.03,24.193,13.814,9.202,4.61,-6390.0,68.233,3.474,-0.284,0.09,0.057,0.136,1
2008-08-20 09:17:00,8.095,-0.011,33.842,0.08,20.625,13.2,5.122,4.439,-6383.75,67.467,3.347,0.52,0.281,0.054,0.129,1
2008-08-20 10:26:00,0.887,-0.005,60.302,0.052,27.119,13.239,14.584,5.162,-6280.75,70.078,2.33,0.804,0.219,0.061,0.131,-1
2008-08-20 16:08:00,1.77,-0.009,53.406,0.032,18.065,3.816,35.418,6.49,-5624.25,69.133,1.382,0.284,0.125,0.021,0.048,-1
2008-08-20 16:16:00,21.108,-0.01,47.94,0.062,24.595,13.23,10.58,4.358,-6266.25,66.4,2.804,0.0,0.252,0.053,0.128,-1
2008-08-20 17:09:00,4.633,-0.012,34.462,0.071,21.034,13.295,6.235,7.586,-5469.5,69.322,3.691,-0.047,0.291,0.077,0.173,-1
2008-08-20 17:35:00,10.771,-0.01,43.457,0.053,15.1,13.79,7.212,4.359,-6308.75,65.589,3.644,-0.426,0.187,0.056,0.136,-1
2008-08-20 17:36:00,4.416,-0.008,30.675,0.034,18.387,10.865,8.475,3.219,-6395.5,70.567,2.934,0.047,0.124,0.047,0.108,-1
2008-08-20 18:29:00,4.409,-0.007,71.174,0.015,18.254,10.532,8.062,4.377,-6326.25,67.267,4.795,0.0,0.045,0.049,0.102,-1
2008-08-20 18:35:00,-10.37,-0.012,44.35,0.05,13.921,7.198,3.743,2.141,-6439.0,68.433,3.57,-0.047,0.186,0.034,0.072,-1
2008-08-20 19:20:00,5.809,-0.009,48.696,0.038,,,,,,,,-0.095,0.122,,,1
2008-08-20 20:19:00,2.066,-0.009,41.36,0.033,21.282,15.062,5.747,4.3,-6316.5,69.978,4.353,0.284,0.106,0.062,0.149,-1
2008-08-20 21:33:00,-0.217,-0.014,47.857,0.027,23.154,16.73,10.62,4.379,-6214.5,68.656,4.337,0.284,0.106,0.068,0.166,-1
2008-08-20 21:41:00,4.97,-0.012,73.092,0.034,21.641,11.269,12.117,4.219,-6330.0,69.478,3.328,0.284,0.131,0.046,0.109,-1
2008-08-20 21:58:00,1.404,-0.006,84.12,0.026,21.892,13.128,7.294,4.478,-6224.75,68.844,3.964,0.804,0.077,0.055,0.128,-1
2008-08-20 22:13:00,2.954,-0.011,18.605,0.024,5.827,5.236,17.078,3.779,-5504.25,69.711,2.988,0.047,0.086,0.029,0.068,-1
2008-08-20 22:45:00,-0.569,-0.007,76.655,0.016,22.762,13.674,6.184,4.709,-6420.25,68.767,4.333,0.662,0.052,0.056,0.135,-1
2008-08-20 23:18:00,5.873,-0.007,97.015,0.025,24.524,26.337,9.263,9.309,-5300.5,67.744,1.339,0.284,0.079,0.143,0.336,-1
2008-08-20 23:43:00,14.067,-0.011,23.229,0.042,10.574,7.177,35.887,4.778,-6124.75,66.356,3.697,0.0,0.174,0.042,0.091,1
2008-08-21 02:11:00,-5.602,-0.003,247.343,0.03,10.314,9.228,8.636,5.064,-5558.25,66.922,1.13,0.0,0.112,0.06,0.118,-1
2008-08-21 02:46:00,2.001,-0.01,59.596,0.041,19.741,11.842,58.917,3.427,-5750.5,69.778,2.625,-0.236,0.153,0.048,0.113,-1
2008-08-21 04:22:00,20.81,-0.011,37.427,0.025,12.075,10.274,12.585,3.761,-5307.75,66.022,0.964,0.0,0.085,0.065,0.135,-1
2008-08-21 04:29:00,-5.904,-0.012,11.802,0.027,19.855,10.115,5.905,4.521,-6367.0,67.367,4.664,0.284,0.086,0.045,0.099,-1
2008-08-21 05:06:00,-0.326,-0.013,19.802,0.061,105.963,6.336,12.719,2.766,-5433.0,63.811,1.765,0.0,0.189,0.037,0.081,-1
2008-08-21 05:15:00,4.306,-0.004,112.715,0.041,15.819,4.46,12.387,4.496,-5635.0,65.556,2.245,0.284,0.134,0.027,0.058,-1
2008-08-21 06:10:00,5.081,-0.008,53.492,0.05,28.598,11.135,12.867,3.946,-5222.5,66.889,2.359,0.236,0.168,0.073,0.143,1
2008-08-21 11:22:00,6.336,-0.012,22.642,0.059,15.681,9.283,3.09,3.209,-6310.5,70.178,4.032,0.804,0.246,0.039,0.091,-1
2008-08-21 12:00:00,3.142,-0.01,70.874,0.053,15.142,8.666,4.75,4.052,-6378.5,67.522,5.163,0.426,0.219,0.039,0.084,-1
2008-08-21 12:31:00,22.103,-0.01,60.079,0.038,20.053,13.743,9.092,5.135,-6401.25,71.0,3.429,0.236,0.158,0.057,0.133,-1
2008-08-21 12:33:00,-0.889,-0.013,44.961,0.032,25.159,10.622,12.172,4.51,-5307.5,67.911,4.274,-0.236,0.127,0.064,0.135,-1
2008-08-21 12:43:00,-6.856,-0.012,22.268,0.016,7.528,7.302,17.2,6.242,-5436.0,60.111,1.081,0.662,0.047,0.04,0.095,-1
2008-08-21 12:52:00,2.147,-0.012,49.694,0.029,14.145,11.901,6.56,2.63,-5487.75,59.889,0.596,0.662,0.101,0.074,0.152,-1
2008-08-21 13:11:00,-8.484,-0.005,57.426,0.018,17.303,9.437,7.42,2.88,-6374.75,67.7,4.072,0.284,0.06,0.04,0.093,-1
2008-08-21 13:19:00,3.938,-0.006,94.675,0.031,21.407,8.195,6.381,4.027,-6363.0,67.2,2.95,0.0,0.118,0.035,0.08,-1
2008-08-21 13:29:00,-0.262,-0.008,88.889,0.024,19.553,6.927,29.539,3.591,-5227.0,68.167,2.538,0.804,0.089,0.039,0.089,-1
2008-08-21 13:45:00,-2.794,-0.01,20.12,0.057,17.56,10.087,2.772,2.992,-6457.75,68.578,2.508,0.0,0.224,0.041,0.099,-1
2008-08-21 14:47:00,9.852,-0.004,114.286,0.03,47.127,10.52,18.147,7.373,-5775.0,70.056,4.165,0.047,0.105,0.064,0.135,-1
2008-08-21 15:05:00,3.894,-0.013,72.871,0.049,21.934,10.317,8.672,4.636,-6295.75,67.4,1.288,0.236,0.198,0.042,0.101,-1
2008-08-21 15:06:00,-5.924,-0.01,58.073,0.044,30.998,14.416,12.69,6.717,-5319.25,67.322,2.881,0.757,0.164,0.084,0.186,-1
2008-08-21 15:32:00,4.099,-0.013,27.951,0.029,20.407,9.031,13.758,5.233,-5415.0,66.011,4.571,-0.284,0.114,0.05,0.116,-1
2008-08-21 15:48:00,6.344,-0.013,54.615,0.067,8.278,4.376,17.101,5.024,-5467.5,68.878,5.485,0.426,0.279,0.026,0.056,-1
2008-08-21 15:50:00,0.31,-0.009,62.05,0.125,30.818,19.043,7.953,5.608,-6261.75,69.1,5.32,0.757,0.368,0.078,0.191,-1
2008-08-21 16:19:00,28.514,-0.009,51.163,0.046,16.192,5.802,4.598,3.039,-6393.5,65.911,1.793,0.236,0.177,0.024,0.056,1
2008-08-21 16:36:00,4.021,-0.011,27.991,0.04,18.406,13.09,14.182,3.607,-5493.0,69.356,2.614,-0.236,0.151,0.072,0.167,-1
2008-08-21 17:25:00,3.218,-0.006,87.475,0.04,20.344,8.483,7.575,3.182,-6270.5,67.767,3.048,0.426,0.173,0.036,0.084,-1
2008-08-21 17:44:00,14.389,-0.01,45.66,0.031,23.83,11.174,10.735,4.043,-6362.25,65.489,1.586,0.047,0.115,0.046,0.109,-1
2008-08-21 18:04:00,6.246,-0.008,57.732,0.028,29.616,13.439,2.45,4.598,-6408.75,67.411,2.03,0.236,0.114,0.054,0.131,-1
2008-08-21 18:05:00,3.798,-0.005,83.375,0.036,11.956,11.95,4.394,3.795,-5120.0,71.2,2.069,0.284,0.125,0.076,0.152,1
2008-08-21 18:39:00,-1.956,-0.006,114.526,0.02,25.614,13.765,6.756,5.228,-6453.75,70.189,6.929,-0.236,0.059,0.056,0.137,-1
2008-08-21 18:53:00,-10.604,-0.009,56.497,0.018,21.602,10.951,5.701,5.038,-6402.75,65.5,2.142,0.284,0.074,0.048,0.108,-1
2008-08-21 19:12:00,3.88,-0.01,58.706,0.038,29.025,11.006,10.16,4.077,-6279.5,67.067,3.828,0.757,0.136,0.044,0.108,-1
2008-08-21 19:12:00,5.794,-0.006,104.348,0.017,10.813,12.486,12.566,4.448,-5435.5,68.289,1.987,0.0,0.056,0.069,0.162,-1
2008-08-21 19:46:00,0.802,-0.012,41.846,0.063,16.9,9.721,7.404,3.064,-6253.5,70.4,4.433,0.0,0.255,0.049,0.095,-1
2008-08-21 20:19:00,10.896,-0.009,62.683,0.033,17.609,10.397,4.773,4.274,-5593.75,67.211,1.602,0.757,0.125,0.06,0.133,-1
2008-08-21 20:21:00,15.279,-0.01,64.921,0.035,32.196,16.752,11.607,6.362,-5384.75,67.589,4.807,0.757,0.13,0.095,0.212,-1
2008-08-21 20:37:00,18.717,-0.009,64.0,0.018,25.772,13.762,26.421,3.249,-6915.0,65.544,5.713,-0.284,0.052,0.065,0.137,-1
2008-08-21 21:32:00,3.396,-0.012,57.821,0.016,10.489,11.229,26.756,5.07,-5468.0,67.633,6.154,-0.047,0.059,0.065,0.143,-1
2008-08-21 22:25:00,0.123,-0.009,51.474,0.026,18.755,9.178,3.27,4.49,-6391.5,67.644,5.028,0.236,0.106,0.039,0.089,-1
2008-08-21 22:41:00,3.534,-0.01,68.861,0.043,6.678,6.431,27.101,3.714,-5047.75,68.044,2.711,0.757,0.173,0.036,0.085,-1
2008-08-21 23:08:00,-5.336,-0.009,74.394,0.035,110.484,9.338,5.837,4.608,-5448.0,70.2,4.048,-0.047,0.146,0.057,0.12,-1
2008-08-21 23:27:00,1.436,-0.01,40.891,0.037,13.842,8.502,26.792,4.379,-5046.25,67.111,2.48,0.757,0.15,0.046,0.111,-1
2008-08-21 23:53:00,7.392,-0.007,53.963,0.029,16.381,11.813,73.077,2.514,-4778.5,69.111,2.722,-0.284,0.109,0.07,0.152,-1
2008-08-21 23:57:00,4.802,-0.009,29.388,0.026,16.946,9.823,15.886,4.919,-6408.25,67.878,2.842,-0.284,0.11,0.044,0.097,-1
2008-08-22 00:43:00,-7.416,-0.011,39.551,0.018,40.625,8.707,30.808,4.077,-5631.75,69.122,2.447,0.426,0.061,0.051,0.113,-1
2008-08-22 00:44:00,0.094,-0.006,48.0,0.032,20.178,13.846,29.242,5.211,-6894.25,69.311,4.372,-0.284,0.098,0.06,0.136,-1
2008-08-22 00:47:00,8.907,-0.008,35.783,0.027,13.478,5.528,30.935,5.826,-6203.25,66.656,2.022,-0.284,0.088,0.032,0.07,-1
2008-08-22 01:04:00,5.047,-0.01,48.105,0.047,8.634,5.047,4.808,4.363,-4929.5,70.644,1.301,0.426,0.177,0.03,0.066,1
2008-08-22 01:26:00,26.154,-0.008,45.258,0.028,21.073,11.077,3.904,4.03,-6250.25,64.722,3.937,-0.284,0.123,0.049,0.107,-1
2008-08-22 01:27:00,-2.997,-0.007,51.337,0.022,22.598,13.078,2.476,4.028,-6382.0,69.689,2.5,-0.236,0.09,0.053,0.13,-1
2008-08-22 01:54:00,-5.647,-0.012,26.834,0.025,108.446,16.107,15.211,1.83,-5226.5,68.3,1.236,0.236,0.103,0.088,0.211,-1
2008-08-22 02:01:00,-1.218,-0.006,54.369,0.034,17.633,8.342,5.584,3.197,-6411.75,69.011,2.629,-0.236,0.116,0.036,0.082,-1
2008-08-22 02:25:00,1.226,-0.012,55.061,0.027,19.179,7.71,14.78,5.294,-5453.5,68.189,4.245,-0.284,0.094,0.048,0.099,-1
2008-08-22 02:52:00,2.836,-0.011,52.398,0.043,16.653,10.214,10.282,4.19,-6487.25,68.556,3.762,-0.284,0.168,0.043,0.1,-1
2008-08-22 03:18:00,5.907,-0.005,85.791,0.032,21.765,9.613,5.646,4.384,-6465.0,68.333,1.234,-0.047,0.101,0.04,0.095,-1
2008-08-22 03:58:00,4.503,-0.006,54.03,0.028,12.174,5.618,11.053,8.164,-5220.25,67.678,2.516,-0.284,0.11,0.032,0.074,-1
2008-08-22 04:40:00,3.259,-0.012,49.372,0.026,23.007,12.745,5.922,4.531,-6400.25,65.689,4.819,-0.047,0.091,0.052,0.125,-1
2008-08-22 04:57:00,4.151,-0.004,122.727,0.028,19.804,17.164,8.192,9.023,-5566.75,67.056,2.037,0.236,0.088,0.094,0.223,-1
2008-08-22 05:21:00,4.456,-0.011,59.358,0.029,8.659,5.929,3.536,4.938,-5655.25,67.189,2.76,-0.047,0.128,0.036,0.078,-1
2008-08-22 05:31:00,0.459,-0.005,86.956,0.034,20.911,7.083,5.045,2.358,-6501.5,67.767,4.991,-0.284,0.133,0.031,0.07,-1
2008-08-22 05:32:00,-1.077,-0.011,19.858,0.034,12.146,7.447,4.442,3.648,-5583.25,60.067,0.529,-0.284,0.136,0.049,0.097,-1
2008-08-22 06:00:00,10.996,-0.008,64.62,0.031,17.36,6.216,14.006,4.632,-5633.25,67.489,1.157,-0.047,0.099,0.036,0.079,1
2008-08-22 07:04:00,2.006,-0.014,20.851,0.013,20.945,10.709,4.382,3.773,-6572.75,67.089,3.546,-0.236,0.05,0.044,0.105,-1
2008-08-22 07:17:00,18.4,-0.01,26.766,0.026,20.494,14.155,5.167,4.259,-6271.0,67.889,3.451,0.236,0.109,0.058,0.139,-1
2008-08-22 07:27:00,0.304,-0.014,46.929,0.019,18.305,7.682,6.886,3.534,-6259.5,68.944,2.694,-0.284,0.061,0.031,0.074,-1
2008-08-22 09:29:00,22.764,-0.008,35.583,0.043,21.87,14.522,5.36,6.432,-6418.25,65.578,4.187,-0.284,0.152,0.06,0.147,-1
2008-08-22 09:29:00,6.153,-0.013,54.879,0.018,16.609,4.11,12.283,2.298,-5487.25,68.611,3.361,-0.236,0.064,0.023,0.054,-1
2008-08-22 10:01:00,20.263,-0.008,41.916,0.069,16.568,10.272,4.743,4.131,-6282.5,67.367,1.442,0.236,0.228,0.044,0.102,-1
2008-08-22 10:18:00,-3.09,-0.013,46.565,0.023,9.537,4.316,14.672,4.28,-5595.75,67.244,3.861,-0.284,0.074,0.03,0.056,-1
2008-08-22 10:47:00,1.986,-0.012,39.344,0.017,13.618,7.908,4.673,3.496,-5349.75,68.389,0.755,-0.236,0.062,0.044,0.102,-1
2008-08-22 11:32:00,8.302,-0.01,37.852,0.015,15.515,9.919,7.854,3.907,-5679.0,68.178,2.94,-0.236,0.052,0.055,0.126,-1
2008-08-22 12:13:00,2.996,-0.011,51.441,0.016,22.84,12.946,6.404,4.252,-6449.25,59.4,4.327,-0.047,0.049,0.056,0.127,-1
2008-08-22 12:37:00,4.564,-0.007,64.112,0.052,11.686,6.329,17.423,6.738,-5469.75,66.3,2.922,-0.236,0.197,0.036,0.083,-1
2008-08-22 12:42:00,1.14,-0.013,58.891,0.016,12.286,7.16,13.033,4.644,-5532.25,67.278,4.067,-0.236,0.051,0.039,0.09,-1
2008-08-22 13:22:00,8.817,-0.008,62.439,0.02,21.849,9.764,4.134,4.198,-6554.75,69.622,3.53,0.71,0.075,0.041,0.096,-1
2008-08-22 14:45:00,2.434,-0.013,20.412,0.017,15.638,10.424,7.551,3.923,-6489.25,66.167,5.586,-0.236,0.063,0.043,0.102,-1
2008-08-22 15:25:00,-28.988,-0.005,174.807,0.036,17.104,13.71,8.484,3.501,-5563.5,65.367,0.821,-0.047,0.132,0.083,0.181,-1
2008-08-22 15:39:00,6.6,-0.009,44.321,0.015,17.779,9.536,5.41,4.289,-6506.75,68.944,1.683,0.71,0.051,0.039,0.094,-1
2008-08-22 15:54:00,25.274,-0.011,45.352,0.03,10.823,11.819,14.216,5.911,-5142.25,68.8,3.641,0.71,0.116,0.068,0.153,-1
2008-08-22 19:14:00,-5.718,-0.014,49.025,0.014,16.67,7.99,8.897,4.649,-5282.75,71.233,1.824,-0.236,0.057,0.045,0.101,1
2008-08-22 23:46:00,-1.434,-0.013,31.434,0.014,25.4,12.652,41.756,3.692,-6047.0,70.056,2.245,-0.946,0.054,0.068,0.164,-1
2008-08-22 23:47:00,-0.333,-0.013,73.663,0.017,23.366,10.672,6.818,3.911,-6336.0,69.589,2.738,-0.946,0.054,0.047,0.104,-1
2008-08-22 23:49:00,0.568,-0.012,36.772,0.018,21.692,14.927,35.148,3.73,-5932.0,67.822,5.664,-0.946,0.072,0.088,0.192,-1
2008-08-22 23:56:00,2.952,-0.012,42.418,0.019,23.863,8.506,14.739,6.798,-5427.75,65.711,1.954,-0.946,0.07,0.05,0.112,-1
2008-08-23 02:04:00,7.773,-0.01,73.096,0.016,20.824,10.705,3.34,3.111,-6467.25,68.767,3.282,-0.804,0.069,0.048,0.104,-1
2008-08-23 03:26:00,2.75,-0.009,70.454,0.022,21.432,13.81,7.112,4.806,-6313.25,66.533,2.162,-0.946,0.07,0.057,0.138,-1
2008-08-23 04:50:00,15.81,-0.01,66.667,0.037,14.607,12.966,4.441,3.539,-5471.25,67.956,1.517,-0.946,0.123,0.077,0.166,-1
2008-08-23 04:52:00,3.488,-0.014,18.701,0.012,18.512,16.883,15.528,5.239,-5493.25,70.956,4.819,-0.804,0.043,0.102,0.224,-1
2008-08-23 05:57:00,1.267,-0.006,37.022,0.028,21.265,12.284,6.541,5.486,-6374.75,68.656,2.315,-0.804,0.104,0.05,0.121,-1
2008-08-23 05:57:00,4.786,-0.008,55.04,0.025,15.345,8.647,8.603,3.808,-6381.5,66.7,3.002,-0.804,0.088,0.037,0.085,-1
2008-08-23 05:58:00,14.734,-0.009,68.061,0.023,14.443,7.086,9.561,6.079,-5313.5,69.656,2.863,-0.804,0.078,0.043,0.092,-1
2008-08-23 05:58:00,-8.396,-0.007,59.206,0.039,31.598,14.502,18.14,5.968,-5474.25,59.978,3.759,-0.804,0.15,0.075,0.182,-1
2008-08-23 09:24:00,1.221,-0.011,33.751,0.022,25.519,6.251,11.455,3.23,-5587.25,68.711,2.482,1.088,0.068,0.035,0.082,-1
2008-08-23 12:58:00,1.034,-0.012,35.664,0.018,16.72,8.113,4.759,1.252,-5421.5,67.511,1.541,1.088,0.066,0.048,0.106,-1
2008-08-23 13:02:00,1.064,-0.011,35.698,0.014,18.629,12.278,6.09,5.558,-6256.5,69.822,3.558,1.088,0.057,0.05,0.121,-1
2008-08-23 15:10:00,1.617,-0.013,36.015,0.023,17.02,10.163,3.171,2.21,-6370.75,70.044,4.118,1.088,0.101,0.046,0.1,-1
2008-08-23 15:29:00,2.417,-0.011,40.495,0.014,102.525,3.27,9.131,3.788,-5311.5,70.389,1.359,1.088,0.052,0.019,0.043,1
2008-08-24 02:32:00,-7.156,-0.009,62.745,0.018,14.164,10.317,11.382,5.229,-6264.0,69.244,5.304,0.0,0.059,0.044,0.1,-1
2008-08-24 04:00:00,0.699,-0.01,84.928,0.024,11.904,9.98,30.606,6.426,-4750.75,66.4,4.307,0.0,0.077,0.06,0.128,-1
2008-08-24 07:12:00,2.596,-0.008,66.995,0.022,28.972,3.699,20.681,4.978,-5879.75,68.933,2.828,0.0,0.079,0.022,0.047,-1
2008-08-24 07:14:00,-0.409,-0.008,44.147,0.022,26.889,12.354,5.43,8.247,-5433.25,68.233,4.478,0.0,0.065,0.068,0.161,-1
2008-08-24 10:09:00,-5.024,-0.003,113.333,0.031,19.16,11.474,4.439,4.198,-6443.5,62.978,4.333,1.088,0.104,0.048,0.115,-1
2008-08-24 10:14:00,-0.724,-0.007,47.297,0.019,17.779,2.25,11.593,4.684,-5468.75,69.911,2.17,0.0,0.085,0.013,0.029,-1
2008-08-24 13:03:00,1.948,-0.007,91.986,0.038,14.578,14.193,16.801,4.176,-5410.5,69.011,4.279,0.0,0.121,0.087,0.18,1
2008-08-25 09:29:00,1.326,-0.009,51.296,0.012,27.529,14.418,11.638,5.765,-6375.75,66.822,2.107,0.0,0.036,0.065,0.144,-1
2008-08-27 00:46:00,-6.863,-0.012,32.332,0.026,17.228,6.692,5.98,4.229,-6421.0,68.311,3.758,-0.946,0.091,0.028,0.065,-1
2008-08-27 11:38:00,7.059,-0.012,44.49,0.014,24.42,14.464,5.332,4.692,-6507.5,68.222,2.064,-0.52,0.046,0.06,0.142,-1
2008-08-27 12:22:00,2.212,-0.012,67.884,0.013,15.067,7.496,2.043,1.764,-6461.0,70.467,4.068,-0.52,0.051,0.034,0.074,-1
2008-08-27 13:35:00,7.937,-0.01,46.659,0.012,20.088,3.624,10.607,3.449,-5411.5,70.544,2.831,-0.52,0.039,0.022,0.048,-1
2008-08-27 14:18:00,0.874,-0.012,47.451,0.012,24.336,12.956,6.241,4.194,-6409.5,70.167,3.096,-0.52,0.046,0.052,0.128,-1
2008-08-27 17:14:00,3.99,-0.011,51.643,0.011,11.781,1.35,14.243,4.663,-5546.5,70.156,1.511,0.804,0.052,0.008,0.017,-1
2008-08-27 22:48:00,4.446,-0.01,66.841,0.015,25.991,13.482,5.366,5.47,-6466.25,67.056,3.06,-0.662,0.046,0.056,0.133,-1
2008-08-27 22:58:00,168.146,-0.01,68.75,0.013,4.975,8.005,15.028,5.679,-5430.0,68.089,2.001,-0.662,0.052,0.047,0.103,-1
2008-08-28 03:03:00,-0.284,-0.008,60.568,0.026,18.258,15.028,6.135,3.778,-5183.0,67.044,3.233,-0.142,0.108,0.088,0.196,-1
2008-08-28 03:04:00,2.061,-0.008,77.707,0.012,10.921,6.608,7.734,4.811,-5353.25,67.789,2.81,-0.142,0.052,0.035,0.085,-1
2008-08-28 03:29:00,1.737,-0.008,53.495,0.027,21.52,15.564,41.882,8.735,-5763.75,67.444,2.682,-0.142,0.086,0.086,0.203,-1
2008-08-28 03:38:00,3.119,-0.012,49.847,0.019,11.366,7.338,7.562,4.361,-5474.75,67.356,1.969,-0.142,0.064,0.044,0.096,-1
2008-08-28 03:45:00,0.282,-0.01,49.246,0.026,3.634,8.635,30.67,4.115,-6211.25,65.133,2.718,-0.142,0.095,0.051,0.108,-1
2008-08-28 04:10:00,4.06,-0.01,73.575,0.017,22.939,13.208,4.782,3.457,-6252.75,68.656,3.648,-0.047,0.062,0.059,0.13,-1
2008-08-28 04:20:00,-0.318,-0.003,148.988,0.027,10.465,9.558,6.694,6.932,-5288.5,69.189,1.157,-0.662,0.091,0.056,0.125,-1
2008-08-28 04:54:00,-0.064,-0.013,32.453,0.03,14.677,6.382,16.272,4.692,-5328.0,66.933,2.912,-0.047,0.107,0.044,0.086,-1
2008-08-28 05:00:00,36.368,-0.01,68.28,0.016,20.783,11.423,9.282,4.863,-6334.5,69.8,4.783,-0.662,0.057,0.047,0.112,-1
2008-08-28 06:15:00,1.029,-0.013,46.182,0.021,8.982,11.017,7.424,6.806,-5711.0,67.267,1.888,-0.047,0.076,0.059,0.137,-1
2008-08-28 06:39:00,1.959,-0.014,20.567,0.017,9.381,1.17,14.517,4.071,-5662.25,70.778,2.935,0.757,0.073,0.007,0.015,-1
2008-08-28 06:56:00,1.637,-0.013,24.615,0.024,21.417,10.62,6.577,4.191,-6310.25,67.489,4.704,-0.047,0.095,0.045,0.105,-1
2008-08-28 07:40:00,-1.221,-0.013,26.242,0.023,14.968,9.815,23.001,4.906,-5686.75,70.511,2.402,-0.047,0.078,0.052,0.126,-1
2008-08-28 07:51:00,8.844,-0.014,31.774,0.024,4.787,4.164,16.733,4.654,-5402.5,68.789,1.016,-0.142,0.098,0.025,0.056,-1
2008-08-28 08:41:00,-1.126,-0.009,25.981,0.014,18.836,13.282,6.529,5.784,-6539.75,70.767,2.562,-0.284,0.057,0.054,0.13,-1
2008-08-28 09:46:00,2.941,-0.012,35.066,0.028,24.56,12.638,6.307,3.594,-6389.5,68.289,3.999,-0.142,0.117,0.051,0.123,-1
2008-08-28 09:49:00,-4.484,-0.01,74.639,0.027,25.817,12.158,8.983,4.774,-6468.0,66.156,2.064,-0.473,0.114,0.051,0.119,-1
2008-08-28 10:15:00,8.142,-0.01,63.602,0.011,13.997,7.443,22.321,5.226,-5649.5,70.611,3.467,-0.047,0.04,0.04,0.094,-1
2008-08-28 10:28:00,9.486,-0.013,39.118,0.034,24.356,13.542,6.825,5.461,-6505.5,70.0,2.35,-0.142,0.136,0.06,0.134,-1
2008-08-28 10:32:00,-7.507,-0.011,37.375,0.027,10.621,11.275,64.945,3.036,-4599.25,68.211,2.254,-0.142,0.086,0.074,0.149,-1
2008-08-28 11:19:00,3.826,-0.012,27.887,0.02,19.292,4.532,21.501,4.354,-5330.0,69.544,4.436,-0.473,0.067,0.026,0.06,-1
2008-08-28 12:44:00,10.236,-0.011,46.296,0.016,21.858,12.841,2.881,4.094,-6456.75,71.311,1.821,-0.284,0.067,0.052,0.127,-1
2008-08-28 14:48:00,1.022,-0.012,35.574,0.017,25.547,14.199,7.735,5.413,-6347.75,71.422,4.076,-0.71,0.069,0.059,0.14,-1
2008-08-28 15:19:00,3.866,-0.01,56.325,0.032,26.342,13.783,6.582,4.427,-6426.5,73.022,3.336,0.757,0.109,0.061,0.138,-1
2008-08-28 16:01:00,-6.054,-0.011,17.799,0.019,23.875,12.756,8.786,6.782,-6624.0,69.967,3.505,-0.284,0.062,0.052,0.126,-1
2008-08-28 16:43:00,2.874,-0.011,31.964,0.026,10.162,6.34,14.306,5.05,-5305.5,67.933,1.866,0.757,0.103,0.039,0.084,-1
2008-08-28 16:52:00,-0.81,0.002,253.793,0.029,26.781,14.037,4.612,5.155,-6310.25,69.422,3.793,-0.662,0.114,0.057,0.139,-1
2008-08-28 17:21:00,8.145,-0.011,58.514,0.018,25.896,11.209,8.523,5.2,-6406.25,69.311,3.593,-0.473,0.066,0.051,0.111,-1
2008-08-28 17:27:00,11.486,-0.011,29.932,0.015,21.144,11.825,3.744,5.038,-6329.75,67.267,2.679,-0.71,0.046,0.048,0.116,-1
2008-08-28 17:32:00,1.474,-0.014,71.972,0.04,8.211,2.518,43.699,3.062,-5874.25,68.2,2.402,0.757,0.128,0.016,0.033,-1
2008-08-28 18:05:00,2.013,-0.012,28.688,0.023,8.082,7.955,1.649,4.55,-5459.0,66.456,3.417,-0.142,0.081,0.045,0.106,-1
2008-08-28 18:10:00,0.91,-0.013,30.16,0.013,45.932,9.712,4.526,2.805,-5545.75,68.767,4.163,-0.71,0.051,0.052,0.123,-1
2008-08-28 18:15:00,-1.512,-0.007,67.897,0.026,19.766,11.972,11.179,3.98,-6225.75,68.978,4.538,-0.71,0.089,0.048,0.117,-1
2008-08-28 18:25:00,0.909,-0.007,54.701,0.025,14.906,10.198,5.143,3.527,-6260.75,69.022,4.201,-0.284,0.105,0.041,0.098,-1
2008-08-28 18:47:00,0.619,-0.008,71.028,0.023,5.576,9.299,16.71,5.456,-5607.25,68.122,3.374,-0.946,0.098,0.049,0.118,-1
2008-08-28 18:57:00,3.366,-0.01,35.322,0.014,64.487,5.209,29.562,1.543,-5723.5,68.467,4.008,-0.71,0.047,0.033,0.066,-1
2008-08-28 20:20:00,-2.63,-0.009,67.742,0.022,13.077,3.193,17.928,3.143,-5628.0,70.444,2.559,-0.71,0.072,0.017,0.041,-1
2008-08-28 20:39:00,1.004,-0.011,49.55,0.026,18.099,11.268,11.746,6.346,-5669.75,69.711,3.97,0.757,0.11,0.064,0.144,1
2008-08-28 21:03:00,1.153,-0.012,60.106,0.016,26.052,11.148,10.575,4.67,-6326.0,66.633,1.697,-0.71,0.058,0.048,0.109,-1
2008-08-28 21:52:00,0.206,-0.009,61.956,0.021,34.545,15.688,13.53,5.101,-6371.0,69.222,2.431,-0.047,0.073,0.065,0.155,-1
2008-08-28 22:57:00,-3.898,-0.011,35.254,0.022,23.296,14.77,6.053,3.409,-6344.25,65.1,2.739,0.757,0.069,0.059,0.145,-1
2008-08-28 23:40:00,3.276,-0.008,81.333,0.033,13.804,13.295,6.101,3.513,-5409.0,67.1,2.223,-0.662,0.13,0.078,0.172,-1
2008-08-28 23:42:00,-4.037,-0.011,52.667,0.027,8.76,8.104,16.906,6.101,-5246.75,63.689,2.627,-0.662,0.083,0.043,0.104,-1
2008-08-29 00:49:00,0.162,-0.012,39.784,0.018,8.935,8.538,4.335,4.665,-5697.5,65.822,0.853,-0.473,0.076,0.047,0.112,-1
2008-08-29 01:06:00,-3.944,-0.011,49.655,0.024,29.645,12.008,16.719,5.117,-5933.25,69.989,2.452,-0.662,0.083,0.07,0.154,-1
2008-08-29 02:38:00,-1.252,-0.009,44.993,0.016,19.546,10.341,5.554,3.189,-6338.25,69.844,3.832,-0.568,0.042,0.044,0.103,-1
2008-08-29 02:39:00,1.366,-0.01,35.6,0.023,21.177,13.263,5.622,4.438,-6350.25,65.956,2.454,-0.662,0.1,0.055,0.132,-1
2008-08-29 03:27:00,5.65,-0.011,33.371,0.016,93.074,10.038,12.069,4.415,-5278.0,68.133,3.805,0.757,0.07,0.056,0.132,-1
2008-08-29 03:33:00,7.826,-0.006,70.175,0.03,10.658,4.285,13.446,5.41,-5444.0,69.2,2.125,-0.662,0.12,0.024,0.056,-1
2008-08-29 03:46:00,-1.193,-0.012,63.636,0.022,13.296,8.11,15.411,4.823,-5561.0,68.922,2.082,-0.662,0.073,0.048,0.105,-1
2008-08-29 04:55:00,5.499,-0.01,29.454,0.017,28.497,19.753,29.504,7.242,-5192.5,67.5,4.458,-0.568,0.056,0.114,0.248,1
2008-08-29 04:56:00,-0.031,-0.014,40.839,0.03,23.826,15.302,7.429,5.16,-6461.0,68.5,3.353,-0.568,0.118,0.061,0.15,-1
2008-08-29 05:16:00,0.509,-0.01,49.938,0.03,14.068,10.621,5.979,4.61,-6305.5,67.611,4.484,-0.047,0.104,0.046,0.103,-1
2008-08-29 05:54:00,,-0.009,53.121,0.026,14.183,3.723,18.291,2.783,-5871.75,69.1,1.585,-0.142,0.103,0.026,0.048,-1
2008-08-29 05:54:00,,-0.012,26.172,0.017,14.374,5.67,6.884,3.519,-6624.5,71.333,3.363,-0.662,0.063,0.026,0.055,-1
2008-08-29 05:57:00,0.576,-0.013,31.841,0.018,20.536,15.416,28.919,5.081,-6736.0,68.222,6.143,-0.142,0.059,0.067,0.15,-1
2008-08-29 05:57:00,0.257,-0.01,57.971,0.02,9.686,6.199,20.125,5.251,-5232.25,67.289,2.707,-0.568,0.065,0.036,0.08,-1
2008-08-29 06:35:00,9.283,-0.008,38.39,0.024,14.451,11.435,13.774,2.633,-5234.5,65.578,2.89,-0.568,0.069,0.075,0.149,-1
2008-08-29 06:37:00,-1.048,-0.013,43.846,0.025,19.802,10.364,6.029,3.928,-6319.75,68.389,3.03,0.0,0.103,0.043,0.101,-1
2008-08-29 06:40:00,5.631,-0.01,26.943,0.026,26.355,15.811,15.349,3.457,-5121.0,69.389,2.747,-0.142,0.094,0.087,0.207,-1
2008-08-29 06:45:00,13.371,-0.011,46.491,0.012,19.195,13.333,24.019,6.119,-5229.25,68.911,3.82,-0.568,0.046,0.081,0.173,1
2008-08-29 06:54:00,5.174,-0.01,28.155,0.019,24.935,12.547,3.444,4.502,-6183.75,67.922,4.747,0.0,0.066,0.051,0.124,-1
2008-08-29 07:18:00,4.837,-0.008,119.174,0.019,8.742,7.837,4.159,5.958,-5506.25,67.778,4.304,0.0,0.064,0.046,0.103,-1
2008-08-29 07:22:00,6.369,-0.01,74.515,0.02,20.636,12.26,15.616,8.274,-5622.5,71.444,3.738,-0.568,0.08,0.071,0.158,-1
2008-08-29 07:24:00,0.282,-0.013,34.884,0.028,8.219,7.407,21.125,1.951,-5046.25,70.778,1.507,-0.662,0.096,0.043,0.094,-1
2008-08-29 07:33:00,-0.896,-0.01,59.823,0.02,35.73,19.109,27.685,2.869,-5530.0,70.189,1.832,0.0,0.064,0.112,0.238,-1
2008-08-29 07:33:00,-0.174,-0.01,63.324,0.018,23.213,8.638,6.184,4.875,-6339.0,66.411,3.591,-0.142,0.057,0.039,0.084,-1
2008-08-29 08:10:00,7.071,-0.012,34.709,0.02,22.361,11.077,6.036,3.464,-6626.5,70.644,1.415,-0.568,0.068,0.048,0.108,-1
2008-08-29 08:20:00,0.454,-0.006,90.802,0.019,25.098,13.558,25.168,4.556,-7148.0,66.044,3.52,0.0,0.083,0.055,0.131,-1
2008-08-29 08:41:00,2.252,-0.011,57.723,0.024,26.191,14.507,11.563,4.345,-6235.25,68.7,6.189,-0.142,0.081,0.058,0.143,-1
2008-08-29 08:45:00,0.999,-0.008,55.505,0.022,14.888,12.062,6.77,4.147,-6233.5,65.644,3.356,0.0,0.068,0.049,0.118,-1
2008-08-29 12:21:00,2.369,-0.011,44.743,0.025,12.303,9.937,18.889,5.448,-5394.75,69.067,2.024,-0.142,0.1,0.058,0.126,-1
2008-08-29 12:22:00,3.43,-0.011,48.924,0.018,16.196,12.736,3.778,4.324,-6273.75,69.611,2.83,-0.662,0.075,0.052,0.125,-1
2008-08-29 12:37:00,2.376,-0.015,28.547,0.032,21.417,7.928,7.364,5.034,-6368.5,68.111,3.138,-0.142,0.125,0.032,0.077,-1
2008-08-29 13:04:00,1.168,-0.012,56.6,0.023,20.513,11.599,21.826,5.609,-5319.25,68.6,1.691,-0.142,0.077,0.07,0.15,-1
2008-08-29 13:14:00,0.169,-0.011,42.714,0.028,15.797,9.126,5.592,3.897,-6366.0,68.178,2.498,-0.52,0.088,0.043,0.09,-1
2008-08-29 13:27:00,2.649,-0.011,37.358,0.023,23.963,11.369,10.157,3.672,-5651.25,69.211,1.592,0.0,0.077,0.066,0.147,-1
2008-08-29 13:49:00,3.138,-0.011,37.802,0.026,75.025,10.683,6.077,4.445,-5397.5,68.589,2.386,-0.52,0.077,0.07,0.136,-1
2008-08-29 14:11:00,4.436,-0.01,69.359,0.017,11.631,9.339,11.19,6.902,-5451.25,68.278,4.185,-0.662,0.06,0.05,0.118,-1
2008-08-29 14:18:00,2.104,-0.012,44.625,0.031,21.247,13.436,8.147,4.397,-6358.25,69.167,5.672,-0.52,0.102,0.054,0.131,-1
2008-08-29 14:30:00,3.982,-0.01,45.503,0.016,23.335,9.593,15.682,4.543,-5496.75,66.811,3.273,0.047,0.053,0.066,0.125,-1
2008-08-29 15:01:00,2.818,-0.01,53.265,0.024,16.475,8.119,6.645,3.757,-6335.25,69.933,2.088,0.0,0.089,0.036,0.079,-1
2008-08-29 15:43:00,-0.121,-0.008,67.327,0.023,31.173,5.93,38.942,5.405,-6170.75,67.967,1.972,-0.142,0.079,0.033,0.077,-1
2008-08-29 16:26:00,1.178,-0.007,90.511,0.023,10.932,11.631,18.502,5.476,-5372.25,68.222,3.288,-0.142,0.078,0.064,0.146,-1
2008-08-29 20:21:00,0.166,-0.012,41.925,0.035,16.892,12.654,25.581,8.049,-5472.75,67.122,3.824,-0.52,0.1,0.078,0.167,-1
2008-08-29 20:49:00,4.92,-0.011,35.996,0.019,20.906,13.822,6.869,3.048,-5677.75,67.178,2.647,0.0,0.07,0.083,0.179,-1
2008-08-29 21:25:00,-1.323,-0.007,46.496,0.017,20.991,9.372,11.814,4.392,-6424.75,67.744,1.566,-1.655,0.066,0.04,0.091,-1
2008-08-29 21:46:00,-0.784,-0.011,66.079,0.032,21.343,13.249,4.6,4.39,-6369.75,70.1,4.918,-0.095,0.138,0.055,0.131,-1
2008-08-29 21:54:00,0.266,-0.014,32.088,0.012,21.217,12.094,9.923,4.999,-6328.75,68.089,2.552,-1.655,0.043,0.05,0.119,-1
2008-08-29 22:11:00,-3.686,-0.011,36.036,0.029,24.679,12.601,5.774,5.456,-6234.5,69.789,1.893,-0.095,0.124,0.053,0.125,-1
2008-08-29 22:45:00,-1.761,-0.009,22.44,0.019,3.058,8.192,30.174,7.846,-5962.0,69.044,2.715,-0.095,0.062,0.05,0.106,-1
2008-08-29 22:49:00,2.969,-0.009,67.039,0.014,12.09,7.4,11.493,5.432,-5490.25,65.656,2.996,-0.095,0.052,0.04,0.095,-1
2008-08-29 22:56:00,-1.798,-0.017,32.138,0.016,19.617,12.097,5.355,4.455,-6330.25,67.611,3.936,0.0,0.05,0.05,0.119,-1
2008-08-30 00:01:00,-0.374,-0.011,62.911,0.013,25.561,9.297,11.081,6.448,-5135.0,68.767,3.264,-1.655,0.049,0.054,0.123,-1
2008-08-30 00:05:00,4.907,-0.007,68.174,0.016,17.33,12.74,9.922,4.062,-6188.0,66.144,4.259,-0.095,0.065,0.052,0.126,-1
2008-08-30 00:57:00,1.49,-0.01,50.251,0.021,21.874,13.384,8.941,4.616,-6475.5,69.089,4.726,-0.095,0.061,0.06,0.133,-1
2008-08-30 01:29:00,3.249,-0.011,37.969,0.025,10.318,9.635,7.197,6.041,-5558.0,66.522,2.683,-1.655,0.095,0.051,0.124,-1
2008-08-30 02:08:00,-1.093,-0.011,48.513,0.013,21.06,12.075,8.072,3.966,-6380.0,67.3,5.216,0.236,0.043,0.049,0.119,-1
2008-08-30 02:22:00,0.254,-0.013,69.116,0.026,11.605,5.127,5.328,2.268,-5630.75,65.2,1.563,-0.095,0.094,0.029,0.067,-1
2008-08-30 02:32:00,-0.704,-0.012,39.289,0.025,11.586,4.03,5.609,5.44,-5473.25,68.6,2.374,0.236,0.077,0.025,0.053,-1
2008-08-30 02:39:00,3.73,-0.011,20.957,0.015,20.07,18.928,11.779,4.949,-5611.5,66.0,2.368,-0.52,0.049,0.104,0.249,-1
2008-08-30 02:50:00,-0.417,-0.011,34.18,0.025,21.864,13.019,8.32,4.944,-6382.5,68.8,3.586,-0.095,0.09,0.052,0.127,-1
2008-08-30 03:10:00,1.446,-0.012,65.116,0.028,4.322,6.048,12.795,5.748,-5666.25,68.633,1.087,-0.52,0.12,0.041,0.078,-1
2008-08-30 04:20:00,4.836,-0.01,47.12,0.015,11.721,7.463,10.337,4.227,-5523.75,70.9,3.183,0.331,0.063,0.044,0.097,-1
2008-08-30 04:24:00,-2.666,-0.009,72.222,0.014,13.437,9.462,3.705,3.804,-6477.0,70.222,1.158,0.331,0.062,0.042,0.094,-1
2008-08-30 04:55:00,-0.346,-0.015,45.734,0.032,22.078,14.376,27.106,5.613,-5733.0,68.0,2.181,0.236,0.138,0.081,0.183,-1
2008-08-30 05:05:00,-6.606,-0.01,36.715,0.014,60.843,10.101,10.167,4.65,-5242.25,68.578,3.719,-1.655,0.046,0.06,0.133,-1
2008-08-30 05:05:00,-0.019,-0.013,18.13,0.015,94.624,16.501,16.567,3.111,-5336.0,65.911,2.094,-0.095,0.046,0.09,0.212,-1
2008-08-30 05:38:00,1.484,-0.015,62.329,0.03,13.7,16.316,19.682,4.355,-5472.0,69.067,1.491,0.757,0.122,0.095,0.213,-1
2008-08-30 05:51:00,8.986,-0.008,76.877,0.017,16.648,15.073,12.907,8.54,-5361.5,63.844,3.488,-0.52,0.063,0.086,0.201,-1
2008-08-30 07:50:00,-0.95,-0.014,61.972,0.022,19.551,14.053,5.393,4.803,-6341.25,72.311,3.571,-0.52,0.075,0.058,0.14,-1
2008-08-30 07:54:00,2.862,-0.01,55.377,0.031,22.286,11.91,10.076,4.91,-6222.5,66.733,3.317,0.331,0.128,0.053,0.116,-1
2008-08-30 08:10:00,-2.076,-0.014,33.245,0.028,25.643,14.546,9.072,5.085,-6305.25,67.411,4.691,-1.655,0.116,0.059,0.142,-1
2008-08-30 08:29:00,3.36,-0.014,45.873,0.022,9.158,13.164,20.139,4.96,-5412.5,67.367,2.36,0.757,0.086,0.076,0.168,-1
2008-08-30 08:42:00,4.043,-0.009,69.705,0.018,74.192,11.47,3.703,9.092,-5320.5,66.933,2.026,-0.095,0.062,0.073,0.151,-1
2008-08-30 08:53:00,2.862,-0.013,29.4,0.028,21.011,8.352,9.143,5.011,-5304.5,68.856,2.359,-0.52,0.097,0.05,0.109,-1
2008-08-30 09:13:00,-1.991,-0.011,40.089,0.015,13.415,9.794,6.831,4.113,-5387.5,71.544,1.049,0.331,0.063,0.051,0.125,-1
2008-08-30 09:37:00,0.766,-0.009,63.687,0.016,18.567,10.431,6.428,3.372,-6300.25,69.756,5.723,-0.52,0.052,0.047,0.104,-1
2008-08-30 09:45:00,1.924,-0.012,54.91,0.014,12.471,10.398,19.214,1.763,-5803.0,65.378,2.487,0.236,0.048,0.056,0.134,1
2008-08-30 10:15:00,-0.197,-0.006,48.915,0.014,21.914,8.045,26.393,5.565,-5766.75,66.944,1.664,0.757,0.048,0.042,0.103,-1
2008-08-30 10:16:00,-1.986,-0.015,25.397,0.02,16.486,8.853,18.521,5.531,-5329.0,68.189,2.961,0.757,0.074,0.056,0.114,-1
2008-08-30 11:12:00,2.472,-0.011,37.71,0.016,12.358,6.306,20.518,8.136,-5410.0,69.422,5.154,-0.52,0.053,0.036,0.082,-1
2008-08-30 11:14:00,3.713,0.001,451.485,0.02,17.211,11.937,10.468,3.967,-6180.75,69.911,3.147,-1.655,0.092,0.054,0.116,-1
2008-08-30 11:18:00,-0.66,-0.008,63.85,0.019,15.01,11.909,13.768,4.461,-5461.75,66.5,3.367,0.757,0.067,0.079,0.153,-1
2008-08-30 11:57:00,-1.057,-0.012,62.762,0.024,22.442,12.011,18.356,6.515,-5055.5,68.9,2.825,-0.52,0.068,0.065,0.155,-1
2008-08-30 14:10:00,11.291,-0.011,39.506,0.021,19.3,7.051,8.609,3.566,-5343.0,67.422,1.305,-0.71,0.091,0.038,0.092,1
2008-08-30 14:23:00,-1.957,-0.011,55.017,0.024,20.312,9.294,13.299,1.994,-5541.75,70.811,1.918,-0.142,0.069,0.057,0.123,-1
2008-08-30 14:37:00,-0.448,-0.006,107.099,0.019,15.825,4.092,13.213,3.81,-5782.25,71.411,2.924,-0.142,0.069,0.027,0.053,-1
2008-08-30 15:06:00,-3.932,-0.011,35.017,0.013,18.899,7.902,8.526,9.179,-5254.5,67.378,3.127,0.757,0.06,0.05,0.103,-1
2008-08-30 15:16:00,-2.336,-0.009,49.093,0.065,22.257,11.795,7.393,5.251,-6208.75,68.956,3.439,0.757,0.256,0.049,0.116,-1
2008-08-30 15:37:00,-0.217,-0.014,29.091,0.022,7.361,9.322,19.282,5.064,-5409.25,68.744,4.513,-1.655,0.101,0.056,0.118,-1
2008-08-30 15:50:00,-0.646,-0.011,49.661,0.025,16.311,8.745,22.341,3.11,-5926.25,66.256,2.197,0.757,0.074,0.05,0.111,-1
2008-08-30 15:57:00,7.24,-0.009,87.252,0.028,4.28,8.212,13.707,3.233,-5551.75,68.467,2.423,-0.142,0.11,0.05,0.107,-1
2008-08-30 16:24:00,-2.882,-0.009,59.514,0.015,13.745,3.714,47.961,5.325,-5389.75,68.167,2.867,-0.52,0.074,0.019,0.047,-1
2008-08-30 17:05:00,-0.941,-0.007,70.869,0.012,8.23,5.362,9.194,3.923,-5536.0,68.0,4.334,0.757,0.05,0.035,0.071,-1
2008-08-30 17:49:00,2.286,-0.006,42.02,0.016,12.944,2.786,34.087,3.141,-6257.5,70.267,1.87,1.04,0.057,0.017,0.035,-1
2008-08-30 19:21:00,0.723,-0.015,37.271,0.014,20.412,9.505,6.195,3.857,-6585.75,67.478,0.63,-0.52,0.049,0.041,0.094,-1
2008-08-30 19:27:00,4.907,-0.013,28.18,0.034,6.835,1.706,20.496,3.187,-5484.0,66.578,2.851,-0.52,0.124,0.01,0.022,-1
2008-08-30 20:11:00,2.28,-0.012,26.811,0.016,19.316,10.483,7.636,3.485,-6495.25,67.578,4.783,-0.52,0.066,0.046,0.101,-1
2008-08-30 20:53:00,0.952,-0.007,67.725,0.02,12.404,13.835,15.318,4.364,-5353.0,67.944,2.077,-0.142,0.059,0.076,0.184,-1
2008-08-30 21:53:00,1.284,-0.012,28.333,0.032,16.382,11.671,6.641,3.397,-6279.0,70.689,4.881,-0.52,0.133,0.047,0.114,-1
2008-08-30 23:51:00,0.706,-0.01,43.523,0.018,22.42,8.434,1.675,3.23,-6506.5,70.711,1.52,-0.52,0.057,0.037,0.082,-1
2008-08-31 02:57:00,2.687,-0.015,48.444,0.017,16.949,15.966,7.013,3.643,-5761.0,68.556,2.758,0.757,0.065,0.089,0.209,-1
2008-08-31 04:46:00,15.307,-0.011,69.885,0.023,27.728,16.485,7.9,4.306,-5518.75,69.589,4.755,-0.52,0.079,0.09,0.208,1
2008-08-31 05:05:00,7.976,-0.01,50.125,0.015,14.029,8.226,30.095,4.441,-5160.25,68.267,1.883,0.236,0.061,0.048,0.105,-1
2008-08-31 09:11:00,-0.659,-0.002,249.711,0.024,12.288,9.443,10.609,5.448,-5542.5,71.956,1.87,-0.142,0.098,0.05,0.122,-1
2008-08-31 10:36:00,-2.461,-0.009,66.214,0.021,19.932,7.141,5.568,2.816,-6484.0,71.667,1.842,-0.142,0.062,0.031,0.07,-1
2008-08-31 10:59:00,1.817,-0.016,50.744,0.044,20.337,13.264,5.685,2.959,-6349.75,67.989,5.651,0.236,0.153,0.053,0.128,1
2008-08-31 10:59:00,-1.139,-0.008,69.12,0.02,10.57,7.782,10.365,6.528,-5750.0,69.911,3.651,-0.142,0.073,0.041,0.098,-1
2008-08-31 11:03:00,-4.152,-0.01,73.008,0.027,14.307,5.27,4.489,4.66,-5613.5,67.844,1.802,-0.142,0.1,0.028,0.068,-1
2008-08-31 15:09:00,-0.694,-0.009,55.021,0.02,57.645,4.33,4.224,3.854,-5279.5,67.0,5.006,-0.142,0.062,0.029,0.055,-1
2008-08-31 15:13:00,0.189,-0.015,42.612,0.027,24.143,12.739,5.073,3.928,-6466.0,69.311,3.529,-0.568,0.095,0.051,0.125,-1
2008-08-31 16:32:00,2.39,-0.01,68.783,0.025,15.771,8.578,11.62,5.334,-5172.25,68.644,3.181,-0.142,0.089,0.053,0.113,-1
2008-08-31 20:24:00,-0.913,-0.009,64.534,0.015,26.898,14.322,2.342,4.25,-6447.0,68.656,3.297,-0.142,0.049,0.058,0.14,-1
2008-08-31 21:04:00,0.941,-0.008,57.971,0.023,13.601,1.596,20.599,6.2,-5602.25,65.689,3.645,-0.095,0.089,0.009,0.021,-1
2008-08-31 21:46:00,-2.056,-0.009,41.873,0.018,5.54,9.038,8.617,1.97,-5640.0,66.189,2.739,-0.095,0.071,0.054,0.116,-1
2008-08-31 21:58:00,-3.146,-0.01,35.663,0.025,24.799,10.626,11.359,4.817,-6470.75,67.567,6.338,-0.095,0.1,0.049,0.107,-1
2008-08-31 22:32:00,1.544,-0.01,38.143,0.032,13.742,9.434,6.784,3.412,-6545.0,70.278,2.008,-0.236,0.12,0.039,0.093,-1
2008-08-31 22:48:00,1.437,-0.009,79.886,0.023,19.431,11.318,9.588,4.407,-5277.25,67.533,2.289,-0.095,0.086,0.065,0.149,-1
2008-08-31 22:57:00,-6.044,-0.008,48.558,0.016,23.052,11.165,7.677,4.845,-6474.25,63.189,0.611,-0.095,0.05,0.046,0.109,-1
2008-01-09 00:01:00,1.379,-0.01,36.679,0.08,26.604,12.676,8.207,4.712,-6238.25,69.767,2.653,-0.095,0.268,0.052,0.126,-1
2008-01-09 00:39:00,-0.962,-0.006,70.737,0.02,21.06,10.784,6.27,4.144,-6283.75,68.056,2.859,-0.095,0.066,0.049,0.107,-1
2008-01-09 00:45:00,1.607,-0.011,43.786,0.023,17.834,2.47,20.712,6.673,-5422.0,69.133,6.886,-0.095,0.077,0.014,0.032,-1
2008-01-09 00:53:00,-2.573,-0.008,47.761,0.023,19.623,13.242,10.037,3.727,-6286.75,67.256,4.441,-0.095,0.077,0.054,0.131,-1
2008-01-09 05:29:00,3.392,-0.01,28.019,0.022,26.08,13.706,6.691,5.478,-6590.75,67.378,2.927,0.615,0.071,0.056,0.135,-1
2008-01-09 05:32:00,-1.377,-0.01,45.91,0.033,11.752,6.432,8.455,2.839,-6386.75,67.267,3.481,-0.236,0.108,0.027,0.064,-1
2008-01-09 06:12:00,2.034,-0.01,32.57,0.032,8.985,5.765,11.775,5.614,-5520.25,69.889,2.3,0.615,0.104,0.031,0.075,-1
2008-01-09 06:21:00,1.576,-0.007,129.081,0.026,4.354,6.715,7.94,6.682,-5529.25,66.678,1.897,-0.426,0.084,0.036,0.086,-1
2008-01-09 06:52:00,2.534,-0.011,41.685,0.04,21.429,13.347,7.018,5.878,-6454.5,67.811,1.14,0.615,0.113,0.056,0.132,-1
2008-01-09 08:18:00,-1.733,-0.009,70.454,0.022,11.29,7.589,20.965,6.364,-5566.5,66.444,1.054,0.0,0.07,0.048,0.1,-1
2008-01-09 09:06:00,-5.166,-0.011,47.38,0.025,20.961,8.476,9.177,5.224,-6374.5,69.478,2.206,0.0,0.094,0.035,0.083,-1
2008-01-09 09:19:00,-5.003,-0.009,53.406,0.027,23.857,11.965,4.45,3.284,-6381.5,67.644,3.076,0.615,0.117,0.048,0.116,-1
2008-01-09 09:54:00,-1.008,-0.008,67.924,0.02,20.622,11.852,6.591,5.373,-6630.25,68.878,3.978,0.0,0.067,0.054,0.116,-1
2008-01-09 10:57:00,2.059,-0.01,39.327,0.013,16.453,7.61,16.04,5.098,-5349.25,69.222,2.568,0.189,0.053,0.048,0.102,-1
2008-01-09 11:40:00,-0.17,-0.009,77.193,0.016,14.152,9.032,63.419,4.715,-4557.0,69.122,3.537,0.0,0.052,0.053,0.118,-1
2008-01-09 16:20:00,-1.879,-0.009,52.883,0.028,20.798,12.943,5.982,4.769,-6301.75,69.8,2.84,0.0,0.122,0.052,0.126,-1
2008-01-09 19:54:00,53.682,-0.002,217.143,0.023,20.86,13.564,7.259,5.456,-6405.75,68.678,2.463,0.047,0.097,0.056,0.133,1
2008-01-09 20:51:00,2.114,-0.011,58.493,0.024,18.769,6.404,14.158,4.752,-5438.5,67.478,1.786,0.0,0.087,0.039,0.082,-1
2008-01-09 22:05:00,-0.992,-0.009,47.467,0.027,16.503,10.228,14.058,4.811,-6316.75,69.411,3.268,0.0,0.096,0.043,0.101,-1
2008-01-09 23:05:00,-0.804,-0.012,55.143,0.03,22.16,13.821,8.433,3.494,-6190.0,67.911,4.872,0.047,0.107,0.059,0.135,-1
2008-01-09 23:19:00,0.579,-0.009,32.697,0.025,20.812,7.116,8.078,3.767,-6449.75,68.189,3.172,0.0,0.084,0.03,0.07,-1
2008-01-09 23:24:00,-4.814,-0.01,68.063,0.024,11.754,6.296,40.286,3.519,-5989.75,69.022,2.763,0.047,0.074,0.042,0.08,-1
2008-01-09 23:28:00,-0.096,-0.009,61.885,0.034,23.426,7.383,5.459,3.641,-6392.75,68.333,3.618,0.047,0.134,0.035,0.073,-1
2008-01-09 23:39:00,0.34,-0.013,54.615,0.012,19.525,8.937,22.987,3.631,-5416.0,68.733,1.214,-0.946,0.048,0.049,0.115,-1
2008-01-09 23:45:00,1.513,-0.01,40.467,0.024,26.392,16.448,8.748,6.687,-6447.25,66.278,3.082,0.047,0.084,0.068,0.166,-1
2008-01-09 23:59:00,-19.993,-0.01,58.947,0.032,19.421,8.36,4.904,5.708,-5362.75,66.756,3.582,0.0,0.1,0.052,0.111,-1
2008-02-09 00:26:00,0.086,-0.007,77.601,0.022,19.142,12.06,6.535,4.355,-6411.5,64.1,2.462,-0.946,0.079,0.052,0.119,-1
2008-02-09 00:31:00,3.65,-0.01,46.231,0.025,14.597,6.303,34.181,3.449,-5936.0,68.411,3.116,0.0,0.084,0.035,0.08,-1
2008-02-09 00:46:00,5.1,-0.01,28.718,0.024,24.245,12.333,5.425,2.859,-6415.25,68.544,5.064,0.047,0.085,0.052,0.122,-1
2008-02-09 01:09:00,2.467,-0.008,53.092,0.023,16.757,2.55,16.4,4.082,-5597.5,69.522,0.718,1.939,0.086,0.015,0.033,-1
2008-02-09 01:10:00,-2.667,-0.011,65.904,0.024,15.393,9.819,8.674,5.472,-5280.25,66.9,3.682,0.236,0.088,0.058,0.126,-1
2008-02-09 01:10:00,3.8,-0.009,46.473,0.018,20.676,15.408,10.052,4.2,-6347.0,69.267,5.944,-0.946,0.074,0.063,0.153,-1
2008-02-09 01:36:00,0.342,-0.014,33.058,0.014,12.822,6.594,5.618,2.734,-6407.75,67.211,3.335,0.047,0.064,0.03,0.064,-1
2008-02-09 01:50:00,0.23,-0.01,39.752,0.026,21.037,11.901,7.326,4.09,-6470.25,66.389,2.315,0.047,0.097,0.052,0.118,-1
2008-02-09 02:02:00,-0.748,-0.006,97.83,0.021,13.856,11.029,54.274,7.259,-4621.0,69.1,0.997,0.236,0.078,0.067,0.145,-1
2008-02-09 02:11:00,2.74,-0.009,56.445,0.026,20.03,14.519,6.803,4.526,-6453.0,68.7,4.785,0.236,0.099,0.058,0.142,-1
2008-02-09 02:50:00,0.149,-0.01,27.154,0.02,23.773,12.754,5.121,3.592,-6288.25,69.244,2.832,0.047,0.066,0.052,0.127,-1
2008-02-09 02:52:00,1.498,-0.008,54.758,0.025,7.73,9.302,19.152,4.193,-5085.75,66.311,2.624,-0.804,0.086,0.05,0.118,-1
2008-02-09 03:33:00,-0.352,-0.008,61.446,0.022,25.176,14.868,7.704,5.018,-6295.0,68.033,4.586,0.047,0.078,0.06,0.146,-1
2008-02-09 03:35:00,1.799,-0.01,32.039,0.026,17.334,11.614,3.579,4.618,-6370.25,68.133,3.173,0.426,0.105,0.049,0.113,-1
2008-02-09 03:35:00,-1.71,-0.009,38.409,0.026,22.665,11.166,5.648,5.792,-6551.5,71.356,1.455,1.939,0.094,0.045,0.108,-1
2008-02-09 04:19:00,2.192,-0.009,67.945,0.024,17.333,9.212,5.142,4.347,-6534.75,69.822,4.314,0.047,0.082,0.037,0.09,-1
2008-02-09 04:22:00,-0.228,-0.011,59.226,0.028,20.573,8.893,4.765,3.801,-6295.5,68.978,1.579,1.939,0.089,0.038,0.088,-1
2008-02-09 05:46:00,-2.743,-0.01,60.636,0.028,17.101,11.288,47.514,4.447,-5994.0,67.956,3.944,1.939,0.1,0.063,0.145,-1
2008-02-09 06:03:00,1.034,-0.012,36.287,0.024,20.958,11.105,28.288,4.404,-6900.5,67.022,1.563,0.426,0.086,0.05,0.108,-1
2008-02-09 06:19:00,-1.234,-0.01,103.129,0.026,17.871,11.377,5.641,4.082,-6204.25,69.544,3.592,0.047,0.102,0.047,0.114,-1
2008-02-09 06:32:00,3.931,-0.009,48.153,0.026,21.981,9.555,21.46,7.863,-5442.75,70.622,1.082,-0.615,0.096,0.053,0.124,-1
2008-02-09 06:48:00,3.184,-0.012,35.518,0.018,27.634,10.916,7.289,4.89,-6448.25,69.144,2.7,1.939,0.067,0.049,0.109,-1
2008-02-09 07:22:00,3.526,-0.007,75.524,0.022,21.051,13.751,7.131,4.758,-6535.25,67.933,3.855,-0.804,0.066,0.057,0.135,-1
2008-02-09 07:32:00,0.876,-0.011,60.137,0.025,0.0,0.0,0.0,0.0,0.0,69.333,0.0,1.939,0.1,0.0,0.0,-1
2008-02-09 08:15:00,-1.968,-0.008,52.2,0.016,12.53,5.656,13.688,4.091,-5442.75,66.989,4.211,0.426,0.068,0.039,0.073,-1
2008-02-09 08:54:00,3.296,-0.008,52.932,0.026,14.116,10.2,5.704,2.743,-6451.75,66.6,2.039,-0.946,0.093,0.045,0.103,-1
2008-02-09 09:36:00,4.382,-0.006,90.249,0.029,22.016,9.314,8.438,4.287,-6364.25,69.111,2.219,0.236,0.11,0.04,0.09,-1
2008-02-09 09:37:00,0.508,-0.009,88.252,0.017,20.011,13.809,15.866,2.932,-5521.25,69.9,2.622,-0.142,0.057,0.079,0.176,-1
2008-02-09 10:13:00,0.437,-0.01,46.305,0.022,16.105,9.335,6.079,4.138,-6317.25,66.7,4.695,0.047,0.062,0.042,0.093,-1
2008-02-09 10:21:00,-0.661,-0.014,43.624,0.014,18.478,11.918,30.099,6.115,-5508.5,68.111,1.566,-0.615,0.055,0.064,0.156,-1
2008-02-09 10:25:00,2.506,-0.008,74.277,0.02,12.504,14.888,19.165,6.936,-5249.25,74.667,3.987,0.236,0.078,0.092,0.196,-1
2008-02-09 10:33:00,0.403,-0.01,41.504,0.024,21.227,13.444,7.297,4.851,-6564.5,68.333,4.75,-0.615,0.101,0.054,0.133,-1
2008-02-09 11:08:00,-1.297,-0.012,26.201,0.026,12.916,9.169,19.121,7.978,-5648.25,67.756,2.986,1.939,0.086,0.053,0.12,-1
2008-02-09 11:22:00,4.483,-0.009,82.385,0.017,21.382,11.037,9.025,5.361,-6249.25,69.478,2.412,0.047,0.056,0.045,0.108,-1
2008-02-09 11:47:00,0.304,-0.01,48.181,0.022,10.814,3.313,9.704,2.939,-5667.75,69.633,1.795,0.426,0.073,0.018,0.043,-1
2008-02-09 11:49:00,2.572,-0.011,23.256,0.024,9.835,11.129,1.47,2.698,-5440.5,67.278,4.502,-0.615,0.085,0.069,0.141,-1
2008-02-09 12:01:00,-0.056,-0.013,36.773,0.031,18.824,11.498,13.226,5.469,-5701.0,70.056,4.172,-0.615,0.129,0.068,0.146,-1
2008-02-09 12:17:00,-0.446,-0.008,67.29,0.021,21.497,11.844,5.643,3.235,-6308.75,67.744,4.301,-0.615,0.073,0.05,0.118,-1
2008-02-09 12:26:00,-1.158,-0.01,66.496,0.033,25.369,9.514,6.854,3.565,-6449.25,70.022,2.075,-0.615,0.131,0.041,0.093,-1
2008-02-09 12:30:00,-0.407,-0.011,32.941,0.032,25.065,13.786,27.63,4.383,-6724.5,70.1,5.543,-0.615,0.096,0.058,0.136,-1
2008-02-09 12:44:00,0.116,-0.008,64.455,0.013,13.478,10.132,19.022,5.692,-5646.25,69.422,2.937,-0.142,0.041,0.057,0.131,-1
2008-02-09 13:05:00,-8.64,-0.007,93.333,0.03,11.828,2.669,20.596,1.455,-5336.0,68.733,3.254,-0.615,0.111,0.015,0.035,-1
2008-02-09 13:08:00,3.19,-0.011,45.476,0.029,47.871,7.709,11.983,6.911,-5699.75,69.4,3.603,0.426,0.092,0.04,0.097,-1
2008-02-09 13:27:00,-2.084,-0.01,35.663,0.018,8.479,7.936,6.424,2.536,-5386.5,67.978,1.142,0.426,0.072,0.047,0.1,-1
2008-02-09 13:40:00,-1.153,-0.01,37.485,0.023,27.253,14.178,31.239,2.778,-5374.75,69.589,2.39,-0.615,0.068,0.078,0.183,-1
2008-02-09 14:09:00,2.99,0.02,20.677,0.046,29.327,10.883,13.766,4.479,-5513.5,65.911,3.05,0.047,0.158,0.065,0.142,-1
2008-02-09 14:21:00,1.558,-0.009,68.805,0.022,25.231,13.79,7.974,4.61,-6433.5,69.844,2.299,0.426,0.097,0.055,0.135,-1
2008-02-09 14:34:00,-0.546,-0.01,22.622,0.024,28.43,13.284,23.642,5.637,-6374.25,68.167,0.646,0.047,0.073,0.053,0.127,-1
2008-02-09 15:29:00,2.862,-0.007,65.018,0.026,8.094,5.237,14.209,3.562,-5538.75,69.8,2.263,-0.473,0.08,0.028,0.067,-1
2008-02-09 16:10:00,-4.448,-0.009,89.136,0.011,13.23,6.393,10.249,3.516,-6507.75,66.678,1.323,0.047,0.038,0.03,0.063,-1
2008-02-09 16:50:00,2.43,-0.008,48.558,0.016,17.906,7.054,14.081,3.184,-5397.25,68.944,1.325,1.939,0.062,0.04,0.092,-1
2008-02-09 16:54:00,1.17,-0.007,45.552,0.023,10.049,9.778,10.981,4.464,-5545.75,66.178,1.927,-0.473,0.09,0.059,0.128,-1
2008-02-09 16:58:00,-1.93,-0.014,39.333,0.027,22.289,13.828,4.15,4.075,-6529.75,70.411,3.96,0.236,0.114,0.056,0.135,-1
2008-02-09 17:10:00,2.637,-0.008,36.199,0.02,20.348,8.574,8.318,4.905,-6468.25,68.722,3.078,0.047,0.074,0.035,0.083,-1
2008-02-09 17:18:00,3.483,-0.01,42.371,0.037,10.567,4.299,10.227,1.598,-5573.25,67.611,2.724,0.236,0.119,0.023,0.055,-1
2008-02-09 18:38:00,2.017,-0.01,42.317,0.019,11.902,11.925,24.667,3.642,-5760.75,68.256,1.196,-0.473,0.06,0.065,0.149,-1
2008-02-09 18:52:00,1.553,-0.011,51.064,0.022,19.575,9.026,11.942,3.792,-5618.75,59.967,2.318,0.757,0.07,0.04,0.088,-1
2008-02-09 19:18:00,-8.698,-0.01,26.406,0.023,20.772,11.986,5.921,4.403,-6417.75,72.267,4.5,-0.473,0.092,0.053,0.118,-1
2008-02-09 20:18:00,-2.339,-0.01,196.02,0.023,8.47,3.417,17.234,5.736,-5442.75,69.2,2.603,-0.473,0.081,0.022,0.045,-1
2008-02-09 20:52:00,4.178,-0.009,59.016,0.017,27.155,14.717,3.906,5.114,-6425.25,70.3,1.459,0.757,0.07,0.061,0.145,-1
2008-02-09 20:58:00,4.146,-0.008,92.462,0.016,7.579,3.089,13.053,2.124,-5247.75,67.756,1.664,-0.473,0.056,0.022,0.04,-1
2008-02-09 20:59:00,4.056,-0.011,58.036,0.042,12.588,9.769,2.462,3.55,-6660.25,69.267,2.248,0.757,0.149,0.04,0.094,-1
2008-03-09 00:18:00,1.54,-0.008,120.603,0.026,19.809,11.337,6.069,4.876,-6656.5,68.7,2.856,0.236,0.095,0.05,0.11,-1
2008-03-09 00:45:00,2.863,-0.011,58.266,0.028,10.79,10.608,5.929,2.35,-6375.25,68.322,3.997,0.047,0.116,0.049,0.106,-1
2008-03-09 00:58:00,1.776,-0.014,36.011,0.012,4.173,4.41,2.679,1.453,-6233.5,65.856,2.769,1.939,0.046,0.02,0.044,-1
2008-03-09 01:15:00,16.649,-0.008,39.875,0.018,99.909,5.322,15.935,2.711,-5748.5,67.5,1.879,0.757,0.066,0.028,0.068,1
2008-03-09 01:32:00,1.926,-0.009,60.109,0.024,22.612,8.466,5.127,6.754,-5519.75,67.389,3.599,-0.473,0.091,0.045,0.109,-1
2008-03-09 04:18:00,-1.373,-0.009,42.697,0.019,23.772,11.19,3.022,3.669,-6385.75,69.778,2.137,-0.52,0.065,0.048,0.111,-1
2008-03-09 06:26:00,2.622,-0.01,61.386,0.02,15.179,10.959,7.829,3.639,-6284.25,68.767,2.33,0.757,0.067,0.045,0.11,-1
2008-03-09 09:38:00,-0.778,-0.011,45.634,0.026,7.052,5.506,40.39,3.13,-6048.5,67.856,3.681,-0.189,0.085,0.033,0.069,-1
2008-03-09 14:24:00,-0.392,-0.011,26.509,0.02,16.479,3.813,16.642,0.946,-5486.25,68.378,1.329,0.047,0.068,0.027,0.049,-1
2008-03-09 14:29:00,-0.969,-0.011,24.242,0.012,7.222,12.841,28.223,5.649,-5201.5,74.133,4.151,0.047,0.044,0.071,0.173,-1
2008-03-09 17:22:00,5.096,-0.009,62.534,0.013,13.481,15.52,24.003,3.855,-5553.5,69.144,4.444,0.426,0.044,0.083,0.198,-1
2008-03-09 18:16:00,-1.117,-0.009,45.902,0.026,21.159,12.971,6.127,4.494,-6316.75,69.611,1.858,0.047,0.105,0.057,0.13,-1
2008-03-09 18:16:00,3.336,-0.01,56.709,0.019,13.842,8.674,7.209,3.13,-6394.5,72.9,1.503,0.047,0.064,0.036,0.086,-1
2008-03-09 20:00:00,0.983,-0.011,63.059,0.019,22.327,10.456,5.086,3.86,-6331.25,70.6,3.864,0.426,0.072,0.043,0.102,-1
2008-03-09 20:10:00,-0.673,-0.011,29.333,0.017,7.631,6.241,8.411,2.572,-6325.0,74.522,2.18,-0.52,0.061,0.025,0.062,-1
2008-04-09 08:01:00,-0.789,-0.009,66.941,0.027,21.576,10.264,18.033,7.051,-5728.5,74.222,3.983,0.095,0.1,0.06,0.134,-1
2008-04-09 08:22:00,1.762,-0.01,45.658,0.014,21.518,8.777,3.167,5.094,-6410.75,74.133,4.353,0.047,0.046,0.037,0.087,-1
2008-04-09 08:33:00,2.458,-0.012,55.777,0.013,21.451,16.096,13.577,8.942,-5487.25,73.978,6.826,0.095,0.046,0.092,0.215,-1
2008-04-09 08:41:00,2.937,-0.01,42.054,0.021,14.23,8.615,5.779,3.238,-6627.25,66.733,2.342,0.095,0.064,0.039,0.086,-1
2008-04-09 08:53:00,1.949,-0.011,32.35,0.015,12.944,8.777,67.937,7.274,-4685.25,67.244,4.373,0.095,0.044,0.053,0.113,-1
2008-04-09 11:50:00,-1.419,-0.009,36.872,0.024,20.758,10.112,7.207,3.827,-6424.5,66.089,2.528,1.04,0.089,0.046,0.102,-1
2008-04-09 14:09:00,0.253,-0.014,32.114,0.016,13.445,8.375,7.926,4.252,-5501.0,68.7,4.297,0.095,0.059,0.047,0.109,-1
2008-04-09 14:11:00,1.593,-0.009,44.503,0.022,7.804,13.135,24.197,3.277,-5314.75,68.478,5.946,0.095,0.093,0.075,0.172,-1
2008-04-09 14:48:00,1.184,-0.01,31.769,0.017,24.846,5.754,12.937,4.479,-5519.0,66.144,2.912,0.095,0.062,0.033,0.075,-1
2008-04-09 16:30:00,-1.576,-0.011,28.667,0.016,22.567,12.026,5.591,4.659,-6492.25,71.578,1.874,0.095,0.051,0.049,0.118,-1
2008-04-09 16:41:00,-0.272,-0.01,53.076,0.018,25.628,17.243,44.33,4.875,-5549.25,68.544,1.522,0.0,0.059,0.091,0.222,-1
2008-04-09 16:56:00,-2.029,-0.012,200.823,0.025,11.456,11.631,35.995,9.408,-6284.25,74.178,2.924,0.0,0.082,0.066,0.153,-1
2008-04-09 17:30:00,3.536,-0.009,44.145,0.021,18.73,10.596,7.384,4.359,-6338.25,66.289,1.606,0.0,0.079,0.042,0.104,-1
2008-05-09 15:30:00,0.824,-0.01,35.556,0.016,57.056,12.869,29.742,5.794,-6190.0,74.544,2.415,0.0,0.059,0.08,0.168,-1
2008-05-09 21:48:00,-2.584,-0.011,40.694,0.015,18.598,6.578,20.187,3.428,-5335.0,68.1,3.956,0.662,0.048,0.035,0.085,-1
2008-07-09 00:08:00,3.449,-0.009,59.344,0.014,13.577,8.528,34.657,3.896,-5747.75,74.333,1.442,0.0,0.069,0.048,0.113,-1
2008-07-09 00:12:00,1.052,-0.01,60.079,0.014,17.866,10.008,4.148,3.224,-5617.75,74.233,0.955,0.0,0.054,0.054,0.128,-1
2008-07-09 00:49:00,3.439,-0.008,34.269,0.023,4.854,10.606,2.708,6.871,-5797.0,74.278,1.195,0.0,0.086,0.067,0.141,-1
2008-07-09 10:52:00,-1.89,-0.008,78.824,0.023,24.512,10.99,10.25,3.929,-6351.25,71.4,1.573,0.284,0.074,0.045,0.108,-1
2008-07-09 12:04:00,1.163,-0.013,37.333,0.016,20.648,10.979,17.75,1.98,-5532.5,74.444,2.002,0.047,0.055,0.061,0.148,-1
2008-07-09 12:20:00,-0.324,-0.012,33.97,0.028,21.657,13.451,8.219,4.919,-6375.75,68.956,4.356,0.047,0.085,0.057,0.133,-1
2008-07-09 13:02:00,2.164,-0.008,69.51,0.025,5.049,6.482,8.86,1.675,-5428.75,74.911,1.788,0.047,0.096,0.036,0.084,-1
2008-07-09 18:02:00,-1.989,-0.007,63.558,0.025,10.524,11.345,16.183,7.085,-5685.0,71.689,4.323,0.284,0.084,0.069,0.144,-1
2008-07-09 18:24:00,-0.248,-0.011,30.29,0.016,14.239,17.563,13.066,2.416,-5464.75,71.133,2.677,0.047,0.062,0.108,0.231,-1
2008-07-09 18:49:00,-1.644,-0.008,47.36,0.02,22.138,7.876,13.99,6.75,-5539.5,73.7,4.85,0.047,0.071,0.049,0.103,-1
2008-07-09 19:29:00,5.177,-0.008,60.1,0.025,24.172,8.202,6.925,4.457,-5458.75,73.3,2.664,0.047,0.086,0.047,0.107,-1
2008-07-09 19:31:00,5.804,-0.011,36.882,0.025,6.734,7.17,5.043,4.484,-5452.75,66.822,1.654,0.284,0.099,0.039,0.093,-1
2008-07-09 20:12:00,-2.369,-0.013,35.294,0.015,21.039,7.655,18.549,7.814,-5623.0,66.689,1.274,0.284,0.065,0.042,0.098,-1
2008-07-09 20:50:00,5.949,-0.014,32.491,0.024,14.512,6.132,5.916,3.918,-5831.25,74.611,1.314,0.047,0.071,0.032,0.078,-1
2008-07-09 23:33:00,5.496,-0.007,53.608,0.025,39.352,18.273,20.139,3.788,-5422.25,75.911,2.068,0.142,0.091,0.104,0.238,-1
2008-08-09 00:32:00,4.146,-0.01,62.705,0.02,8.843,5.749,17.192,7.167,-5618.75,74.967,4.008,0.142,0.055,0.034,0.075,-1
2008-08-09 00:40:00,3.816,-0.007,94.845,0.016,,,,,,,,0.142,0.066,,,-1
2008-08-09 01:24:00,2.758,-0.006,80.483,0.021,11.481,5.229,7.219,2.403,-6482.75,66.4,3.726,0.142,0.066,0.021,0.052,-1
2008-08-09 03:32:00,-3.036,-0.01,85.899,0.015,23.382,6.637,9.482,4.775,-5789.75,66.056,2.802,0.142,0.061,0.037,0.085,-1
2008-08-09 03:48:00,-1.099,-0.008,35.242,0.015,7.449,5.504,7.301,3.692,-5273.0,68.056,1.198,0.142,0.057,0.034,0.072,-1
2008-08-09 04:21:00,-0.904,-0.01,18.929,0.023,18.945,10.17,7.176,5.657,-6549.25,69.367,1.977,0.284,0.088,0.042,0.099,-1
2008-08-09 06:37:00,0.028,-0.011,31.739,0.023,29.21,6.914,12.506,3.908,-5469.5,73.378,2.951,0.284,0.062,0.045,0.089,-1
2008-08-09 07:14:00,-2.117,-0.009,48.128,0.021,27.436,23.552,22.16,6.187,-5248.25,68.144,3.068,0.142,0.06,0.125,0.301,-1
2008-08-09 07:41:00,-3.152,-0.009,14.111,0.017,7.508,5.982,3.064,2.407,-6364.75,66.378,2.613,0.284,0.055,0.028,0.061,-1
2008-08-09 18:46:00,-1.417,-0.016,25.231,0.027,33.236,12.535,25.264,5.26,-5410.75,75.811,1.587,0.284,0.091,0.066,0.157,-1
2008-08-09 19:14:00,0.854,-0.008,61.444,0.03,6.186,3.615,11.126,2.952,-5428.5,65.944,4.184,0.284,0.112,0.02,0.048,-1
2008-08-09 19:15:00,-0.139,-0.012,37.736,0.024,67.24,5.862,13.516,4.996,-5467.75,73.356,2.232,0.284,0.074,0.035,0.077,-1
2008-08-09 19:25:00,-1.998,-0.008,59.97,0.024,17.015,5.09,44.153,8.894,-6285.0,76.856,4.113,0.284,0.082,0.029,0.064,-1
2008-08-09 19:33:00,0.556,-0.009,43.121,0.026,24.36,16.33,15.367,7.958,-5342.5,76.422,1.985,0.284,0.096,0.102,0.208,-1
2008-08-09 20:00:00,-0.242,-0.01,57.795,0.019,20.882,12.519,8.352,4.6,-6489.25,71.289,1.467,0.142,0.06,0.051,0.123,-1
2008-08-09 21:36:00,-1.714,-0.009,103.261,0.023,18.126,11.665,53.685,5.329,-5098.25,73.333,1.292,0.0,0.077,0.07,0.151,-1
2008-08-09 21:53:00,-1.307,-0.007,57.831,0.025,18.551,6.609,29.152,5.823,-6301.5,71.444,3.46,0.0,0.069,0.042,0.088,-1
2008-08-09 22:17:00,0.883,-0.008,87.758,0.038,71.538,10.017,12.387,3.931,-5570.25,74.289,1.642,0.284,0.135,0.056,0.131,-1
2008-09-09 00:25:00,3.266,-0.003,206.222,0.014,97.464,11.634,61.684,6.928,-5636.75,67.478,3.934,0.284,0.061,0.068,0.155,-1
2008-09-09 03:53:00,1.067,-0.009,52.547,0.017,11.222,9.522,7.175,2.888,-5714.25,72.378,4.793,0.284,0.067,0.057,0.122,-1
2008-09-09 08:44:00,-0.177,-0.01,31.579,0.013,23.606,7.863,7.326,5.351,-5801.25,73.122,2.643,0.142,0.044,0.043,0.101,-1
2008-10-09 07:26:00,3.079,-0.012,35.193,0.03,17.173,4.711,12.232,4.518,-5183.0,75.0,2.766,0.047,0.088,0.026,0.059,-1
2008-10-09 09:21:00,3.666,-0.009,65.722,0.025,27.746,15.997,50.553,9.746,-4858.25,75.222,3.378,0.047,0.076,0.087,0.212,-1
2008-10-09 20:52:00,4.056,-0.008,59.259,0.032,19.376,12.597,12.552,8.175,-5218.25,71.633,3.163,0.047,0.114,0.09,0.17,-1
2008-10-09 20:53:00,-3.208,-0.011,69.448,0.023,16.131,10.456,1.34,4.545,-5520.25,74.3,0.876,-0.378,0.08,0.058,0.136,-1
2008-10-09 21:56:00,-2.118,-0.01,64.436,0.027,9.479,15.072,4.604,6.377,-5408.25,72.756,3.022,0.047,0.1,0.084,0.195,-1
2008-10-09 23:30:00,0.486,-0.009,48.087,0.024,15.578,11.208,26.298,10.035,-5160.0,75.0,4.228,0.047,0.089,0.067,0.144,-1
2008-10-09 23:43:00,0.339,-0.009,37.086,0.023,11.609,8.63,28.633,6.481,-5116.5,72.678,2.12,0.047,0.086,0.051,0.112,-1
2008-11-09 00:17:00,1.434,-0.01,27.083,0.025,29.198,18.104,13.63,5.089,-5400.0,72.744,1.941,-0.378,0.084,0.096,0.234,-1
2008-11-09 05:20:00,1.816,-0.009,46.003,0.023,31.228,14.017,13.448,4.234,-5763.0,75.244,3.661,0.0,0.072,0.082,0.179,-1
2008-11-09 06:04:00,0.56,-0.012,56.452,0.026,14.99,12.808,1.824,5.828,-5646.5,72.622,1.504,-0.378,0.1,0.071,0.165,-1
2008-11-09 07:43:00,-1.143,-0.006,73.294,0.025,21.0,22.319,10.588,5.777,-5544.25,76.356,2.483,0.047,0.076,0.119,0.282,-1
2008-11-09 08:06:00,5.472,-0.011,52.336,0.031,16.539,19.022,10.056,5.871,-5310.5,75.267,2.838,-0.378,0.134,0.102,0.249,-1
2008-11-09 08:58:00,-4.674,-0.009,37.155,0.025,11.958,12.107,19.136,6.187,-5377.25,72.078,4.363,-0.378,0.095,0.076,0.159,-1
2008-11-09 09:24:00,1.269,-0.009,47.503,0.03,8.444,15.174,19.552,9.471,-5528.75,72.3,2.477,0.047,0.13,0.083,0.199,-1
2008-11-09 12:47:00,1.631,-0.007,41.892,0.022,23.902,15.483,12.474,7.057,-5275.0,73.689,4.692,0.0,0.085,0.094,0.211,-1
2008-11-09 13:36:00,3.138,-0.009,44.122,0.032,17.143,12.383,9.83,8.317,-5646.0,67.533,3.398,0.0,0.122,0.066,0.162,-1
2008-11-09 14:20:00,1.91,-0.01,59.903,0.022,9.055,3.198,6.787,2.929,-6468.0,72.933,2.206,0.047,0.09,0.013,0.032,-1
2008-11-09 14:24:00,4.396,-0.011,24.102,0.024,21.228,11.97,6.182,10.273,-5645.75,71.033,3.656,0.047,0.094,0.072,0.156,-1
2008-11-09 14:31:00,2.117,-0.009,43.302,0.023,97.433,9.626,50.928,4.319,-4675.25,74.467,1.237,0.047,0.088,0.054,0.128,-1
2008-11-09 15:05:00,2.386,-0.01,72.063,0.031,14.482,4.421,10.008,6.714,-5335.5,73.278,2.423,0.0,0.111,0.028,0.058,-1
2008-11-09 15:08:00,1.288,-0.01,49.878,0.021,38.232,14.781,14.68,2.893,-5197.5,72.433,1.548,0.047,0.073,0.083,0.192,-1
2008-11-09 16:28:00,3.903,-0.011,33.922,0.022,25.946,8.689,14.171,5.673,-5892.25,75.456,2.407,0.0,0.086,0.055,0.117,-1
2008-11-09 21:13:00,-2.548,-0.009,70.914,0.024,6.809,11.945,6.67,8.31,-5322.25,72.933,3.219,-0.378,0.093,0.063,0.154,-1
2008-11-09 22:07:00,1.522,-0.01,37.118,0.028,44.572,11.855,5.635,8.703,-5536.5,74.689,4.264,0.047,0.105,0.063,0.155,1
2008-11-09 23:10:00,-0.874,-0.011,35.185,0.028,7.234,8.344,9.956,2.583,-5393.5,67.278,1.271,0.047,0.093,0.046,0.109,-1
2008-11-09 23:48:00,1.707,-0.009,45.454,0.026,9.748,10.189,11.614,4.977,-5545.25,68.611,3.971,-0.378,0.1,0.055,0.131,1
2008-12-09 05:11:00,2.198,-0.011,73.918,0.022,6.011,5.133,40.753,1.157,-6002.0,70.978,3.226,-0.142,0.076,0.031,0.068,-1
2008-12-09 05:55:00,2.422,-0.009,41.739,0.023,16.142,13.492,37.554,5.224,-6313.5,69.522,0.893,-1.135,0.088,0.083,0.178,-1
2008-12-09 06:38:00,4.956,-0.01,48.329,0.018,400.0,400.0,400.0,400.0,-1263.5,72.878,400.0,-0.142,0.075,0.424,0.849,-1
2008-12-09 06:41:00,1.871,-0.012,45.937,0.016,14.776,5.782,25.526,3.465,-5512.0,67.011,3.511,-1.135,0.051,0.036,0.073,-1
2008-12-09 06:45:00,0.736,-0.008,46.986,0.023,12.846,2.979,72.8,3.005,-4386.0,73.344,2.852,-0.142,0.087,0.019,0.038,-1
2008-12-09 07:21:00,1.281,-0.011,41.918,0.021,26.844,10.835,2.96,7.61,-5371.25,72.544,1.794,-0.568,0.08,0.064,0.143,-1
2008-12-09 07:29:00,5.532,-0.01,44.046,0.02,15.482,13.663,22.222,9.202,-5553.0,75.333,3.17,-0.568,0.074,0.074,0.181,-1
2008-12-09 07:38:00,-3.123,-0.011,45.946,0.025,38.763,17.986,14.442,6.422,-5352.25,67.411,2.287,-0.142,0.087,0.103,0.226,-1
2008-12-09 11:57:00,6.186,-0.012,62.594,0.021,11.133,6.53,19.846,3.264,-5472.0,73.678,2.036,-0.142,0.08,0.039,0.085,-1
2008-12-09 13:08:00,1.994,-0.009,68.267,0.025,8.509,8.289,16.84,4.831,-5611.75,75.367,3.415,-0.568,0.104,0.044,0.108,-1
2008-12-09 14:52:00,0.244,-0.009,57.226,0.024,23.203,12.617,12.48,4.614,-5456.75,72.856,1.502,-1.135,0.09,0.076,0.162,-1
2008-12-09 15:40:00,2.907,-0.01,59.113,0.022,40.38,11.896,50.108,7.826,-5196.75,75.233,2.657,-0.568,0.099,0.071,0.162,-1
2008-12-09 16:23:00,0.349,-0.007,42.629,0.024,20.323,12.919,20.918,5.285,-5612.5,70.011,1.575,-0.568,0.088,0.074,0.163,-1
2008-12-09 18:01:00,1.114,-0.01,58.537,0.026,12.813,15.782,33.697,4.522,-5867.0,75.722,3.67,-1.135,0.11,0.087,0.206,-1
2008-12-09 18:52:00,1.301,-0.009,19.672,0.023,10.584,9.014,27.238,5.906,-5143.5,75.089,2.938,-1.135,0.062,0.048,0.117,-1
2008-12-09 19:36:00,2.192,-0.011,29.698,0.021,58.297,15.167,25.536,5.809,-5611.75,73.122,2.484,-0.899,0.068,0.085,0.198,-1
2008-12-09 20:28:00,,-0.011,50.824,0.023,22.78,13.496,4.867,4.915,-6616.0,71.856,1.152,-0.899,0.09,0.055,0.133,-1
2008-12-09 21:12:00,0.181,-0.008,75.266,0.025,22.7,17.675,9.936,6.723,-5495.0,73.722,4.484,-1.135,0.078,0.097,0.23,-1
2008-12-09 22:25:00,0.748,-0.01,37.346,0.022,21.295,17.619,5.363,6.628,-5370.0,74.011,2.941,-1.135,0.086,0.097,0.232,-1
2008-12-09 22:45:00,2.549,-0.01,38.929,0.027,16.196,9.32,9.298,10.114,-5549.5,75.622,5.643,-0.568,0.119,0.057,0.119,-1
2008-12-09 23:28:00,-0.664,-0.008,26.046,0.021,10.12,5.888,5.422,1.923,-6417.75,73.056,4.267,-0.568,0.089,0.026,0.059,-1
2008-12-09 23:40:00,6.188,-0.011,53.766,0.019,11.919,6.858,14.907,6.095,-5440.25,71.467,3.132,-0.899,0.062,0.043,0.091,-1
2008-09-13 00:25:00,4.621,-0.01,70.264,0.024,19.228,11.792,44.217,4.479,-5563.5,74.478,2.482,-0.142,0.08,0.068,0.155,-1
2008-09-13 02:57:00,3.034,-0.012,34.896,0.018,7.306,7.761,6.234,7.2,-5470.25,73.567,2.732,-0.426,0.071,0.047,0.098,-1
2008-09-13 03:14:00,-4.206,-0.009,39.829,0.029,12.02,8.287,10.034,7.897,-5411.75,70.478,3.786,-0.899,0.112,0.046,0.105,-1
2008-09-13 09:19:00,6.173,-0.01,36.876,0.02,15.068,8.699,19.262,4.912,-5762.75,74.856,4.846,-0.568,0.069,0.049,0.115,-1
2008-09-13 10:55:00,7.316,-0.01,75.919,0.017,13.856,7.487,10.51,1.848,-5585.25,74.578,1.756,-0.426,0.067,0.044,0.096,-1
2008-09-13 11:42:00,4.592,-0.009,73.425,0.026,114.026,14.417,28.904,2.768,-5753.5,70.156,3.019,-0.426,0.095,0.079,0.188,-1
2008-09-13 11:56:00,3.227,-0.008,87.417,0.025,20.046,9.566,64.58,2.106,-4961.25,65.8,2.976,-1.135,0.11,0.06,0.128,1
2008-09-13 12:48:00,6.683,-0.01,59.406,0.025,9.558,11.88,14.822,1.642,-5505.5,71.033,1.715,-0.426,0.096,0.068,0.154,-1
2008-09-13 14:07:00,-4.664,-0.013,42.604,0.022,12.732,7.936,6.884,4.086,-5592.75,67.989,1.199,-0.426,0.084,0.042,0.102,-1
2008-09-13 16:04:00,3.594,-0.01,32.632,0.025,24.054,13.866,16.186,5.397,-5578.75,70.167,3.009,-0.899,0.097,0.079,0.178,-1
2008-09-13 16:04:00,2.418,-0.01,43.011,0.024,14.079,9.407,8.617,4.481,-5349.75,75.433,3.007,-0.426,0.08,0.052,0.119,-1
2008-09-13 20:06:00,4.621,-0.009,49.529,0.019,18.574,6.23,18.358,7.708,-5714.25,71.322,2.915,-0.142,0.062,0.042,0.082,1
2008-09-14 02:50:00,2.234,-0.01,49.809,0.022,23.118,7.417,9.498,8.206,-5538.0,73.478,0.796,0.0,0.08,0.041,0.096,-1
2008-09-14 02:59:00,5.206,-0.01,37.346,0.021,38.841,12.156,7.134,7.813,-5466.75,73.611,5.699,0.0,0.072,0.068,0.158,-1
2008-09-14 15:02:00,-0.572,-0.011,58.698,0.023,8.921,4.628,4.408,1.756,-6397.75,66.789,2.127,0.0,0.079,0.019,0.047,-1
2008-09-14 15:46:00,7.027,-0.011,25.484,0.022,14.241,8.72,9.99,4.091,-5515.5,70.3,3.498,0.0,0.077,0.047,0.11,-1
2008-09-14 16:34:00,2.114,-0.012,33.871,0.029,17.26,13.205,5.056,4.312,-5617.5,72.622,1.806,0.71,0.099,0.074,0.171,-1
2008-09-14 17:40:00,2.197,-0.01,28.846,0.022,19.082,11.505,8.754,10.725,-5517.75,74.589,4.145,0.0,0.083,0.086,0.151,-1
2008-09-14 18:27:00,4.912,-0.011,30.837,0.015,13.339,8.256,8.843,8.527,-5122.5,70.989,3.415,0.71,0.054,0.045,0.107,-1
2008-09-14 18:27:00,4.813,-0.01,47.573,0.012,13.441,5.293,6.492,2.938,-6469.5,72.344,3.278,0.71,0.048,0.024,0.053,-1
2008-09-14 19:13:00,4.444,-0.011,54.588,0.02,7.187,13.728,3.874,5.196,-5085.75,75.678,1.525,0.71,0.07,0.072,0.176,-1
2008-09-14 20:00:00,5.616,-0.01,51.358,0.02,21.111,6.163,41.667,3.868,-4764.0,75.089,0.604,0.71,0.08,0.038,0.079,-1
2008-09-14 20:43:00,2.814,-0.01,30.731,0.016,17.237,6.67,11.509,4.093,-5195.75,68.489,1.5,0.71,0.054,0.036,0.087,-1
2008-09-14 20:45:00,3.953,-0.012,35.536,0.023,23.496,5.262,17.218,5.283,-5569.75,74.0,1.906,0.71,0.082,0.031,0.067,-1
2008-09-14 21:31:00,3.448,-0.008,30.332,0.02,32.319,14.55,18.462,4.922,-5644.0,74.556,2.653,0.0,0.075,0.084,0.189,-1
2008-09-14 23:00:00,1.344,-0.014,34.432,0.021,14.978,12.992,13.941,9.801,-5250.75,72.922,2.132,-1.229,0.065,0.074,0.174,-1
2008-09-15 02:04:00,,-0.011,42.396,0.015,38.847,8.919,17.995,3.707,-5334.75,69.522,3.722,0.0,0.052,0.054,0.112,-1
2008-09-15 10:03:00,0.959,-0.01,51.242,0.025,14.401,12.863,11.192,6.839,-5209.0,70.9,3.581,0.473,0.085,0.073,0.164,-1
2008-09-15 11:40:00,5.319,-0.012,46.316,0.022,14.572,10.334,11.609,3.157,-5392.5,73.211,2.176,-0.473,0.074,0.063,0.133,-1
2008-09-15 12:27:00,-2.156,-0.013,50.623,0.036,12.247,9.196,13.831,4.851,-5494.75,75.9,2.208,-0.473,0.12,0.054,0.119,-1
2008-09-15 16:10:00,1.763,-0.011,38.782,0.018,21.32,7.933,4.801,5.329,-5436.25,74.533,3.046,-0.852,0.072,0.045,0.102,-1
2008-09-15 16:59:00,1.927,-0.013,41.691,0.018,16.449,11.559,6.652,6.163,-5472.0,74.867,2.023,-0.852,0.065,0.064,0.149,-1
2008-09-15 19:54:00,1.233,-0.01,27.02,0.026,1.606,11.835,6.804,4.629,-5481.75,72.633,1.869,-0.095,0.104,0.065,0.154,-1
2008-09-15 21:56:00,5.421,-0.014,24.954,0.022,14.533,16.622,9.01,5.426,-5261.0,67.3,3.753,-0.852,0.092,0.098,0.218,-1
2008-09-15 22:13:00,5.082,-0.009,46.647,0.016,8.319,8.19,2.49,2.727,-6465.0,71.433,4.216,0.71,0.06,0.038,0.082,-1
2008-09-15 22:45:00,5.511,-0.012,64.208,0.014,13.858,12.456,36.728,4.247,-5685.0,73.989,3.599,-0.095,0.051,0.066,0.16,-1
2008-09-15 22:54:00,-0.07,-0.033,13.667,0.03,27.593,11.824,7.032,4.635,-6413.25,69.222,1.865,0.71,0.098,0.05,0.117,-1
2008-09-15 23:37:00,0.561,-0.01,19.231,0.02,10.932,7.382,5.157,1.929,-6515.25,67.656,2.761,0.473,0.063,0.03,0.074,-1
2008-09-16 07:39:00,5.596,-0.014,49.462,0.02,12.984,13.725,11.683,2.733,-5204.0,74.122,4.556,-0.568,0.071,0.081,0.18,-1
2008-09-16 07:48:00,5.397,-0.014,39.391,0.029,12.751,12.209,12.24,4.127,-5416.5,75.4,2.559,-0.568,0.108,0.066,0.156,-1
2008-09-16 08:50:00,2.318,-0.01,48.629,0.027,17.228,7.03,8.797,3.568,-5502.0,70.7,1.031,-0.568,0.102,0.041,0.092,-1
2008-09-16 08:52:00,6.077,-0.008,66.019,0.021,39.028,9.409,13.278,3.937,-5543.0,75.189,1.672,-0.568,0.073,0.049,0.121,-1
2008-09-16 09:37:00,4.314,-0.008,29.851,0.026,20.943,16.757,7.072,5.538,-5529.25,74.033,2.647,-0.568,0.09,0.098,0.216,-1
2008-09-16 17:07:00,-2.351,-0.012,60.347,0.016,5.409,1.871,9.565,2.083,-5572.25,67.289,1.864,-0.142,0.05,0.01,0.024,-1
2008-09-16 18:09:00,1.162,-0.009,55.814,0.028,5.308,7.089,10.86,7.768,-5257.75,75.167,3.346,-0.568,0.1,0.051,0.091,-1
2008-09-16 18:23:00,0.576,-0.01,46.561,0.024,38.19,11.422,5.16,8.906,-5348.75,71.511,4.558,-0.899,0.078,0.069,0.157,-1
2008-09-16 19:34:00,6.849,-0.013,21.682,0.027,28.825,1.656,11.11,3.206,-5418.75,68.311,1.987,-0.142,0.078,0.01,0.021,-1
2008-09-16 19:45:00,-0.724,-0.014,26.206,0.014,6.662,5.318,14.9,6.513,-5704.5,72.344,4.58,0.0,0.052,0.029,0.068,-1
2008-09-16 21:21:00,-0.223,-0.013,44.531,0.026,15.812,13.793,8.23,5.093,-5710.5,73.133,0.916,-0.899,0.094,0.089,0.177,-1
2008-09-16 22:45:00,5.916,-0.012,35.7,0.032,17.105,11.863,36.095,5.662,-5344.25,74.267,2.968,-0.142,0.107,0.068,0.156,-1
2008-09-17 02:01:00,2.421,-0.011,38.222,0.022,13.935,3.004,10.932,3.636,-5451.75,70.778,4.541,-0.142,0.067,0.018,0.04,-1
2008-09-17 04:23:00,13.552,-0.014,28.47,0.025,14.683,18.196,9.526,2.552,-5249.0,73.411,1.689,-0.142,0.081,0.097,0.232,1
2008-09-17 07:14:00,3.094,-0.011,91.986,0.028,12.063,6.102,4.818,5.318,-5603.75,73.122,2.048,-0.899,0.09,0.036,0.081,-1
2008-09-17 07:28:00,-1.234,-0.013,36.782,0.017,12.628,8.643,59.378,5.658,-5662.0,68.844,1.619,-0.142,0.064,0.049,0.117,-1
2008-09-17 21:52:00,4.441,-0.014,113.971,0.016,6.902,14.316,12.305,4.812,-5477.5,75.756,2.201,-1.56,0.066,0.084,0.188,-1
2008-09-18 00:57:00,-4.611,-0.014,25.352,0.019,7.556,4.44,2.99,1.506,-6521.5,66.022,3.398,-0.899,0.062,0.02,0.044,-1
2008-09-18 01:40:00,1.89,-0.013,26.743,0.017,11.344,5.265,11.664,5.629,-5632.75,68.644,2.148,-1.56,0.072,0.032,0.067,-1
2008-09-18 01:43:00,0.453,-0.011,45.741,0.021,22.009,10.1,15.625,6.242,-5619.25,73.433,1.91,0.0,0.087,0.061,0.131,-1
2008-09-18 02:01:00,-0.204,-0.012,44.397,0.023,10.337,8.463,12.048,1.959,-5619.0,72.344,1.922,-1.56,0.097,0.048,0.11,-1
2008-09-18 03:58:00,-3.754,-0.013,19.421,0.021,10.929,10.373,28.089,2.077,-5525.25,71.944,2.342,-1.56,0.073,0.062,0.132,-1
2008-09-18 03:58:00,-3.904,-0.013,27.35,0.064,18.172,12.354,14.826,7.158,-5207.25,71.656,6.221,0.0,0.236,0.075,0.161,-1
2008-09-18 05:44:00,-2.81,-0.012,27.188,0.02,12.229,10.848,7.882,7.066,-5391.75,75.522,3.636,-1.56,0.074,0.063,0.14,-1
2008-09-18 05:58:00,-2.611,-0.012,31.707,0.015,11.767,9.0,19.783,7.623,-5621.0,75.589,2.295,-1.56,0.051,0.054,0.119,-1
2008-09-18 08:04:00,-2.627,-0.013,35.351,0.018,33.284,15.718,16.328,5.376,-5561.0,67.389,3.922,-0.568,0.07,0.078,0.192,-1
2008-09-18 10:48:00,5.471,-0.012,23.674,0.013,8.898,4.34,9.642,8.326,-5652.5,74.911,4.276,0.0,0.056,0.024,0.056,-1
2008-09-18 13:48:00,0.522,-0.009,49.198,0.021,27.082,10.266,7.072,2.836,-5627.5,72.278,3.387,0.047,0.076,0.065,0.135,-1
2008-09-18 17:22:00,4.398,-0.013,45.624,0.02,11.998,11.959,4.968,7.712,-5334.0,71.122,2.231,0.0,0.074,0.065,0.156,-1
2008-09-18 18:12:00,0.552,-0.012,44.806,0.027,14.532,4.726,10.266,5.091,-5639.75,72.678,1.891,0.047,0.107,0.029,0.062,-1
2008-09-18 18:56:00,1.442,-0.014,24.284,0.025,14.706,14.014,6.807,3.958,-5567.75,72.433,2.688,0.047,0.079,0.079,0.182,-1
2008-09-18 21:12:00,-2.596,-0.012,37.351,0.026,10.468,10.451,9.468,1.195,-5819.75,70.211,2.393,0.047,0.1,0.063,0.131,-1
2008-09-18 21:56:00,-4.902,-0.011,28.214,0.019,19.553,6.448,17.86,1.977,-5767.25,70.022,2.863,0.047,0.068,0.036,0.082,-1
2008-09-18 23:00:00,0.764,-0.013,35.385,0.022,10.614,4.6,15.63,2.449,-5476.5,67.556,2.42,0.0,0.07,0.028,0.059,-1
2008-09-18 23:05:00,-2.784,-0.011,35.794,0.026,20.252,11.003,16.576,6.493,-5345.25,69.056,3.964,-0.426,0.086,0.058,0.141,-1
2008-09-18 23:44:00,-2.471,-0.014,31.054,0.029,18.765,12.471,5.58,1.899,-5250.75,68.867,1.32,0.0,0.111,0.069,0.16,-1
2008-09-19 00:30:00,-3.272,-0.014,30.996,0.015,20.771,11.838,8.603,4.26,-5777.0,75.356,0.561,0.0,0.062,0.072,0.148,-1
2008-09-19 01:57:00,2.114,-0.012,22.57,0.021,8.555,10.91,11.731,5.872,-5327.75,70.356,3.616,0.0,0.101,0.062,0.139,-1
2008-09-19 02:44:00,3.929,-0.012,60.952,0.029,13.15,9.361,14.099,2.672,-5213.0,72.578,1.854,0.0,0.096,0.052,0.122,-1
2008-09-19 04:42:00,-0.534,-0.014,30.081,0.021,16.295,13.814,10.47,2.504,-5138.75,70.511,3.21,0.047,0.065,0.084,0.18,-1
2008-09-19 05:33:00,-1.184,-0.012,15.59,0.018,13.504,13.17,3.329,4.817,-5406.75,75.944,2.866,0.047,0.071,0.08,0.172,-1
2008-09-19 05:57:00,5.794,-0.012,28.887,0.024,10.272,4.678,10.942,2.944,-5300.5,72.867,2.453,-0.568,0.111,0.031,0.061,-1
2008-09-19 06:01:00,-4.968,-0.012,36.752,0.023,8.903,16.333,10.787,3.042,-5497.5,74.122,2.817,-1.608,0.071,0.09,0.21,-1
2008-09-19 06:44:00,-0.914,-0.012,37.607,0.017,8.373,4.726,4.168,2.478,-5398.75,73.611,2.144,0.047,0.076,0.026,0.06,-1
2008-09-19 07:14:00,-3.65,-0.012,18.776,0.026,18.695,10.584,6.747,3.011,-5217.25,73.378,1.932,-1.608,0.09,0.073,0.135,-1
2008-09-19 07:18:00,-2.534,-0.012,37.014,0.023,16.292,8.65,15.367,4.633,-5394.75,70.311,2.79,-1.608,0.078,0.055,0.115,-1
2008-09-19 08:08:00,0.86,-0.013,76.788,0.022,9.054,9.107,6.688,6.361,-5397.5,67.089,3.07,-0.426,0.095,0.05,0.117,-1
2008-09-19 08:52:00,-3.499,-0.013,38.356,0.017,6.217,9.079,5.304,6.212,-5543.0,73.756,1.424,-0.426,0.059,0.054,0.118,-1
2008-09-19 09:12:00,-5.233,-0.012,35.628,0.028,109.19,8.429,15.255,3.406,-5526.0,69.922,3.258,0.047,0.09,0.053,0.11,-1
2008-09-19 09:47:00,-1.79,-0.014,30.037,0.015,14.526,5.657,20.494,4.335,-5445.5,72.378,3.696,-1.608,0.064,0.031,0.073,-1
2008-09-19 10:45:00,1.031,-0.013,40.158,0.018,9.308,10.494,44.813,3.972,-4971.75,70.011,4.897,-1.608,0.063,0.056,0.136,-1
2008-09-19 11:13:00,-4.011,-0.012,41.893,0.018,20.696,12.11,52.03,5.05,-5001.0,73.767,2.802,-1.608,0.075,0.073,0.158,-1
2008-09-19 11:54:00,1.473,-0.013,42.912,0.016,98.68,6.699,12.405,8.218,-5368.75,65.078,3.644,-0.426,0.05,0.047,0.086,-1
2008-09-19 13:59:00,-1.243,-0.013,35.272,0.023,17.419,5.772,7.402,3.939,-6471.25,65.7,3.695,-1.135,0.078,0.024,0.057,-1
2008-09-19 15:31:00,2.484,-0.014,27.265,0.013,22.91,10.727,18.013,4.47,-5335.0,72.267,0.954,-1.135,0.054,0.065,0.138,-1
2008-09-19 16:40:00,0.79,-0.012,17.076,0.017,10.29,5.798,8.213,2.804,-5613.0,63.033,2.282,-1.135,0.067,0.033,0.075,-1
2008-09-19 16:58:00,5.662,-0.014,35.327,0.022,13.772,10.145,9.764,8.138,-5459.0,66.311,1.96,0.0,0.076,0.062,0.131,1
2008-09-19 17:47:00,-2.434,-0.01,52.671,0.02,10.231,10.172,12.022,5.337,-5398.5,69.3,3.756,-1.797,0.087,0.062,0.133,-1
2008-09-19 18:11:00,-1.403,-0.011,30.905,0.018,14.861,5.869,8.179,5.623,-5012.75,67.633,1.242,-1.797,0.07,0.035,0.077,-1
2008-09-19 18:33:00,-4.594,-0.012,45.119,0.018,17.981,8.867,24.618,2.456,-5248.25,69.867,2.649,-1.797,0.07,0.06,0.116,-1
2008-09-19 19:18:00,-0.331,-0.012,42.418,0.017,9.023,13.178,13.75,5.958,-5658.25,67.811,4.53,-1.797,0.077,0.08,0.175,-1
2008-09-19 19:29:00,2.672,-0.011,36.534,0.021,17.612,13.671,7.191,2.217,-5604.5,66.011,0.767,-1.797,0.072,0.08,0.174,-1
2008-09-19 20:05:00,4.984,-0.013,49.606,0.036,13.917,8.152,8.554,5.64,-5494.75,73.933,3.198,-3.496,0.123,0.049,0.104,-1
2008-09-19 20:07:00,-3.444,-0.013,39.005,0.026,8.336,8.806,9.749,2.947,-5549.25,73.233,0.744,-3.496,0.09,0.048,0.114,-1
2008-09-19 20:10:00,2.286,-0.014,45.936,0.025,19.289,7.486,15.901,11.275,-5370.75,72.478,4.928,-3.496,0.098,0.049,0.099,-1
2008-09-19 20:17:00,22.467,-0.009,36.315,0.034,16.229,23.906,12.362,8.226,-5573.75,72.356,2.731,-3.496,0.108,0.131,0.314,-1
2008-09-19 20:19:00,6.564,-0.005,80.637,0.023,13.798,8.398,16.498,4.671,-5370.25,72.489,1.97,-0.426,0.078,0.048,0.108,1
2008-09-19 21:08:00,-4.623,-0.011,36.697,0.062,18.194,7.62,9.466,6.06,-5599.25,75.044,5.599,-1.135,0.265,0.044,0.097,-1
2008-09-19 21:09:00,5.546,-0.014,34.846,0.021,18.72,10.811,55.544,2.232,-4994.25,66.2,2.831,0.0,0.073,0.063,0.138,1
2008-09-19 21:13:00,-2.152,-0.013,41.229,0.019,20.522,9.344,15.648,5.799,-5515.0,73.133,3.448,-3.496,0.064,0.05,0.119,-1
2008-09-19 21:14:00,6.25,-0.01,38.424,0.044,20.585,10.733,8.451,2.183,-5738.75,72.1,2.325,-3.496,0.155,0.059,0.138,-1
2008-09-19 21:59:00,3.251,-0.013,34.516,0.022,9.392,17.073,15.666,4.416,-5508.75,69.056,1.675,-1.135,0.073,0.105,0.217,1
2008-09-19 23:26:00,0.991,-0.012,54.18,0.02,20.566,9.507,7.634,3.214,-5580.25,75.389,3.332,-3.025,0.079,0.054,0.123,-1
2008-09-19 23:33:00,-3.866,-0.01,20.463,0.02,10.581,10.124,71.132,4.44,-5554.5,70.356,1.908,-3.025,0.086,0.054,0.127,-1
2008-09-20 00:18:00,-0.75,-0.009,57.143,0.025,21.528,13.354,12.947,5.962,-5692.5,67.756,0.86,-3.025,0.1,0.08,0.17,-1
2008-09-20 00:33:00,0.274,-0.01,52.346,0.026,13.826,5.307,18.047,4.07,-5834.75,70.967,4.002,-1.135,0.097,0.029,0.069,-1
2008-09-20 03:58:00,-5.927,-0.013,34.229,0.018,23.197,12.165,20.901,5.745,-5612.25,68.167,4.64,-3.496,0.083,0.075,0.159,-1
2008-09-20 04:13:00,-2.921,-0.013,12.651,0.021,19.626,12.744,8.339,4.34,-5588.0,71.211,1.163,-3.496,0.067,0.071,0.165,-1
2008-09-20 04:28:00,-3.74,-0.01,34.783,0.024,11.906,9.636,15.309,2.052,-5153.75,75.556,2.54,-3.496,0.077,0.058,0.125,-1
2008-09-20 05:22:00,-0.069,-0.011,44.101,0.018,7.876,5.723,2.274,2.575,-5365.75,70.344,1.034,-3.025,0.063,0.037,0.077,-1
2008-09-20 05:25:00,5.114,-0.012,43.892,0.018,13.447,11.069,8.773,4.142,-5437.0,70.122,0.179,-3.025,0.07,0.058,0.14,-1
2008-09-20 05:34:00,1.708,-0.01,77.832,0.018,6.226,6.715,5.691,4.214,-5007.75,76.167,0.939,-3.025,0.072,0.043,0.091,-1
2008-09-20 06:08:00,1.556,-0.014,27.249,0.016,17.538,3.738,14.596,3.967,-5357.5,71.433,4.491,-1.702,0.07,0.02,0.048,-1
2008-09-20 07:21:00,1.314,-0.012,19.828,0.02,19.884,10.821,21.744,2.617,-5031.25,63.789,1.501,-3.025,0.079,0.062,0.14,-1
2008-09-20 08:14:00,-1.018,-0.012,38.656,0.014,24.932,16.218,15.452,5.341,-5966.75,68.2,0.647,-3.496,0.062,0.092,0.214,-1
2008-09-20 10:51:00,-0.994,-0.013,24.312,0.028,20.16,14.686,3.469,5.999,-5477.5,71.544,0.616,-2.647,0.1,0.08,0.19,-1
2008-09-20 11:18:00,-0.924,-0.011,59.688,0.022,6.047,12.031,19.74,5.596,-5759.75,66.989,5.878,-3.025,0.083,0.068,0.154,-1
2008-09-20 12:20:00,-0.661,-0.011,25.747,0.018,9.67,9.354,6.261,7.538,-5622.0,62.289,3.223,-3.732,0.076,0.052,0.119,-1
2008-09-20 12:26:00,-0.192,-0.014,22.342,0.02,22.427,16.009,5.445,4.4,-5215.5,74.156,1.891,-3.732,0.061,0.089,0.206,-1
2008-09-20 12:27:00,-2.282,-0.012,45.937,0.024,15.863,4.176,17.652,2.278,-5540.5,66.867,2.792,-3.732,0.095,0.025,0.056,-1
2008-09-20 12:36:00,-5.934,-0.01,39.423,0.024,15.232,6.418,8.032,1.539,-6561.25,71.644,3.533,-3.496,0.071,0.025,0.061,-1
2008-09-20 12:57:00,5.718,-0.011,39.07,0.025,12.042,9.464,16.92,3.821,-5526.0,68.778,3.621,-3.732,0.082,0.052,0.117,-1
2008-09-20 14:00:00,-5.126,-0.013,47.104,0.031,9.505,9.192,18.169,6.53,-5476.25,74.111,2.193,-3.732,0.101,0.054,0.118,-1
2008-09-20 14:06:00,-2.131,-0.01,34.105,0.018,8.24,13.108,11.859,8.865,-5261.75,71.644,3.481,-3.732,0.071,0.071,0.169,-1
2008-09-20 14:42:00,0.42,-0.009,50.43,0.021,10.662,10.294,8.65,6.931,-5444.75,72.767,4.929,-2.647,0.092,0.062,0.133,-1
2008-09-20 14:50:00,-1.194,-0.011,40.423,0.021,17.933,5.889,13.459,4.843,-5290.0,72.778,2.357,-3.591,0.083,0.037,0.076,-1
2008-09-20 14:53:00,-3.529,-0.013,14.145,0.02,7.664,6.977,2.818,1.34,-6493.0,65.089,2.013,-3.025,0.094,0.033,0.07,-1
2008-09-20 15:02:00,-3.429,-0.012,31.872,0.017,6.294,8.608,16.837,4.627,-5743.25,72.389,2.446,-3.732,0.06,0.046,0.111,-1
2008-09-20 15:19:00,-2.171,-0.011,47.802,0.016,8.945,15.843,9.191,6.537,-5364.0,70.511,2.835,-2.647,0.077,0.088,0.206,-1
2008-09-20 15:37:00,-5.957,-0.012,34.31,0.024,11.051,7.641,14.379,2.919,-5501.0,74.778,4.273,-2.647,0.081,0.043,0.098,-1
2008-09-20 15:46:00,-1.046,-0.013,37.765,0.031,6.574,6.362,5.815,5.34,-5537.0,72.322,6.144,-3.732,0.098,0.037,0.081,-1
2008-09-20 16:43:00,4.239,-0.013,33.962,0.02,22.488,13.034,8.648,5.594,-5423.25,76.467,2.845,-3.591,0.073,0.078,0.167,-1
2008-09-20 16:44:00,-1.687,-0.011,38.18,0.026,16.722,18.442,44.831,5.885,-4682.0,68.367,2.185,-3.591,0.081,0.102,0.242,-1
2008-09-20 17:26:00,1.014,-0.011,51.045,0.018,25.115,12.777,5.827,4.088,-6469.5,71.167,1.926,-3.591,0.076,0.053,0.127,-1
2008-09-20 17:29:00,-0.873,-0.011,46.799,0.02,11.633,6.892,5.655,5.112,-5305.0,73.156,3.538,-3.591,0.078,0.041,0.089,-1
2008-09-20 18:03:00,-4.236,-0.013,32.95,0.025,25.578,3.887,6.26,3.774,-5671.25,68.078,0.66,-2.647,0.09,0.021,0.05,-1
2008-09-20 18:21:00,-5.139,-0.011,53.211,0.014,3.496,5.3,14.907,6.808,-5614.75,65.6,4.869,-3.779,0.057,0.029,0.068,-1
2008-09-20 18:56:00,1.54,-0.01,42.364,0.017,19.444,7.071,8.315,2.422,-5459.75,73.378,2.318,-3.779,0.068,0.041,0.091,-1
2008-09-20 19:14:00,0.108,-0.011,50.71,0.022,18.891,10.861,15.714,2.19,-5504.75,65.689,1.327,-3.732,0.082,0.067,0.14,-1
2008-09-20 19:21:00,-1.67,-0.01,47.904,0.043,9.611,13.646,16.448,4.309,-5648.25,76.633,4.43,-3.591,0.181,0.082,0.173,-1
2008-09-20 23:34:00,-4.89,-0.012,32.82,0.023,6.403,6.791,7.0,2.23,-5300.25,72.189,1.552,-3.779,0.095,0.041,0.091,-1
2008-09-21 00:48:00,-6.528,-0.011,19.113,0.026,6.397,7.072,16.284,3.304,-5121.5,74.344,3.453,-3.591,0.083,0.044,0.091,-1
2008-09-21 01:06:00,7.03,-0.012,19.219,0.016,23.248,18.49,79.41,3.359,-5491.75,69.633,1.474,-2.647,0.068,0.107,0.232,-1
2008-09-21 02:07:00,-2.636,-0.01,51.519,0.016,11.815,4.589,13.422,4.245,-5409.0,65.078,3.318,-3.779,0.057,0.029,0.06,-1
2008-09-21 03:04:00,1.394,-0.011,20.721,0.016,8.63,12.306,22.278,4.508,-5274.25,66.822,2.735,-2.647,0.068,0.072,0.161,-1
2008-09-21 03:47:00,-3.704,-0.013,22.656,0.026,9.174,9.658,6.968,2.274,-5339.0,73.367,1.309,-3.591,0.084,0.057,0.127,-1
2008-09-21 04:17:00,-0.45,-0.011,37.34,0.022,14.98,16.189,46.575,2.778,-5966.75,67.878,1.518,-3.779,0.07,0.09,0.219,-1
2008-09-21 04:49:00,-1.456,-0.012,56.509,0.021,17.82,13.62,4.676,5.035,-6351.0,63.822,5.025,-3.779,0.076,0.057,0.133,-1
2008-09-21 07:30:00,-2.636,-0.01,52.174,0.017,17.916,16.511,22.637,4.408,-5623.5,70.756,3.309,-3.591,0.064,0.097,0.208,-1
2008-09-21 07:55:00,3.982,-0.012,34.557,0.02,8.922,8.845,32.736,3.181,-5303.0,65.967,3.778,-2.647,0.072,0.052,0.113,-1
2008-09-21 08:22:00,-4.233,-0.01,54.379,0.018,7.604,8.041,6.414,5.896,-5675.0,68.022,3.185,-3.591,0.064,0.044,0.103,-1
2008-09-21 08:49:00,-0.804,-0.009,61.29,0.015,13.639,14.36,23.367,5.729,-5439.25,69.178,3.174,-3.779,0.064,0.084,0.18,-1
2008-09-21 09:16:00,-0.016,-0.01,43.849,0.019,8.991,5.074,21.129,6.887,-5949.25,71.078,2.654,-3.591,0.083,0.028,0.066,-1
2008-09-21 09:31:00,0.783,-0.011,28.852,0.015,16.591,12.003,46.318,6.247,-6189.75,68.9,2.056,-3.591,0.061,0.069,0.151,-1
2008-09-21 10:07:00,-0.441,-0.012,55.026,0.018,12.918,12.152,12.915,4.292,-5125.75,72.289,1.898,-3.591,0.076,0.067,0.157,-1
2008-09-21 10:49:00,2.114,-0.01,58.639,0.019,16.457,17.053,7.128,4.004,-5387.0,75.011,2.077,-3.591,0.061,0.101,0.215,-1
2008-09-21 11:33:00,-1.66,-0.01,49.432,0.023,11.264,19.209,27.676,5.727,-5145.25,68.511,3.223,-3.591,0.07,0.099,0.238,-1
2008-09-21 12:04:00,3.098,-0.013,25.397,0.019,15.517,13.934,8.724,4.69,-5548.25,67.978,3.758,-2.647,0.069,0.088,0.178,-1
2008-09-21 14:30:00,1.401,-0.013,34.783,0.025,25.571,9.177,18.662,3.263,-5648.0,70.067,2.249,-3.732,0.098,0.055,0.121,-1
2008-09-21 14:31:00,1.186,-0.01,24.096,0.025,12.899,7.264,8.394,3.767,-6445.0,64.589,3.014,-3.732,0.101,0.03,0.072,-1
2008-09-21 14:33:00,-2.666,-0.011,47.368,0.015,25.097,9.751,7.718,3.528,-5441.5,68.122,1.505,-3.591,0.071,0.054,0.129,-1
2008-09-21 15:15:00,-1.31,-0.011,64.0,0.017,4.646,14.498,10.014,2.973,-5482.5,76.178,2.159,-3.591,0.053,0.091,0.185,-1
2008-09-21 15:26:00,-3.884,-0.01,51.168,0.028,9.272,5.052,11.211,5.696,-5307.5,64.922,3.107,-3.732,0.086,0.03,0.065,-1
2008-09-21 15:34:00,-1.594,-0.012,32.409,0.02,8.03,8.401,6.905,5.064,-5648.25,76.556,1.762,-3.591,0.073,0.045,0.109,-1
2008-09-21 16:43:00,-1.716,-0.009,35.153,0.022,34.903,9.978,11.843,4.666,-5471.75,70.133,1.304,-3.732,0.077,0.058,0.126,-1
2008-09-21 17:26:00,-3.288,-0.01,59.929,0.021,6.556,7.436,7.668,5.61,-5399.25,69.678,2.465,-3.732,0.072,0.044,0.095,-1
2008-09-21 17:30:00,-2.918,-0.011,44.599,0.025,12.873,10.358,8.463,2.08,-5707.0,69.656,2.984,-3.732,0.099,0.059,0.138,-1
2008-09-21 18:12:00,,-0.01,24.301,0.015,21.657,9.516,18.376,3.739,-5420.25,76.244,2.333,-2.647,0.06,0.053,0.122,-1
2008-09-21 19:19:00,-3.088,-0.01,50.746,0.022,17.351,11.199,2.95,4.633,-5525.0,69.944,2.305,-3.732,0.082,0.067,0.142,-1
2008-09-21 20:35:00,-0.004,-0.011,32.179,0.027,15.774,5.829,6.232,8.954,-5327.5,73.767,3.143,-3.732,0.106,0.034,0.075,-1
2008-09-21 21:54:00,-5.856,-0.004,204.531,0.015,3.443,7.15,27.816,3.086,-5194.75,68.556,3.66,-3.732,0.053,0.042,0.094,-1
2008-09-21 22:02:00,3.967,-0.012,66.881,0.017,9.332,7.273,1.919,1.975,-6411.0,66.033,4.168,-3.732,0.06,0.03,0.073,-1
2008-09-22 00:12:00,0.7,-0.011,48.941,0.018,11.353,15.252,8.54,5.135,-5339.5,75.778,0.908,-3.543,0.066,0.085,0.194,-1
2008-09-22 00:28:00,-6.662,-0.011,33.906,0.022,19.738,8.692,15.101,3.434,-5443.25,73.122,2.31,-3.543,0.081,0.048,0.115,-1
2008-09-22 00:47:00,2.634,-0.008,76.972,0.026,16.099,10.934,10.386,8.394,-5776.75,72.244,1.854,-3.543,0.089,0.056,0.137,-1
2008-09-22 01:43:00,-0.633,-0.012,40.041,0.02,2.523,8.45,9.546,3.96,-5352.75,68.111,1.809,-3.543,0.078,0.047,0.11,-1
2008-09-22 03:51:00,-5.882,-0.012,31.866,0.026,14.855,14.093,9.061,5.714,-5352.5,70.244,2.122,-3.543,0.088,0.076,0.18,-1
2008-09-22 06:05:00,-2.264,-0.01,45.854,0.02,10.163,4.534,7.537,4.956,-5187.75,71.944,2.058,-2.93,0.077,0.025,0.058,-1
2008-09-22 07:12:00,0.738,-0.012,33.934,0.018,12.818,3.545,18.192,8.271,-5546.25,76.933,2.902,-3.543,0.058,0.021,0.046,-1
2008-09-22 10:43:00,4.908,-0.013,33.169,0.013,17.337,3.611,6.55,3.64,-5588.0,70.711,2.076,0.0,0.053,0.019,0.046,-1
2008-09-22 11:50:00,-1.176,-0.01,19.465,0.021,23.946,10.454,6.963,4.402,-6347.75,61.211,1.366,-2.93,0.088,0.048,0.102,-1
2008-09-22 12:11:00,-3.118,-0.013,41.499,0.021,18.982,10.505,5.462,4.391,-6335.25,64.656,3.677,-2.93,0.074,0.043,0.102,-1
2008-09-22 12:45:00,-2.519,-0.011,36.404,0.023,14.743,5.812,4.997,3.261,-5383.25,74.778,2.935,-2.93,0.087,0.031,0.074,-1
2008-09-22 13:03:00,-0.9,-0.008,70.796,0.018,15.166,13.625,6.994,4.242,-5475.75,63.444,4.285,-3.166,0.069,0.076,0.179,-1
2008-09-22 14:24:00,2.23,-0.008,55.457,0.019,3.569,8.158,11.343,4.187,-5333.75,66.433,1.439,-3.543,0.076,0.049,0.103,-1
2008-09-22 14:27:00,-1.091,-0.004,100.0,0.018,19.266,14.592,10.755,6.166,-5346.25,67.111,3.747,-3.166,0.054,0.078,0.184,-1
2008-09-22 14:36:00,-6.084,-0.01,65.557,0.02,16.047,7.826,19.41,5.22,-5291.0,72.322,2.484,-3.449,0.073,0.048,0.1,-1
2008-09-22 16:25:00,0.438,-0.012,18.776,0.017,24.681,9.381,6.638,3.547,-6403.0,64.178,2.283,-2.93,0.055,0.041,0.092,-1
2008-09-22 21:30:00,2.623,-0.01,38.554,0.029,16.473,11.92,10.645,5.141,-5984.0,69.1,3.88,-3.449,0.09,0.07,0.151,-1
2008-09-22 21:31:00,-6.339,-0.011,35.32,0.016,8.134,11.981,4.383,5.707,-4951.25,68.667,4.841,-3.449,0.066,0.067,0.153,-1
2008-09-22 22:15:00,-2.67,-0.01,56.716,0.026,4.861,5.362,7.374,2.521,-5167.0,74.933,3.632,-3.449,0.087,0.032,0.071,-1
2008-09-22 22:17:00,-2.389,-0.011,45.664,0.026,9.209,10.294,10.497,6.904,-5135.0,65.278,4.413,-3.543,0.085,0.056,0.134,-1
2008-09-22 23:01:00,-3.922,-0.011,31.015,0.018,11.991,7.237,4.843,1.863,-5740.75,67.211,1.252,-2.789,0.075,0.047,0.093,-1
2008-09-22 23:10:00,-5.52,-0.013,52.652,0.033,7.342,13.546,14.706,2.548,-5834.5,68.811,2.223,-2.789,0.105,0.088,0.176,-1
2008-09-23 00:57:00,-0.064,-0.011,55.924,0.025,6.562,4.353,10.123,1.102,-5176.25,67.522,1.49,-2.93,0.085,0.026,0.054,-1
2008-09-23 06:44:00,-1.599,-0.011,72.08,0.026,15.442,14.419,17.83,4.186,-5159.75,71.589,2.81,-2.93,0.083,0.081,0.189,-1
2008-09-23 06:44:00,-2.219,-0.01,20.314,0.033,9.87,7.201,14.088,7.606,-5245.75,69.089,2.317,-2.789,0.121,0.041,0.093,-1
2008-09-23 06:52:00,2.986,-0.014,35.327,0.027,8.506,5.638,17.138,1.456,-5327.5,72.111,4.404,0.0,0.083,0.031,0.074,-1
2008-09-23 07:58:00,0.246,-0.01,27.952,0.024,7.268,6.0,17.333,4.831,-5313.5,68.544,2.187,-3.119,0.096,0.032,0.078,-1
2008-09-23 08:11:00,0.714,-0.013,24.506,0.02,8.769,7.485,15.504,1.346,-5450.25,76.967,2.566,-3.119,0.081,0.041,0.096,-1
2008-09-23 09:43:00,-3.956,-0.011,58.757,0.03,12.562,10.346,7.202,3.272,-5428.75,66.778,0.689,-3.119,0.112,0.063,0.134,-1
2008-09-23 11:14:00,0.561,-0.014,29.26,0.021,7.428,6.493,16.252,3.313,-5580.75,66.322,4.07,0.0,0.068,0.041,0.084,1
2008-09-23 11:42:00,-2.568,-0.012,62.594,0.017,15.813,9.822,8.505,4.355,-5573.0,67.533,3.333,0.095,0.072,0.059,0.128,-1
2008-09-23 11:43:00,-1.299,-0.015,21.306,0.018,24.938,21.546,19.871,5.863,-5334.5,68.933,2.11,0.095,0.075,0.124,0.278,-1
2008-09-23 12:29:00,-2.728,-0.013,31.876,0.014,5.803,5.64,21.556,1.522,-5181.75,71.367,1.315,0.095,0.061,0.036,0.074,-1
2008-09-23 12:31:00,-5.469,-0.009,28.184,0.116,13.832,7.885,12.587,6.385,-5450.0,72.933,2.645,-3.119,0.394,0.048,0.103,-1
2008-09-23 12:46:00,-2.1,-0.014,26.784,0.032,14.537,10.723,7.216,5.091,-5626.25,69.144,2.917,-3.119,0.099,0.063,0.139,-1
2008-09-23 13:37:00,-1.983,-0.014,29.927,0.015,13.009,11.836,30.514,3.08,-6171.0,67.522,3.153,0.095,0.051,0.062,0.151,-1
2008-09-23 15:23:00,-1.054,-0.011,23.042,0.021,12.879,11.669,8.746,5.404,-5693.75,74.011,2.21,0.0,0.079,0.064,0.151,-1
2008-09-23 15:33:00,-3.206,-0.013,38.563,0.029,15.536,9.396,6.474,8.283,-5715.5,73.522,3.148,0.0,0.101,0.057,0.123,-1
2008-09-23 15:58:00,1.461,-0.011,47.775,0.021,8.517,9.578,5.968,3.501,-5663.5,69.122,1.292,0.095,0.078,0.053,0.123,-1
2008-09-23 18:10:00,-3.123,-0.011,27.464,0.016,14.359,12.191,15.349,6.065,-5329.25,67.289,4.544,-2.789,0.065,0.078,0.158,-1
2008-09-23 18:36:00,-3.751,-0.009,39.708,0.021,8.603,13.13,13.513,6.776,-5720.25,69.422,4.268,-3.449,0.08,0.071,0.168,-1
2008-09-23 18:56:00,-3.294,-0.01,38.662,0.021,21.879,10.489,8.6,4.435,-5337.0,69.322,2.497,-2.93,0.079,0.06,0.134,-1
2008-09-23 20:18:00,-1.56,-0.015,32.961,0.025,17.493,14.714,12.494,5.19,-5122.5,69.9,4.39,-3.449,0.095,0.088,0.194,-1
2008-09-23 20:59:00,-1.041,-0.012,26.584,0.019,9.017,8.644,16.298,5.086,-5730.75,65.644,2.033,-2.364,0.072,0.051,0.109,-1
2008-09-23 21:26:00,-1.24,-0.011,55.982,0.019,15.353,7.511,13.333,3.344,-5287.5,73.833,1.264,-2.364,0.064,0.043,0.098,-1
2008-09-23 22:25:00,-4.488,-0.014,29.604,0.018,12.524,7.666,13.858,4.221,-5621.5,66.933,2.993,-2.364,0.078,0.041,0.1,-1
2008-09-24 02:19:00,1.441,-0.012,48.133,0.016,20.629,9.059,19.602,4.556,-5596.25,72.0,5.088,0.0,0.061,0.051,0.117,-1
2008-09-24 02:44:00,-0.051,-0.009,45.745,0.02,15.23,10.384,30.723,1.245,-5650.5,71.489,3.369,-3.779,0.069,0.059,0.133,-1
2008-09-24 03:32:00,1.732,-0.01,38.677,0.028,24.173,15.189,7.932,2.376,-5295.0,68.244,0.74,-3.543,0.101,0.083,0.2,-1
2008-09-24 03:40:00,-0.244,-0.013,45.472,0.025,4.313,6.848,10.31,5.295,-5344.25,72.711,4.042,0.0,0.094,0.042,0.087,-1
2008-09-24 05:13:00,0.38,-0.012,37.149,0.023,13.895,11.814,4.49,7.925,-5412.25,76.878,3.316,0.0,0.078,0.062,0.147,-1
2008-09-24 05:22:00,-2.141,-0.013,62.028,0.023,13.52,19.044,14.897,5.998,-5336.75,68.111,1.081,-3.779,0.085,0.111,0.247,-1
2008-09-24 06:13:00,-2.066,-0.012,29.6,0.102,16.514,7.91,9.191,6.44,-5407.5,71.911,3.413,-3.119,0.438,0.044,0.102,-1
2008-09-24 06:14:00,-4.396,-0.018,42.732,0.02,13.815,9.522,13.025,4.845,-5535.5,72.4,3.005,-3.119,0.08,0.052,0.122,-1
2008-09-24 07:23:00,-1.929,,,0.02,18.468,16.087,6.63,5.073,-5490.25,67.6,1.88,-2.364,0.077,0.09,0.207,-1
2008-09-24 10:10:00,-4.659,-0.013,30.799,0.02,9.173,14.531,12.485,3.604,-5358.5,74.489,1.256,-2.364,0.089,0.084,0.188,-1
2008-09-24 10:53:00,-0.533,-0.011,41.918,0.024,12.248,13.04,9.034,5.048,-5479.25,70.533,1.954,0.0,0.075,0.07,0.169,-1
2008-09-24 10:59:00,-1.083,-0.013,39.925,0.027,9.082,5.659,15.726,4.066,-5278.0,69.611,2.023,-3.779,0.101,0.033,0.072,-1
2008-09-24 11:47:00,-0.373,-0.018,22.953,0.018,3.955,8.602,12.67,4.735,-5611.75,73.589,1.417,-3.779,0.073,0.048,0.112,-1
2008-09-24 12:04:00,-1.047,-0.013,34.253,0.02,15.998,5.879,9.173,4.44,-5320.0,71.411,2.746,0.0,0.074,0.036,0.078,-1
2008-09-24 12:35:00,0.974,-0.014,30.298,0.013,14.442,6.68,20.484,5.418,-5511.5,72.678,1.978,-2.364,0.056,0.039,0.085,-1
2008-09-24 13:01:00,-3.951,-0.015,19.048,0.024,11.207,10.693,7.57,6.237,-5535.0,73.111,5.736,-3.119,0.091,0.062,0.137,-1
2008-09-24 15:05:00,1.003,-0.014,38.919,0.022,3.988,2.579,7.157,5.592,-5477.0,72.233,4.319,0.0,0.071,0.018,0.034,1
2008-09-24 15:39:00,2.811,-0.009,58.902,0.024,7.325,11.51,20.781,3.835,-5408.75,73.978,1.857,0.0,0.092,0.066,0.149,-1
2008-09-24 15:42:00,-3.614,-0.015,39.669,0.016,22.411,14.599,6.457,4.929,-5699.25,74.056,3.698,-3.779,0.058,0.094,0.193,-1
2008-09-24 15:43:00,-5.76,-0.012,71.679,0.024,13.361,10.433,9.186,3.889,-5301.75,67.444,1.862,-3.119,0.076,0.065,0.135,-1
2008-09-24 16:26:00,-1.611,-0.007,62.432,0.018,9.923,9.02,14.114,6.276,-5377.75,73.889,2.113,-1.939,0.057,0.05,0.118,-1
2008-09-24 17:54:00,2.32,-0.013,49.713,0.026,11.318,9.804,7.517,2.798,-5228.25,66.8,3.307,-2.93,0.083,0.059,0.126,-1
2008-09-24 18:05:00,-1.249,-0.009,18.889,0.017,14.377,14.026,7.031,7.517,-5234.25,74.322,4.569,-2.553,0.066,0.077,0.185,-1
2008-09-25 01:05:00,0.187,-0.014,27.813,0.025,12.686,8.816,4.086,2.536,-5359.25,69.422,1.401,-2.033,0.084,0.049,0.115,-1
2008-09-25 02:03:00,4.879,-0.01,37.91,0.018,21.03,7.215,18.155,3.983,-5684.5,72.033,2.431,-2.553,0.07,0.047,0.098,-1
2008-09-25 06:21:00,-2.021,-0.013,27.861,0.018,24.118,11.874,19.805,10.001,-5685.5,72.8,4.174,-3.072,0.082,0.07,0.154,-1
2008-09-25 07:12:00,-0.739,-0.011,48.299,0.022,10.545,8.242,6.812,6.596,-5534.0,74.411,3.162,-2.505,0.075,0.042,0.103,-1
2008-09-25 07:58:00,-2.873,-0.014,44.089,0.019,21.606,14.68,14.969,5.321,-5685.0,67.378,2.052,-2.458,0.072,0.08,0.193,-1
2008-09-25 08:45:00,2.604,-0.009,30.939,0.016,22.757,6.349,8.983,2.4,-5499.25,73.878,2.47,-2.553,0.061,0.034,0.08,-1
2008-09-25 09:31:00,-5.942,-0.012,19.612,0.023,13.921,15.568,13.729,9.436,-5761.5,67.722,2.513,-2.458,0.095,0.092,0.206,-1
2008-09-25 10:23:00,-4.989,-0.014,43.756,0.02,17.323,10.389,5.142,4.837,-5523.0,69.767,4.104,-2.553,0.09,0.054,0.131,-1
2008-09-25 11:08:00,-2.972,-0.013,21.601,0.027,5.762,6.76,11.208,3.253,-5424.75,71.844,7.162,-2.6,0.084,0.044,0.086,-1
2008-09-25 11:09:00,-0.936,-0.016,25.336,0.017,27.626,14.362,15.475,6.562,-5977.25,71.8,1.849,-2.222,0.07,0.082,0.189,-1
2008-09-25 11:55:00,1.167,-0.018,37.032,0.021,10.896,15.921,24.302,3.937,-4900.75,74.044,2.191,-2.175,0.081,0.09,0.21,-1
2008-09-25 13:42:00,0.601,-0.009,26.455,0.02,1.652,4.444,19.51,5.444,-5264.0,66.244,4.748,-2.175,0.064,0.028,0.06,-1
2008-09-25 14:08:00,2.647,-0.01,35.122,0.014,2.444,10.419,13.485,3.93,-5598.75,76.067,2.303,-2.08,0.05,0.063,0.133,-1
2008-09-25 14:28:00,0.536,-0.013,45.412,0.021,16.556,7.552,8.607,2.066,-5588.25,72.333,2.437,-2.6,0.08,0.042,0.097,-1
2008-09-25 15:12:00,-2.504,-0.012,61.739,0.013,16.628,9.248,16.179,1.423,-5062.25,67.233,0.688,-2.505,0.05,0.051,0.119,-1
2008-09-25 15:40:00,-0.633,-0.012,26.133,0.017,2.926,2.864,15.77,4.26,-5434.25,70.867,2.594,-2.08,0.067,0.02,0.038,-1
2008-09-25 15:55:00,0.77,-0.012,21.739,0.018,11.376,11.64,16.608,5.988,-5455.25,75.167,1.626,-2.553,0.072,0.063,0.154,-1
2008-09-25 16:44:00,-3.182,-0.016,46.534,0.023,10.782,7.543,17.046,1.945,-5825.25,68.767,3.392,-2.505,0.078,0.042,0.098,-1
2008-09-25 17:28:00,-0.844,-0.01,15.81,0.019,8.45,12.603,10.948,4.372,-5489.5,66.611,2.756,-2.505,0.077,0.075,0.161,-1
2008-09-25 17:29:00,-2.241,-0.013,27.478,0.014,9.306,3.7,13.935,3.487,-5411.0,71.522,3.517,-2.175,0.039,0.02,0.048,-1
2008-09-25 19:49:00,2.298,-0.014,55.797,0.017,14.318,4.214,2.481,5.207,-5402.0,67.278,2.758,-2.175,0.072,0.023,0.055,-1
2008-09-25 22:05:00,-3.126,-0.013,20.971,0.02,21.714,8.206,39.247,4.516,-5870.5,68.611,1.896,-2.08,0.08,0.05,0.107,-1
2008-09-25 23:04:00,-1.173,-0.011,64.841,0.022,30.369,11.056,14.17,3.16,-5293.0,67.467,2.486,-2.647,0.073,0.071,0.144,-1
2008-09-25 23:48:00,1.296,-0.011,22.3,0.024,16.61,11.009,11.172,6.096,-5630.25,75.8,4.682,-2.647,0.069,0.06,0.141,-1
2008-09-26 00:19:00,-2.973,-0.012,44.308,0.018,8.28,8.966,9.936,2.912,-5615.75,73.722,1.528,-2.647,0.059,0.051,0.117,-1
2008-09-26 01:21:00,4.396,-0.013,29.429,0.022,6.492,10.313,7.621,3.061,-5353.75,73.056,2.695,-2.647,0.083,0.054,0.131,-1
2008-09-26 02:26:00,-3.496,-0.011,51.158,0.017,16.315,11.17,13.083,1.303,-5404.0,68.678,2.491,-2.647,0.059,0.066,0.143,-1
2008-09-26 03:12:00,-3.216,-0.014,20.788,0.013,21.197,11.989,15.428,3.933,-5360.5,71.933,4.33,-3.025,0.055,0.066,0.159,-1
2008-09-26 03:29:00,2.028,-0.014,31.169,0.024,64.05,8.996,13.051,4.399,-5539.75,66.822,3.268,-2.505,0.097,0.056,0.12,-1
2008-09-26 04:14:00,-3.616,-0.009,63.356,0.014,10.044,7.995,5.034,4.801,-5303.5,67.778,1.553,-2.317,0.046,0.044,0.1,-1
2008-09-26 05:32:00,-4.102,-0.016,53.12,0.021,25.13,7.509,7.562,3.66,-5712.75,75.0,1.683,-2.505,0.084,0.047,0.1,-1
2008-09-26 11:08:00,0.198,-0.012,33.621,0.022,16.759,12.603,21.857,5.447,-5289.0,72.778,1.37,-2.647,0.092,0.069,0.165,-1
2008-09-26 13:36:00,-5.968,-0.01,21.429,0.019,12.81,10.334,10.395,6.196,-5598.75,73.833,3.559,-1.797,0.074,0.062,0.129,-1
2008-09-26 13:45:00,-1.441,-0.012,44.305,0.016,27.331,14.099,23.591,8.565,-5523.25,70.822,1.11,-2.175,0.068,0.085,0.178,-1
2008-09-26 14:20:00,-2.671,-0.013,45.326,0.017,22.334,10.244,15.671,5.323,-5366.75,71.967,2.894,-2.175,0.072,0.06,0.13,-1
2008-09-26 14:51:00,0.033,-0.012,32.298,0.014,35.748,12.098,18.802,4.255,-5760.0,69.789,3.003,-2.505,0.051,0.075,0.159,-1
2008-09-26 15:06:00,1.702,-0.011,82.235,0.021,9.093,8.361,12.818,9.994,-5078.75,68.844,2.102,-2.458,0.071,0.05,0.108,-1
2008-09-26 15:36:00,-3.346,-0.01,64.55,0.02,18.631,6.063,16.013,3.803,-5345.75,73.578,2.172,-3.072,0.068,0.034,0.078,-1
2008-09-26 15:49:00,-2.437,-0.012,30.205,0.015,11.821,15.651,19.565,6.409,-5515.0,67.511,3.873,-2.6,0.057,0.089,0.201,-1
2008-09-26 16:31:00,-6.046,-0.012,30.173,0.017,11.524,7.88,7.756,5.738,-5647.5,67.944,2.389,-1.797,0.074,0.044,0.1,-1
2008-09-26 17:59:00,-3.226,-0.014,50.942,0.018,20.274,10.265,6.076,9.818,-5283.0,68.567,3.564,-2.505,0.078,0.055,0.128,-1
2008-09-26 18:54:00,-9.1,-0.009,66.286,0.018,23.288,6.832,9.481,4.364,-5463.75,71.944,2.734,-2.553,0.069,0.045,0.086,-1
2008-09-26 19:38:00,2.273,-0.017,31.35,0.02,6.17,12.436,11.15,5.188,-5569.5,73.578,0.56,-2.6,0.089,0.072,0.158,-1
2008-09-26 19:45:00,-0.954,-0.013,37.427,0.017,13.73,3.842,11.874,7.284,-5390.0,76.756,1.878,-3.025,0.079,0.026,0.05,-1
2008-09-26 19:55:00,-2.503,-0.009,30.394,0.028,5.792,4.488,8.178,2.741,-5160.5,71.467,1.975,-2.6,0.1,0.027,0.058,-1
2008-09-26 20:23:00,-3.879,-0.011,41.379,0.021,16.213,13.156,22.848,4.168,-5654.75,72.356,1.704,-2.553,0.07,0.072,0.166,-1
2008-09-26 20:31:00,-6.641,-0.014,22.417,0.019,23.989,18.134,13.583,11.42,-5455.25,71.522,3.039,-3.025,0.068,0.094,0.226,-1
2008-09-27 00:16:00,-5.694,-0.012,23.868,0.018,5.284,5.207,15.699,1.953,-5471.75,72.122,3.451,-1.939,0.069,0.028,0.066,-1
2008-09-27 00:17:00,1.593,-0.012,95.341,0.077,6.803,6.447,4.877,2.508,-6438.0,64.978,3.732,-2.505,0.324,0.03,0.065,-1
2008-09-27 01:29:00,-2.534,-0.013,47.75,0.016,19.125,10.292,16.365,5.352,-5573.0,69.511,0.703,-2.08,0.064,0.057,0.135,-1
2008-09-27 03:53:00,-0.596,-0.014,37.077,0.014,8.097,6.633,7.972,1.29,-5168.0,68.2,1.017,-2.458,0.058,0.04,0.086,-1
2008-09-27 10:10:00,-4.782,-0.011,44.053,0.022,14.348,10.225,2.636,3.486,-5729.5,72.489,1.229,-2.317,0.086,0.061,0.134,-1
2008-09-27 10:13:00,1.63,-0.011,27.223,0.027,17.365,18.032,17.89,4.018,-5690.25,77.089,3.211,-2.458,0.11,0.106,0.236,-1
2008-09-27 11:04:00,-0.411,-0.014,44.283,0.039,7.872,13.801,7.357,3.125,-5382.5,67.089,0.556,-3.072,0.133,0.072,0.177,-1
2008-09-27 11:45:00,-2.957,-0.012,26.31,0.021,120.728,12.007,5.645,5.888,-5349.75,71.6,0.506,-2.08,0.075,0.071,0.156,-1
2008-09-27 11:54:00,-0.214,-0.002,221.622,0.019,8.036,9.794,21.192,6.88,-5077.5,75.956,4.57,-2.08,0.082,0.061,0.126,-1
2008-09-27 12:26:00,-1.604,-0.014,35.604,0.016,11.751,9.633,15.43,4.178,-5768.0,73.622,1.01,-3.025,0.071,0.053,0.124,-1
2008-09-27 12:28:00,-0.024,-0.013,27.106,0.019,19.19,12.26,15.9,4.701,-5132.0,69.378,1.67,-2.505,0.075,0.068,0.161,-1
2008-09-27 12:36:00,-0.088,-0.012,18.605,0.014,6.061,9.887,14.306,4.802,-5494.25,73.967,2.97,-3.072,0.056,0.063,0.129,-1
2008-09-27 13:14:00,-0.597,-0.015,25.249,0.028,17.743,2.622,20.392,1.558,-5399.25,72.956,2.851,-2.458,0.091,0.016,0.034,-1
2008-09-27 13:19:00,-0.468,-0.012,36.667,0.018,24.544,12.244,10.624,6.332,-5741.75,67.689,2.756,-2.647,0.055,0.073,0.157,-1
2008-09-27 14:01:00,-4.799,-0.013,38.71,0.013,16.724,8.847,4.779,7.976,-5293.5,71.444,4.08,-1.939,0.052,0.049,0.113,-1
2008-09-27 14:05:00,-0.007,-0.011,51.902,0.021,20.64,22.054,12.893,2.34,-5607.75,76.9,1.9,-2.458,0.067,0.122,0.284,-1
2008-09-27 14:46:00,-2.544,-0.013,45.802,0.019,6.226,11.457,16.624,7.143,-5305.75,67.567,0.91,-2.08,0.075,0.064,0.152,-1
2008-09-27 15:09:00,3.998,-0.01,59.08,0.022,19.13,15.035,9.047,1.933,-5615.0,69.856,4.738,-2.458,0.075,0.09,0.2,-1
2008-09-27 15:30:00,-0.574,-0.014,45.4,0.091,9.88,9.824,15.194,5.237,-5258.5,67.056,2.582,-1.797,0.292,0.064,0.127,-1
2008-09-27 16:13:00,-9.432,-0.012,37.149,0.016,16.093,19.579,10.629,8.772,-5315.75,71.189,1.614,-2.175,0.069,0.112,0.256,-1
2008-09-27 17:26:00,1.47,-0.011,33.333,0.017,27.706,11.838,14.749,5.864,-5227.5,67.478,3.83,-2.08,0.06,0.062,0.151,-1
2008-09-27 18:14:00,3.164,-0.01,53.333,0.014,14.474,12.173,20.033,6.751,-5161.5,74.533,2.012,-2.6,0.065,0.07,0.163,-1
2008-09-27 19:16:00,-0.817,-0.013,50.794,0.02,3.011,7.297,14.37,2.469,-5469.75,72.022,1.858,-2.317,0.088,0.043,0.092,-1
2008-09-27 20:46:00,4.166,-0.012,39.96,0.023,33.155,5.977,13.557,2.15,-5657.5,74.444,2.485,-3.025,0.084,0.034,0.079,-1
2008-09-27 21:45:00,-4.15,-0.008,51.613,0.019,20.537,12.074,4.486,3.426,-6576.0,69.367,3.764,-2.6,0.069,0.05,0.117,-1
2008-09-28 00:51:00,3.217,-0.013,44.315,0.019,13.884,6.194,10.821,3.934,-5461.75,72.189,1.653,-1.939,0.058,0.034,0.081,-1
2008-09-28 01:22:00,-2.936,-0.013,38.647,0.03,11.343,6.521,13.196,3.831,-5357.5,67.3,1.751,-2.789,0.118,0.034,0.083,-1
2008-09-28 03:55:00,-4.493,-0.01,34.085,0.014,6.797,10.438,4.684,5.286,-5508.5,67.222,4.485,-2.553,0.054,0.057,0.137,-1
2008-09-28 04:45:00,-5.332,-0.012,53.506,0.016,27.675,12.714,13.502,8.628,-5332.5,75.944,3.822,-2.08,0.051,0.068,0.167,1
2008-09-28 05:31:00,-0.263,-0.012,39.003,0.016,10.018,7.652,5.679,5.014,-5564.0,68.133,1.808,-2.458,0.059,0.042,0.099,-1
2008-09-28 06:22:00,-4.838,-0.009,26.194,0.016,12.483,14.546,13.066,1.497,-5296.0,72.433,1.888,-2.08,0.054,0.078,0.188,-1
2008-09-28 07:38:00,-1.02,-0.009,64.773,0.019,25.569,11.592,24.256,1.104,-5528.5,66.789,1.985,-2.458,0.078,0.063,0.15,-1
2008-09-28 07:52:00,-0.504,-0.009,28.07,0.024,15.11,10.092,9.69,3.73,-5438.75,76.878,0.892,-2.789,0.092,0.066,0.132,-1
2008-09-28 08:40:00,-0.154,-0.016,21.358,0.024,14.21,6.406,14.175,8.988,-5770.75,69.8,2.399,0.047,0.083,0.039,0.084,-1
2008-09-28 08:41:00,-1.686,-0.015,23.569,0.027,17.172,9.983,6.59,8.955,-5357.0,74.189,1.708,-3.072,0.11,0.065,0.135,-1
2008-09-28 09:50:00,-0.822,0.006,69.355,0.023,16.518,6.094,14.142,5.637,-5374.0,72.467,1.321,-2.789,0.08,0.036,0.08,1
2008-09-28 17:05:00,1.634,,,0.017,10.657,4.369,11.679,5.489,-5402.75,72.267,4.723,-2.647,0.071,0.025,0.056,-1
2008-09-28 17:06:00,-1.497,-0.011,41.143,0.029,31.263,17.062,8.381,5.282,-5512.5,70.133,1.505,-2.647,0.11,0.095,0.23,-1
2008-09-28 17:49:00,4.081,-0.011,31.718,0.021,16.648,6.387,16.553,4.596,-6029.0,75.867,1.196,-1.986,0.078,0.039,0.083,-1
2008-09-28 17:55:00,2.846,-0.009,55.682,0.03,14.304,6.536,12.603,5.896,-5625.75,69.156,2.848,-2.647,0.104,0.036,0.084,-1
2008-09-28 18:34:00,3.654,-0.014,36.866,0.03,15.293,8.739,9.331,4.21,-5647.75,67.822,3.625,-2.647,0.1,0.057,0.115,-1
2008-09-28 18:43:00,-1.436,-0.013,25.954,0.02,2.406,0.456,3.966,7.049,-5371.0,71.5,4.079,0.047,0.075,0.003,0.006,-1
2008-09-28 19:18:00,-0.716,-0.011,34.703,0.024,13.45,8.303,4.887,1.406,-5729.25,67.378,2.564,0.047,0.093,0.046,0.108,-1
2008-09-28 19:29:00,0.321,-0.01,58.272,0.027,13.051,11.456,5.162,7.106,-5501.25,75.656,4.566,-2.789,0.089,0.066,0.146,-1
2008-09-28 20:02:00,-4.411,-0.01,34.654,0.02,19.031,16.429,11.72,7.646,-5341.25,68.044,1.472,-2.553,0.078,0.104,0.213,-1
2008-09-28 20:42:00,-5.747,-0.007,90.848,0.024,21.08,7.302,13.411,3.629,-5294.0,72.878,2.528,-2.789,0.094,0.044,0.094,-1
2008-09-28 21:08:00,-0.094,-0.015,24.532,0.018,10.027,6.832,21.17,2.347,-5337.75,67.9,1.835,-2.458,0.068,0.036,0.088,-1
2008-09-28 21:27:00,2.091,-0.014,19.598,0.024,17.412,17.279,8.151,2.162,-5398.25,67.944,4.163,-1.986,0.086,0.101,0.221,-1
2008-09-28 22:44:00,-0.146,-0.012,30.412,0.023,13.341,5.183,28.47,5.09,-5637.5,67.633,0.796,-2.033,0.084,0.033,0.068,-1
2008-09-28 23:54:00,1.147,-0.017,15.249,0.019,13.689,12.058,27.361,3.893,-5442.0,76.022,3.296,-2.647,0.07,0.069,0.162,-1
2008-09-29 02:06:00,-1.938,-0.012,37.029,0.025,6.224,6.03,12.682,2.241,-5314.5,71.178,3.097,-2.694,0.088,0.035,0.077,-1
2008-09-29 03:07:00,3.544,-0.014,43.941,0.02,3.95,18.925,19.252,9.388,-5329.25,68.378,2.956,-2.033,0.084,0.108,0.25,-1
2008-09-29 03:50:00,0.207,-0.016,26.917,0.022,15.639,16.172,13.106,8.282,-5333.25,72.122,2.976,-2.694,0.089,0.092,0.21,-1
2008-09-29 04:18:00,-0.119,-0.013,40.665,0.016,15.631,10.76,5.355,6.23,-5546.5,73.067,1.876,0.047,0.06,0.06,0.136,-1
2008-09-29 04:47:00,-1.883,-0.014,27.758,0.03,13.337,9.925,7.951,5.926,-5169.25,69.211,4.865,-2.033,0.089,0.052,0.126,-1
2008-09-29 05:32:00,3.388,-0.009,54.986,0.022,12.624,7.344,19.324,4.072,-5490.5,67.967,1.789,-2.789,0.081,0.042,0.094,-1
2008-09-29 07:53:00,4.538,-0.015,20.426,0.016,26.684,14.347,5.773,3.436,-5629.25,74.856,1.486,-2.694,0.056,0.087,0.191,-1
2008-09-29 09:15:00,0.498,-0.008,78.56,0.018,12.46,11.38,18.031,7.186,-5302.0,75.2,0.498,-1.655,0.069,0.063,0.142,-1
2008-09-29 11:13:00,4.074,-0.013,33.781,0.024,30.401,9.935,12.363,4.994,-5435.75,66.211,3.497,0.0,0.102,0.056,0.134,-1
2008-09-29 11:53:00,1.443,-0.015,28.378,0.022,11.961,5.804,14.037,2.661,-5492.5,73.922,2.929,-2.222,0.071,0.037,0.074,-1
2008-09-29 12:25:00,1.0,-0.014,31.034,0.022,19.164,12.189,7.612,7.551,-5097.0,70.544,0.813,-2.222,0.08,0.069,0.164,-1
2008-09-29 14:03:00,-0.95,-0.013,40.118,0.028,15.735,9.79,6.202,2.458,-5207.75,69.011,3.119,-2.222,0.123,0.055,0.127,-1
2008-09-29 14:04:00,-2.236,-0.013,34.059,0.022,11.741,7.813,12.095,4.137,-5060.0,75.044,5.264,-2.458,0.083,0.043,0.101,-1
2008-09-29 14:08:00,1.224,-0.015,30.288,0.021,13.699,10.856,15.59,7.624,-5465.0,68.011,1.403,-2.222,0.086,0.065,0.143,-1
2008-09-29 15:09:00,1.356,-0.011,20.465,0.021,9.268,7.669,17.884,4.128,-5418.25,68.178,3.176,-2.128,0.094,0.044,0.101,-1
2008-09-29 15:16:00,0.59,-0.013,23.324,0.023,18.422,5.787,7.298,2.493,-5343.75,74.444,2.736,-2.033,0.091,0.033,0.074,-1
2008-09-29 16:27:00,4.536,-0.012,70.833,0.014,5.086,4.714,10.852,5.461,-5593.5,74.9,1.497,-2.742,0.062,0.03,0.063,-1
2008-09-29 17:21:00,-2.336,-0.014,41.696,0.028,10.24,6.602,18.241,7.045,-4994.25,73.156,4.658,-2.694,0.108,0.042,0.087,-1
2008-09-29 21:26:00,-10.446,-0.01,36.222,0.019,13.273,5.715,9.765,7.752,-5489.0,67.122,1.229,-1.088,0.067,0.034,0.073,-1
2008-09-29 21:48:00,-2.949,-0.014,37.403,0.018,25.0,8.706,19.155,4.15,-5774.0,66.633,1.999,-2.742,0.066,0.052,0.113,1
2008-09-29 22:13:00,0.478,-0.011,45.664,0.044,28.69,13.926,19.742,5.287,-5415.0,75.556,3.582,-2.222,0.165,0.08,0.177,-1
2008-09-30 01:33:00,1.406,-0.012,41.59,0.017,16.91,13.43,3.055,5.526,-5597.0,72.611,2.673,-2.694,0.071,0.078,0.171,-1
2008-09-30 01:36:00,-7.008,-0.014,48.142,0.03,11.286,7.484,7.977,5.703,-5303.0,71.067,2.51,-1.939,0.108,0.041,0.096,-1
2008-09-30 02:44:00,1.934,-0.013,46.139,0.022,29.316,11.442,7.527,7.605,-5447.25,74.467,3.21,-2.742,0.07,0.069,0.144,1
2008-09-30 04:01:00,6.349,-0.008,48.81,0.021,16.35,9.404,14.484,7.58,-5606.25,68.089,1.83,0.047,0.074,0.053,0.122,-1
2008-09-30 04:42:00,6.276,-0.013,37.03,0.021,19.141,8.636,2.433,5.393,-5631.25,71.411,3.277,-2.033,0.071,0.051,0.111,-1
2008-09-30 08:44:00,5.636,-0.013,35.114,0.03,14.645,10.983,18.359,5.726,-5632.0,72.722,2.07,0.0,0.104,0.061,0.143,-1
2008-09-30 12:31:00,-3.779,-0.01,62.644,0.018,5.893,9.442,5.541,4.835,-5468.0,72.289,2.36,-2.6,0.066,0.053,0.121,-1
2008-09-30 13:29:00,-1.948,-0.011,62.443,0.016,22.523,10.502,18.628,5.47,-5400.5,75.889,2.934,-2.742,0.066,0.057,0.136,-1
2008-09-30 14:20:00,1.328,-0.005,70.466,0.028,22.84,11.444,6.476,7.869,-5651.25,75.656,4.028,-1.088,0.097,0.069,0.147,-1
2008-09-30 14:36:00,0.154,-0.012,32.129,0.026,17.401,10.556,8.013,2.078,-5528.5,72.778,1.761,-2.6,0.087,0.056,0.131,-1
2008-09-30 15:16:00,-1.313,-0.011,30.323,0.027,7.133,9.048,11.052,3.594,-5863.0,68.356,0.915,-2.128,0.094,0.05,0.116,-1
2008-09-30 15:26:00,-1.86,-0.01,52.792,0.018,14.77,15.984,16.975,5.007,-5631.75,77.344,1.4,-2.08,0.061,0.088,0.203,-1
2008-09-30 16:13:00,3.432,-0.013,47.059,0.016,17.068,16.08,19.141,5.174,-5773.0,75.256,1.319,-2.789,0.068,0.089,0.208,-1
2008-09-30 16:50:00,3.176,-0.008,43.917,0.018,3.088,7.363,10.616,10.08,-5520.25,75.367,3.624,0.047,0.061,0.039,0.093,-1
2008-09-30 17:27:00,-2.359,-0.012,33.266,0.019,7.217,16.041,11.468,7.018,-5511.0,68.2,3.235,-2.694,0.068,0.086,0.206,-1
2008-09-30 19:17:00,2.342,-0.006,40.0,0.02,20.29,19.406,8.994,4.354,-5437.25,76.322,3.522,-2.742,0.093,0.103,0.25,-1
2008-09-30 19:17:00,-6.026,-0.01,63.158,0.022,12.732,7.246,8.499,3.418,-5318.5,74.011,1.986,0.047,0.092,0.04,0.095,-1
2008-09-30 21:39:00,0.197,-0.009,68.347,0.018,1.627,5.878,10.553,3.694,-5145.25,68.767,3.958,-2.789,0.064,0.036,0.08,-1
2008-09-30 21:42:00,2.067,-0.013,32.0,0.016,7.188,2.262,3.818,5.884,-5605.0,73.5,2.369,-3.072,0.071,0.013,0.029,-1
2008-09-30 23:34:00,,-0.005,104.854,0.021,15.131,11.269,13.287,7.501,-5561.75,72.6,2.001,-2.553,0.082,0.061,0.141,-1
2008-09-30 23:58:00,0.236,-0.013,65.733,0.016,6.817,13.344,6.712,6.363,-5050.25,66.211,4.036,-2.789,0.06,0.072,0.173,-1
2008-01-10 00:20:00,-3.01,-0.01,47.244,0.024,30.453,10.377,28.67,2.175,-5190.0,75.267,2.561,-2.317,0.092,0.061,0.137,-1
2008-01-10 01:11:00,1.28,-0.014,39.15,0.019,8.902,7.836,6.954,2.096,-5191.5,68.067,2.202,-2.694,0.074,0.042,0.102,-1
2008-01-10 02:53:00,2.201,-0.01,31.88,0.019,20.321,13.362,3.91,4.058,-5422.25,69.156,0.937,-2.128,0.079,0.085,0.173,-1
2008-01-10 05:56:00,-3.006,-0.01,52.84,0.022,17.957,9.291,15.404,4.379,-5459.75,70.867,2.028,-1.939,0.074,0.055,0.119,1
2008-01-10 07:19:00,-1.098,-0.01,44.444,0.025,25.169,16.392,21.716,5.775,-5705.5,73.2,3.37,-0.236,0.1,0.093,0.214,-1
2008-01-10 07:28:00,-2.031,-0.006,77.47,0.015,11.617,9.016,17.371,4.609,-5912.0,75.322,6.239,-0.236,0.064,0.059,0.115,-1
2008-01-10 08:15:00,-6.646,-0.009,42.222,0.017,10.692,7.956,5.605,7.153,-5441.25,70.978,1.645,-0.236,0.068,0.045,0.104,-1
2008-01-10 09:15:00,-0.546,-0.009,50.286,0.025,3.443,10.669,19.486,1.78,-5711.75,69.778,1.597,-0.236,0.08,0.066,0.142,-1
2008-01-10 09:16:00,-7.152,-0.008,52.786,0.017,8.517,10.811,13.615,6.132,-5545.25,67.167,3.971,-0.236,0.067,0.061,0.141,-1
2008-01-10 14:22:00,-6.384,-0.005,66.667,0.027,16.542,7.923,7.731,2.885,-5316.25,69.633,3.538,0.0,0.113,0.041,0.101,-1
2008-01-10 15:16:00,-0.154,-0.006,62.5,0.018,27.104,13.952,16.114,6.863,-5560.25,74.067,3.217,-0.236,0.07,0.082,0.182,-1
2008-01-10 16:43:00,-1.433,-0.013,41.352,0.012,6.566,3.743,17.882,4.734,-5357.25,67.267,3.093,-3.072,0.047,0.022,0.049,-1
2008-01-10 19:57:00,-5.65,-0.01,58.896,0.028,6.005,13.824,6.549,4.351,-5100.0,73.056,1.886,0.0,0.115,0.079,0.184,-1
2008-01-10 21:15:00,0.657,-0.009,42.916,0.024,10.996,10.372,13.258,3.882,-5498.75,73.811,2.709,0.284,0.089,0.056,0.134,-1
2008-01-10 21:50:00,-1.973,-0.012,53.333,0.018,4.634,11.113,10.862,2.031,-5597.75,74.067,5.404,0.284,0.059,0.063,0.147,-1
2008-01-10 22:47:00,5.069,-0.011,43.946,0.019,8.204,12.605,29.658,4.551,-5138.5,67.444,1.579,0.284,0.069,0.07,0.165,-1
2008-01-10 23:34:00,-0.513,-0.01,35.742,0.018,23.488,12.988,16.661,2.774,-5552.0,67.789,4.8,0.993,0.064,0.081,0.167,-1
2008-02-10 00:21:00,4.159,-0.01,55.0,0.017,31.704,13.553,3.893,2.861,-5523.25,67.389,2.672,0.993,0.064,0.074,0.177,-1
2008-02-10 00:22:00,3.137,-0.008,43.658,0.027,29.028,18.401,13.78,6.286,-5609.5,73.522,4.281,0.993,0.11,0.1,0.24,-1
2008-02-10 03:17:00,3.868,-0.008,210.596,0.023,13.666,11.36,13.039,4.758,-5261.25,71.489,2.525,0.284,0.071,0.073,0.151,1
2008-02-10 03:27:00,-5.414,-0.009,72.31,0.024,12.073,13.866,7.56,8.305,-5370.5,70.044,2.331,-0.142,0.085,0.076,0.185,-1
2008-02-10 04:11:00,-0.682,-0.009,47.376,0.015,16.098,9.37,14.342,5.734,-5215.5,68.078,1.419,-0.142,0.063,0.057,0.122,-1
2008-02-10 04:23:00,4.689,-0.009,52.496,0.018,12.748,7.278,12.658,6.015,-5743.25,72.467,3.111,-0.142,0.07,0.04,0.096,-1
2008-02-10 04:24:00,0.774,-0.014,23.891,0.021,12.482,7.992,9.244,3.211,-5398.0,75.967,4.778,0.993,0.074,0.05,0.105,-1
2008-02-10 06:49:00,-0.711,-0.014,44.004,0.027,17.54,12.337,22.339,6.604,-4995.75,67.167,3.401,0.284,0.096,0.068,0.163,-1
2008-02-10 07:35:00,3.153,-0.008,59.504,0.014,16.764,6.249,4.619,6.588,-5672.0,68.456,1.249,-0.142,0.064,0.036,0.08,-1
2008-02-10 07:58:00,,-0.011,68.571,0.023,11.461,8.158,13.947,4.719,-5521.0,69.533,1.333,0.284,0.095,0.045,0.105,-1
2008-02-10 08:24:00,-3.886,-0.008,28.614,0.018,16.134,15.23,13.364,9.102,-5627.25,74.544,1.517,1.513,0.081,0.08,0.193,-1
2008-02-10 08:52:00,-6.876,-0.007,76.122,0.02,17.438,5.344,20.822,1.205,-5729.5,70.956,3.218,-0.142,0.067,0.03,0.07,-1
2008-02-10 08:57:00,-0.396,-0.007,50.974,0.02,16.217,12.751,12.289,5.025,-5346.25,67.022,4.541,-0.142,0.076,0.07,0.168,-1
2008-02-10 09:10:00,0.136,-0.01,28.499,0.021,23.744,12.773,10.859,4.101,-5129.25,71.878,1.971,0.993,0.071,0.078,0.171,1
2008-02-10 09:42:00,0.554,-0.008,29.455,0.022,28.816,7.789,16.531,1.318,-5341.5,76.333,2.802,-0.142,0.077,0.046,0.102,-1
2008-02-10 10:03:00,3.257,-0.006,68.009,0.028,12.499,7.954,12.702,8.929,-5290.5,68.2,3.713,-0.142,0.123,0.043,0.1,-1
2008-02-10 14:07:00,0.853,-0.013,56.349,0.021,10.95,4.335,6.63,1.226,-5475.5,70.556,2.427,0.993,0.071,0.024,0.058,1
2008-02-10 14:10:00,-5.709,-0.006,95.861,0.119,13.086,8.388,3.9,3.58,-5333.0,68.078,1.401,0.284,0.516,0.057,0.112,1
2008-02-10 14:54:00,3.072,-0.011,34.667,0.021,16.764,18.5,16.001,7.191,-5524.5,73.667,2.23,1.419,0.061,0.099,0.235,-1
2008-02-10 15:10:00,4.938,-0.01,39.709,0.022,8.429,12.826,19.363,4.428,-5324.5,69.067,2.314,1.419,0.06,0.07,0.171,-1
2008-02-10 15:44:00,2.873,-0.014,27.131,0.021,14.529,10.159,4.521,3.712,-5662.0,69.933,3.754,-2.033,0.063,0.065,0.136,-1
2008-02-10 15:58:00,-0.63,-0.011,24.508,0.026,13.728,3.12,11.483,2.58,-5826.0,71.833,0.852,0.52,0.094,0.019,0.04,-1
2008-02-10 16:32:00,-1.436,-0.012,26.05,0.02,11.924,6.126,5.537,5.727,-5219.5,68.433,3.598,1.419,0.079,0.035,0.082,-1
2008-02-10 16:58:00,3.714,-0.011,44.965,0.019,24.378,14.724,22.515,8.938,-5329.75,73.689,3.423,1.419,0.084,0.086,0.191,-1
2008-02-10 17:00:00,1.04,-0.011,36.813,0.018,13.328,9.288,14.25,1.121,-5621.0,72.378,2.953,1.419,0.064,0.051,0.117,-1
2008-02-10 17:19:00,-3.091,-0.005,81.324,0.021,9.592,4.162,12.422,2.646,-5248.75,68.722,2.649,1.513,0.069,0.022,0.053,-1
2008-02-10 19:21:00,-1.41,-0.013,45.56,0.02,12.908,11.97,22.124,8.14,-5329.0,70.167,7.865,1.419,0.071,0.084,0.156,-1
2008-02-10 19:25:00,-0.018,-0.008,49.926,0.015,13.512,4.096,18.3,7.01,-5759.5,73.278,4.035,1.513,0.066,0.022,0.053,-1
2008-02-10 20:54:00,2.928,-0.009,52.023,0.034,14.749,18.972,42.842,5.181,-5345.25,68.433,2.404,0.52,0.112,0.11,0.251,-1
2008-02-10 21:32:00,3.888,-0.009,33.287,0.045,7.019,9.42,16.144,6.017,-5469.5,67.8,4.127,0.52,0.128,0.05,0.121,1
2008-02-10 21:33:00,-3.573,-0.008,62.006,0.021,40.982,19.382,19.139,5.192,-5867.5,70.844,5.725,0.52,0.064,0.11,0.254,-1
2008-02-10 22:23:00,0.163,-0.009,35.294,0.022,15.118,2.251,20.952,8.005,-5326.5,68.244,2.33,1.419,0.065,0.012,0.029,-1
2008-02-10 22:33:00,1.791,-0.01,34.064,0.023,28.889,16.177,11.466,7.704,-5224.25,70.022,4.468,0.52,0.071,0.102,0.201,-1
2008-02-10 23:32:00,-2.482,-0.009,49.248,0.02,18.145,8.684,4.336,6.292,-5719.0,72.011,4.914,0.52,0.062,0.046,0.111,-1
2008-02-10 23:32:00,0.67,-0.012,60.504,0.019,12.185,8.783,31.535,8.645,-5432.0,70.256,2.826,-0.52,0.073,0.052,0.114,-1
2008-03-10 00:24:00,1.727,-0.012,21.84,0.018,8.901,13.048,4.12,4.08,-5242.75,67.422,1.649,-0.52,0.066,0.073,0.171,-1
2008-03-10 00:55:00,1.861,-0.009,61.872,0.02,28.29,20.18,15.525,5.412,-5603.75,74.656,4.186,1.419,0.064,0.12,0.258,-1
2008-03-10 02:41:00,2.506,-0.008,29.677,0.016,16.603,7.56,12.579,3.998,-5294.5,73.9,1.28,0.52,0.068,0.047,0.1,-1
2008-03-10 03:52:00,1.976,-0.014,40.0,0.02,16.66,6.375,10.816,2.746,-5575.0,71.6,2.273,1.419,0.058,0.036,0.083,-1
2008-03-10 03:56:00,3.306,-0.008,34.472,0.022,19.164,9.57,2.255,5.588,-5544.0,68.0,3.672,1.419,0.083,0.057,0.123,-1
2008-03-10 04:49:00,-2.101,-0.006,77.014,0.027,18.374,7.211,14.604,5.629,-5224.5,67.922,3.615,1.419,0.083,0.041,0.093,-1
2008-03-10 05:01:00,0.786,-0.008,64.382,0.022,25.52,6.899,10.758,4.617,-5307.75,70.178,4.01,1.419,0.069,0.042,0.091,-1
2008-03-10 05:45:00,0.957,-0.009,63.441,0.022,9.001,11.927,7.91,9.747,-5663.5,68.589,5.547,0.52,0.068,0.063,0.149,-1
2008-03-10 06:15:00,0.224,-0.008,73.52,0.019,5.188,12.424,15.696,4.902,-5542.75,72.967,5.242,0.52,0.074,0.069,0.159,-1
2008-03-10 08:35:00,3.484,-0.013,49.184,0.029,10.374,11.429,19.265,1.796,-5709.75,68.711,2.324,0.946,0.095,0.064,0.146,-1
2008-03-10 09:30:00,-0.189,-0.011,46.364,0.023,17.957,18.872,15.322,3.465,-5834.75,72.756,1.87,-0.757,0.07,0.107,0.25,-1
2008-03-10 11:40:00,-5.55,-0.008,39.617,0.023,13.648,17.335,6.263,4.652,-5477.0,70.533,3.438,-0.757,0.09,0.094,0.229,-1
2008-03-10 12:31:00,0.796,-0.006,41.86,0.022,19.829,12.973,13.298,2.958,-5241.5,67.689,1.986,-1.83,0.08,0.076,0.174,-1
2008-03-10 18:45:00,1.504,-0.014,51.329,0.017,10.282,14.685,15.191,1.006,-5095.0,69.422,3.281,2.458,0.072,0.087,0.193,-1
2008-03-10 19:23:00,-0.344,-0.012,46.493,0.014,8.276,9.426,22.796,4.221,-5356.25,67.556,4.204,2.458,0.057,0.06,0.126,-1
2008-03-10 19:23:00,-7.143,-0.011,47.222,0.018,26.356,12.346,4.08,3.443,-5270.0,68.0,2.074,2.458,0.062,0.073,0.16,-1
2008-03-10 20:11:00,-4.72,-0.012,21.552,0.02,11.22,10.006,33.12,5.51,-5247.5,70.233,4.34,2.458,0.067,0.063,0.134,-1
2008-03-10 20:26:00,0.943,-0.011,38.681,0.018,20.92,2.975,15.096,5.698,-5445.25,70.422,3.626,2.458,0.062,0.017,0.039,-1
2008-03-10 20:35:00,1.878,-0.005,136.919,0.02,15.446,7.611,8.204,6.65,-5461.0,74.711,3.724,1.419,0.066,0.052,0.103,-1
2008-03-10 20:46:00,-3.343,-0.011,50.168,0.02,15.885,2.728,9.645,6.394,-5422.25,68.611,2.146,-1.83,0.068,0.016,0.036,-1
2008-03-10 21:15:00,0.686,-0.006,108.017,0.031,25.034,11.476,19.209,7.849,-5294.5,69.411,3.441,-1.83,0.095,0.065,0.152,-1
2008-03-10 21:52:00,-3.604,-0.01,74.419,0.028,21.951,13.069,7.275,3.742,-5264.5,69.522,2.454,-0.52,0.097,0.08,0.165,-1
2008-03-10 22:08:00,1.199,-0.008,51.039,0.02,16.728,9.338,14.45,9.435,-5612.25,74.089,2.074,-1.83,0.063,0.062,0.123,-1
2008-03-10 22:53:00,1.588,-0.01,41.237,0.027,8.043,3.236,7.49,1.697,-5407.25,69.378,1.91,0.946,0.081,0.021,0.043,-1
2008-03-10 23:46:00,-6.064,-0.008,68.032,0.02,22.142,9.308,12.994,4.068,-5517.75,72.278,4.808,-0.52,0.067,0.058,0.123,-1
2008-04-10 00:58:00,2.586,-0.009,50.146,0.037,10.362,7.423,11.356,2.373,-5767.75,71.1,2.243,0.946,0.137,0.045,0.095,-1
2008-04-10 01:49:00,-1.881,-0.008,46.412,0.023,20.398,6.359,18.873,3.219,-5733.0,68.789,3.049,-0.52,0.071,0.038,0.082,-1
2008-04-10 02:36:00,-3.777,-0.011,56.25,0.023,35.089,5.527,11.221,2.721,-5454.0,68.856,3.903,0.142,0.078,0.035,0.07,-1
2008-04-10 03:53:00,-2.146,-0.014,33.577,0.021,14.97,8.098,3.609,5.547,-5320.5,66.289,3.328,-0.993,0.076,0.052,0.111,-1
2008-04-10 04:12:00,0.804,-0.01,73.671,0.033,25.434,15.565,45.93,6.487,-5802.25,70.389,1.983,-0.52,0.106,0.083,0.199,-1
2008-04-10 04:45:00,-1.362,-0.011,35.807,0.013,19.37,9.587,15.856,2.664,-5241.0,70.467,3.613,-0.993,0.039,0.059,0.127,-1
2008-04-10 09:29:00,-3.138,-0.012,44.044,0.018,25.387,8.111,5.01,5.426,-5529.25,72.556,1.735,-0.993,0.057,0.052,0.108,-1
2008-04-10 15:16:00,0.324,-0.009,58.856,0.095,28.298,5.446,10.835,8.125,-5390.0,68.133,2.369,0.946,0.382,0.034,0.071,-1
2008-04-10 16:58:00,-9.768,-0.012,59.259,0.015,10.558,8.516,17.333,7.114,-5400.0,71.1,1.606,0.946,0.046,0.047,0.11,-1
2008-04-10 18:15:00,2.699,-0.011,47.326,0.028,6.025,8.975,19.147,1.894,-5400.25,74.311,1.433,-1.83,0.101,0.053,0.116,-1
2008-04-10 18:25:00,-3.707,-0.01,25.263,0.033,20.174,6.471,9.991,3.024,-5194.75,76.233,1.607,0.142,0.092,0.04,0.086,-1
2008-04-10 18:59:00,-2.656,-0.008,44.378,0.026,22.323,19.245,8.508,6.234,-5371.5,69.956,4.229,-0.52,0.092,0.099,0.241,-1
2008-04-10 19:12:00,-7.87,-0.009,89.796,0.017,19.971,10.387,11.396,2.317,-4992.75,67.989,3.508,0.946,0.065,0.06,0.133,-1
2008-04-10 19:47:00,-1.99,-0.009,64.171,0.022,17.91,11.895,17.534,5.573,-5526.5,69.622,2.021,0.142,0.075,0.071,0.158,-1
2008-04-10 19:54:00,-5.886,-0.009,42.164,0.022,17.312,11.54,8.989,5.609,-5295.25,69.289,3.937,-0.757,0.069,0.062,0.148,-1
2008-04-10 20:39:00,4.362,-0.017,29.912,0.028,12.312,11.234,19.867,6.001,-5426.0,68.367,2.249,-1.83,0.092,0.061,0.147,-1
2008-04-10 22:06:00,-7.666,-0.015,35.811,0.021,10.702,7.648,14.77,4.47,-5186.25,68.567,1.48,-0.993,0.065,0.042,0.1,-1
2008-04-10 23:18:00,1.166,-0.012,41.026,0.021,18.381,9.433,10.929,6.482,-5389.5,65.089,1.621,-1.83,0.069,0.059,0.128,1
2008-05-10 00:33:00,8.146,-0.011,51.811,0.025,10.852,5.905,15.782,5.451,-5233.75,66.011,0.679,-0.757,0.076,0.036,0.076,1
2008-05-10 00:33:00,1.648,-0.008,86.134,0.024,17.784,11.354,19.633,4.169,-5633.5,70.644,2.436,0.142,0.103,0.069,0.149,-1
2008-05-10 01:35:00,-1.423,-0.009,65.612,0.029,10.496,10.142,15.179,5.88,-5619.5,67.144,4.846,-0.757,0.092,0.059,0.136,-1
2008-05-10 04:01:00,0.096,-0.009,29.752,0.019,22.942,13.399,9.818,6.28,-5357.5,69.267,4.095,-0.757,0.067,0.077,0.178,-1
2008-05-10 04:20:00,7.101,-0.009,54.161,0.025,12.255,14.156,8.243,1.54,-5070.75,70.367,5.09,-0.52,0.076,0.082,0.18,-1
2008-05-10 04:48:00,1.527,-0.013,31.09,0.014,7.263,8.809,19.127,1.566,-5421.75,71.156,0.967,0.236,0.055,0.055,0.115,-1
2008-05-10 05:31:00,1.858,-0.009,46.113,0.022,9.561,10.471,7.381,2.316,-5311.25,73.144,3.403,-0.757,0.08,0.059,0.134,-1
2008-05-10 05:53:00,0.234,-0.012,38.585,0.017,9.052,3.577,42.23,3.617,-5207.25,68.622,4.488,0.236,0.063,0.019,0.047,-1
2008-05-10 06:15:00,1.048,-0.01,64.118,0.023,22.647,18.495,9.527,5.919,-5594.5,70.578,3.093,-0.52,0.072,0.097,0.228,-1
2008-05-10 08:02:00,-1.03,-0.013,22.286,0.015,9.682,9.204,16.844,4.138,-5349.25,69.011,4.023,0.236,0.054,0.053,0.12,-1
2008-05-10 08:40:00,-1.044,-0.013,43.387,0.015,17.273,4.434,20.346,7.539,-5337.75,70.678,5.283,0.236,0.058,0.025,0.058,-1
2008-05-10 09:04:00,0.598,-0.01,35.238,0.024,7.074,9.714,13.531,5.981,-5424.5,69.033,1.491,0.236,0.096,0.058,0.125,-1
2008-05-10 09:47:00,0.426,-0.01,73.253,0.02,9.72,9.591,7.718,3.455,-5092.25,70.533,2.368,-0.804,0.064,0.06,0.123,-1
2008-05-10 10:00:00,1.326,-0.012,31.611,0.02,11.643,15.345,19.41,3.612,-5440.5,67.856,2.878,-0.804,0.069,0.081,0.195,-1
2008-05-10 10:43:00,-3.419,-0.01,52.701,0.028,6.478,5.688,18.549,3.945,-5412.75,72.856,1.386,0.142,0.092,0.032,0.075,-1
2008-05-10 11:05:00,0.177,-0.013,43.694,0.016,27.261,12.903,13.557,3.761,-5731.25,68.611,1.843,-0.804,0.06,0.069,0.167,-1
2008-05-10 11:30:00,-1.734,-0.01,40.973,0.019,18.008,19.218,3.654,7.947,-5200.25,71.789,1.343,-0.52,0.062,0.114,0.257,-1
2008-05-10 12:03:00,-6.74,-0.008,41.543,0.02,23.743,11.49,5.097,2.608,-5415.25,69.244,2.203,0.142,0.068,0.066,0.15,-1
2008-05-10 12:17:00,-3.193,-0.009,40.793,0.016,11.059,12.886,8.087,6.131,-5156.5,73.078,0.892,0.142,0.062,0.068,0.165,-1
2008-05-10 13:49:00,2.793,-0.009,56.044,0.024,32.157,10.995,5.867,3.97,-5419.75,73.122,4.321,-0.804,0.104,0.064,0.145,-1
2008-05-10 14:34:00,3.64,-0.013,63.654,0.028,14.492,14.644,22.724,4.123,-5470.0,71.089,0.593,-0.804,0.11,0.082,0.19,-1
2008-05-10 15:30:00,1.069,-0.008,84.398,0.016,13.058,12.603,15.182,1.455,-5645.0,75.233,3.909,-0.52,0.068,0.078,0.161,1
2008-05-10 15:35:00,-1.874,-0.007,31.081,0.021,12.61,8.481,17.168,2.253,-5399.75,70.667,2.876,1.419,0.069,0.046,0.111,1
2008-05-10 16:15:00,5.731,-0.009,60.641,0.023,15.269,16.82,29.809,6.198,-5280.25,70.944,4.865,-0.757,0.084,0.091,0.219,-1
2008-05-10 16:37:00,-4.053,-0.008,65.409,0.014,24.702,9.181,13.473,7.792,-4921.0,69.956,1.546,2.458,0.05,0.06,0.125,1
2008-05-10 16:49:00,-2.542,-0.006,107.517,0.028,23.849,15.249,18.742,6.45,-5554.25,71.067,3.579,1.419,0.085,0.094,0.195,1
2008-05-10 18:46:00,-6.646,-0.01,30.549,0.024,23.612,9.763,8.27,2.274,-5284.0,70.078,1.904,0.0,0.074,0.056,0.135,1
2008-05-10 18:59:00,1.052,-0.012,31.092,0.022,7.924,8.493,8.69,2.974,-5396.75,70.356,2.659,-0.804,0.088,0.048,0.111,-1
2008-05-10 19:45:00,-0.81,-0.01,21.961,0.016,12.856,13.312,6.754,2.778,-5048.5,69.033,2.18,-1.277,0.055,0.072,0.17,-1
2008-05-10 20:12:00,-5.149,-0.009,39.271,0.021,31.469,15.011,7.268,3.452,-5489.75,74.378,1.917,-1.277,0.066,0.09,0.193,-1
2008-05-10 20:30:00,6.264,-0.011,29.257,0.019,28.951,15.138,6.909,0.302,-5673.5,72.367,2.702,-1.277,0.069,0.093,0.191,-1
2008-05-10 22:13:00,-4.887,-0.01,35.714,0.025,13.064,8.195,14.809,5.048,-5652.0,72.044,0.914,-1.277,0.07,0.048,0.105,-1
2008-06-10 00:41:00,-2.15,-0.012,65.921,0.017,12.958,8.085,14.686,3.92,-5467.75,74.856,2.624,-0.615,0.063,0.048,0.105,-1
2008-06-10 01:25:00,-1.97,-0.011,27.865,0.034,31.532,15.619,13.409,2.814,-5377.0,74.922,1.944,1.655,0.15,0.087,0.197,-1
2008-06-10 01:27:00,0.7,-0.01,36.23,0.026,5.756,4.941,22.839,5.883,-5311.0,76.489,2.208,-0.615,0.094,0.027,0.065,-1
2008-06-10 01:30:00,-2.714,-0.013,16.311,0.021,25.738,10.168,17.971,8.132,-5425.5,74.089,2.784,-1.277,0.072,0.063,0.13,-1
2008-06-10 02:44:00,-5.243,-0.012,34.894,0.017,3.78,6.008,11.932,5.618,-5439.25,74.956,2.259,-0.615,0.055,0.038,0.08,-1
2008-06-10 02:49:00,-2.806,-0.011,48.565,0.032,16.9,10.92,9.307,3.113,-5361.75,74.6,4.233,-0.615,0.095,0.064,0.138,-1
2008-06-10 03:31:00,-4.658,-0.012,38.945,0.02,21.06,9.493,14.238,4.755,-5506.5,67.633,2.205,-0.615,0.084,0.053,0.123,-1
2008-06-10 03:50:00,-1.146,-0.011,33.803,0.022,6.267,9.107,11.323,1.641,-5475.5,70.544,2.84,-0.757,0.075,0.054,0.117,1
2008-06-10 03:57:00,3.134,-0.006,53.226,0.054,15.134,12.692,16.586,3.592,-5486.5,70.044,3.068,-1.83,0.227,0.072,0.161,1
2008-06-10 04:26:00,3.681,-0.012,32.972,0.02,14.994,4.39,5.572,6.174,-5546.0,70.4,5.148,1.655,0.066,0.024,0.056,-1
2008-06-10 05:21:00,5.17,-0.011,48.405,0.015,5.02,10.934,5.979,6.626,-5285.0,74.533,1.638,-0.615,0.057,0.062,0.139,-1
2008-06-10 05:24:00,-1.296,-0.01,54.822,0.032,12.321,13.532,13.214,3.675,-5312.75,70.878,3.09,-0.615,0.115,0.077,0.184,-1
2008-06-10 06:11:00,3.811,-0.01,69.779,0.015,18.708,10.654,11.064,6.97,-5260.25,72.844,3.78,-0.615,0.045,0.066,0.14,-1
2008-06-10 06:26:00,2.051,-0.011,60.659,0.026,16.706,15.417,15.83,2.464,-5445.25,67.978,4.771,-0.615,0.081,0.088,0.201,-1
2008-06-10 06:49:00,0.633,-0.011,59.016,0.021,6.774,12.099,12.059,6.312,-5431.75,76.933,4.677,0.0,0.077,0.072,0.15,-1
2008-06-10 07:12:00,1.704,-0.012,44.204,0.027,16.791,12.547,10.45,7.812,-5483.0,75.889,1.343,0.0,0.106,0.08,0.167,-1
2008-06-10 07:17:00,-1.782,-0.012,21.826,0.03,31.7,11.563,27.19,14.71,-5149.0,76.378,8.175,1.655,0.117,0.071,0.15,-1
2008-06-10 07:35:00,-2.237,-0.012,33.701,0.026,17.197,8.862,13.707,5.917,-5398.75,74.444,1.672,0.0,0.091,0.056,0.117,-1
2008-06-10 07:38:00,-4.963,-0.012,23.052,0.026,9.286,10.176,25.62,4.797,-5238.0,69.667,7.661,1.655,0.092,0.063,0.133,-1
2008-06-10 08:24:00,-2.033,-0.012,33.031,0.023,5.558,5.655,19.226,4.83,-5305.25,68.456,2.103,-1.229,0.089,0.034,0.076,-1
2008-06-10 08:57:00,-1.871,-0.011,23.762,0.023,8.858,12.242,13.106,0.851,-5516.5,76.656,3.288,0.047,0.082,0.064,0.154,-1
2008-06-10 09:11:00,3.756,-0.012,44.35,0.027,22.739,10.978,7.78,2.717,-5206.0,69.033,2.457,1.655,0.097,0.064,0.14,-1
2008-06-10 09:57:00,-4.861,-0.012,35.652,0.031,23.046,14.319,66.439,7.188,-4977.5,74.078,3.034,-1.371,0.095,0.084,0.185,-1
2008-06-10 10:07:00,-0.114,-0.01,31.92,0.023,8.625,12.8,10.621,8.731,-5404.5,70.189,4.243,0.047,0.095,0.077,0.172,-1
2008-06-10 11:51:00,-3.926,-0.012,53.503,0.024,15.65,6.987,15.531,6.495,-5241.0,69.956,5.265,0.0,0.078,0.041,0.095,-1
2008-06-10 12:39:00,-3.54,-0.011,51.525,0.027,21.023,6.721,21.322,4.747,-5393.5,67.089,1.939,0.0,0.088,0.039,0.09,-1
2008-06-10 12:42:00,-5.68,-0.011,26.49,0.024,9.021,16.715,12.005,7.424,-5422.75,71.0,2.596,0.047,0.094,0.093,0.216,-1
2008-06-10 13:08:00,2.421,-0.012,25.488,0.019,17.35,17.105,45.919,5.04,-5130.75,73.367,3.297,0.047,0.059,0.107,0.218,-1
2008-06-10 13:38:00,-0.314,-0.011,63.564,0.044,21.802,12.162,14.91,7.18,-5392.25,70.156,3.3,0.284,0.14,0.07,0.155,1
2008-06-10 13:55:00,-0.034,-0.006,46.875,0.029,13.057,11.447,13.562,8.09,-5390.0,70.256,2.712,1.419,0.088,0.069,0.145,1
2008-06-10 15:00:00,-1.216,-0.011,45.581,0.023,21.482,21.577,26.753,6.687,-5274.25,73.078,5.387,-0.615,0.088,0.126,0.288,1
2008-06-10 15:01:00,1.811,-0.013,45.401,0.027,16.62,11.243,23.297,5.104,-5043.5,75.578,1.071,0.0,0.104,0.062,0.149,-1
2008-06-10 15:52:00,1.211,-0.01,16.559,0.027,25.12,7.178,7.03,4.472,-5547.5,74.956,1.879,0.0,0.097,0.043,0.092,-1
2008-06-10 16:42:00,-2.594,-0.012,44.444,0.038,7.353,8.338,24.554,7.743,-5294.5,74.7,4.189,0.0,0.139,0.044,0.104,-1
2008-06-10 16:50:00,-2.91,-0.013,24.579,0.024,20.47,19.692,8.214,3.645,-5259.25,67.2,2.318,0.0,0.088,0.11,0.262,-1
2008-06-10 17:26:00,-3.244,-0.01,30.227,0.035,27.462,13.048,22.964,2.601,-5395.5,76.3,1.987,-0.804,0.127,0.07,0.169,-1
2008-06-10 17:26:00,-3.634,-0.011,40.229,0.024,14.01,13.818,14.712,7.169,-5573.75,72.422,2.856,0.0,0.078,0.077,0.17,-1
2008-06-10 17:35:00,-3.993,-0.011,53.584,0.026,6.432,6.081,19.246,5.793,-5487.0,77.9,4.409,-0.804,0.092,0.037,0.078,-1
2008-06-10 18:54:00,-2.362,-0.014,38.822,0.018,15.035,8.053,5.928,7.001,-5364.75,67.022,1.667,-0.804,0.062,0.049,0.107,-1
2008-06-10 18:55:00,4.728,-0.01,50.873,0.024,17.146,17.948,22.051,3.403,-5464.5,69.111,2.85,0.0,0.075,0.102,0.237,-1
2008-06-10 19:42:00,-3.196,-0.007,45.051,0.029,8.451,5.798,8.13,6.769,-5362.5,68.433,3.489,-0.804,0.09,0.033,0.075,-1
2008-06-10 20:02:00,-1.504,-0.012,25.559,0.027,13.217,8.204,7.159,4.831,-5378.0,73.311,1.646,-0.804,0.081,0.044,0.104,-1
2008-06-10 20:36:00,8.996,-0.012,35.448,0.018,7.975,13.052,16.611,3.506,-5339.75,74.978,3.576,-0.899,0.065,0.079,0.173,-1
2008-06-10 20:47:00,-0.411,-0.011,63.014,0.018,13.179,7.837,9.522,7.762,-5492.75,70.222,2.938,-0.899,0.065,0.05,0.101,-1
2008-06-10 21:46:00,-6.503,-0.012,37.422,0.018,11.392,11.147,20.573,8.401,-5342.0,67.478,1.91,-0.899,0.061,0.061,0.145,-1
2008-06-10 21:48:00,-3.767,-0.011,24.215,0.029,12.188,9.583,14.514,5.822,-5656.75,72.456,4.392,-0.804,0.1,0.052,0.123,-1
2008-06-10 22:37:00,3.369,-0.011,52.135,0.028,20.71,11.284,11.554,2.329,-5522.0,74.011,1.838,-0.899,0.09,0.065,0.143,-1
2008-06-10 23:03:00,1.336,-0.011,61.4,0.025,3.337,17.006,19.933,3.238,-5302.75,76.656,2.178,-0.804,0.105,0.093,0.219,-1
2008-07-10 01:46:00,-3.433,-0.012,27.133,0.032,10.057,5.66,1.842,3.854,-5482.75,73.622,1.994,-0.899,0.122,0.034,0.074,-1
2008-07-10 03:29:00,-3.869,-0.008,46.554,0.031,2.301,5.965,2.17,2.238,-6496.75,73.133,7.943,-0.804,0.112,0.027,0.065,-1
2008-07-10 03:39:00,4.934,-0.01,62.944,0.028,12.014,10.775,10.889,2.388,-5519.25,68.411,4.434,-0.899,0.094,0.06,0.14,-1
2008-07-10 07:32:00,1.189,-0.008,65.941,0.045,17.028,12.461,8.496,7.931,-5414.25,69.867,3.852,-0.804,0.134,0.071,0.159,-1
2008-07-10 07:41:00,-2.311,-0.012,55.589,0.011,3.698,31.223,5.493,41.071,-6553.5,75.289,8.195,0.662,0.045,0.091,0.201,-1
2008-07-10 08:25:00,-3.064,-0.012,44.252,0.011,17.445,14.366,24.441,5.566,-5711.75,76.6,4.23,0.662,0.047,0.088,0.191,-1
2008-07-10 08:26:00,-1.99,-0.008,33.185,0.016,2.645,7.396,15.702,3.27,-5477.0,76.5,1.952,0.52,0.063,0.04,0.095,-1
2008-07-10 09:11:00,3.173,-0.008,34.168,0.024,17.634,6.433,9.062,3.335,-5694.25,68.667,3.524,0.662,0.078,0.036,0.083,-1
2008-07-10 09:20:00,1.832,-0.012,51.392,0.026,10.592,7.666,21.577,7.002,-5946.25,74.167,3.133,0.52,0.086,0.042,0.097,-1
2008-07-10 09:59:00,-4.919,-0.01,23.838,0.02,43.845,8.493,20.451,3.507,-5540.0,74.889,4.756,0.52,0.073,0.051,0.112,-1
2008-07-10 10:04:00,-2.326,-0.012,32.688,0.024,18.573,11.384,13.564,8.244,-5418.75,76.056,3.84,0.662,0.08,0.065,0.145,-1
2008-07-10 10:10:00,-6.259,-0.01,68.661,0.018,11.057,2.952,29.441,6.362,-5587.5,75.356,0.568,0.662,0.063,0.017,0.039,-1
2008-07-10 10:51:00,-0.464,-0.008,29.822,0.023,6.36,9.381,14.699,3.332,-5524.25,77.222,1.471,0.52,0.075,0.059,0.125,-1
2008-07-10 11:15:00,-0.28,-0.011,41.074,0.023,6.36,9.041,5.542,2.732,-6370.0,73.178,8.139,0.378,0.07,0.043,0.099,-1
2008-07-10 11:16:00,4.738,-0.009,53.476,0.019,8.702,12.41,22.393,3.408,-5403.5,70.433,4.632,0.662,0.071,0.075,0.159,-1
2008-07-10 11:36:00,-6.494,-0.012,38.627,0.027,10.589,5.09,11.106,7.14,-5573.75,68.9,5.403,0.52,0.1,0.03,0.067,-1
2008-07-10 12:40:00,-3.962,-0.012,24.344,0.013,5.207,6.386,18.292,4.725,-4958.5,77.122,1.988,0.52,0.051,0.041,0.085,-1
2008-07-10 13:10:00,-2.49,-0.006,68.8,0.22,17.629,9.22,16.962,7.562,-5247.0,68.7,2.304,0.284,0.489,0.058,0.123,1
2008-07-10 13:48:00,-0.534,-0.013,47.717,0.017,13.228,7.713,25.155,4.354,-5442.25,68.867,1.921,0.52,0.059,0.044,0.1,-1
2008-07-10 14:35:00,-7.814,-0.012,22.36,0.026,15.912,5.937,26.668,3.228,-5441.0,74.611,5.55,0.52,0.082,0.034,0.077,-1
2008-07-10 16:32:00,-2.979,-0.012,62.665,0.017,9.513,14.213,11.952,4.704,-5597.5,73.356,2.84,0.378,0.06,0.085,0.181,-1
2008-07-10 17:06:00,0.317,-0.013,32.215,0.017,9.849,9.938,9.964,6.267,-5399.5,68.244,4.71,-0.331,0.058,0.055,0.124,-1
2008-07-10 17:28:00,-3.462,-0.013,44.489,0.024,16.884,17.209,19.284,4.55,-5429.25,74.144,1.295,0.378,0.087,0.096,0.218,-1
2008-07-10 18:39:00,-3.439,-0.011,49.448,0.024,29.118,21.908,10.565,6.754,-5650.5,74.1,3.938,-0.331,0.074,0.123,0.279,-1
2008-07-10 19:24:00,-3.557,-0.01,57.074,0.018,19.852,16.053,25.986,3.666,-5168.25,75.444,3.712,0.378,0.053,0.084,0.207,-1
2008-07-10 20:19:00,2.683,-0.013,32.856,0.025,14.937,11.433,9.204,5.287,-5226.25,70.767,3.23,0.378,0.074,0.067,0.145,-1
2008-07-10 20:39:00,1.779,-0.011,32.748,0.03,4.575,8.398,3.949,4.192,-6456.75,72.622,8.097,-1.466,0.11,0.04,0.092,-1
2008-07-10 20:48:00,-1.463,-0.013,25.385,0.025,26.321,26.54,35.411,6.818,-5362.75,72.978,4.967,0.378,0.089,0.144,0.35,-1
2008-08-10 04:47:00,-5.428,-0.012,27.76,0.02,17.72,2.258,34.251,7.197,-5313.75,73.622,5.328,0.946,0.067,0.014,0.029,-1
2008-08-10 05:35:00,-1.461,-0.012,38.656,0.016,16.101,13.983,25.91,5.165,-5689.0,74.722,3.629,-0.946,0.054,0.083,0.178,-1
2008-08-10 05:38:00,-4.801,-0.012,46.414,0.017,6.499,8.636,29.859,4.35,-5398.75,77.122,2.292,-0.946,0.067,0.051,0.108,-1
2008-08-10 06:25:00,-2.668,-0.01,48.677,0.018,16.11,7.011,14.022,4.661,-5284.5,77.056,2.757,0.0,0.058,0.038,0.093,-1
2008-08-10 07:10:00,-2.258,-0.014,34.906,0.023,13.534,12.519,11.083,4.678,-5657.5,72.233,0.918,-0.946,0.075,0.068,0.162,-1
2008-08-10 07:13:00,-1.851,-0.012,28.311,0.015,6.014,7.523,4.205,3.432,-6349.25,73.856,7.237,-0.331,0.062,0.034,0.081,-1
2008-08-10 07:16:00,-1.97,-0.009,97.817,0.017,10.19,7.482,23.244,4.108,-5231.5,67.011,2.008,-0.946,0.055,0.044,0.098,-1
2008-08-10 09:01:00,-4.572,-0.012,48.485,0.017,1.942,7.775,3.049,3.294,-6461.0,73.067,7.459,-0.331,0.057,0.036,0.085,-1
2008-08-10 09:06:00,-0.566,-0.013,37.982,0.021,37.636,8.241,17.228,6.915,-6106.25,68.756,2.166,-0.946,0.068,0.048,0.104,-1
2008-08-10 10:37:00,-2.099,-0.011,40.889,0.016,7.618,6.53,9.024,3.908,-6504.75,69.222,4.039,0.0,0.06,0.033,0.071,-1
2008-08-10 12:11:00,-5.162,-0.01,40.336,0.024,14.0,11.727,8.698,6.872,-5553.0,74.667,4.634,0.0,0.072,0.064,0.147,-1
2008-08-10 13:35:00,1.774,-0.009,69.241,0.023,14.348,11.094,5.282,6.385,-5187.0,70.789,2.185,-0.946,0.075,0.062,0.143,-1
2008-08-10 13:38:00,-0.341,-0.012,30.968,0.026,28.218,6.794,12.923,2.91,-5254.25,72.667,2.925,0.0,0.085,0.04,0.087,-1
2008-08-10 14:48:00,2.824,-0.013,29.035,0.022,16.932,10.92,4.207,7.212,-5514.75,71.556,4.321,0.0,0.074,0.061,0.143,-1
2008-08-10 15:37:00,3.626,-0.014,21.528,0.026,26.65,16.22,4.862,6.768,-5594.75,70.889,3.021,0.0,0.092,0.088,0.212,-1
2008-08-10 16:26:00,0.234,-0.013,37.282,0.027,26.256,9.316,21.54,7.792,-5329.75,67.489,2.675,0.0,0.082,0.056,0.124,-1
2008-08-10 17:14:00,-5.827,-0.014,34.409,0.016,22.876,17.83,10.714,7.15,-5432.25,67.722,3.638,0.0,0.052,0.096,0.233,-1
2008-08-10 17:31:00,-3.487,-0.009,35.457,0.015,9.613,8.812,2.099,1.71,-5431.25,69.478,2.289,-0.946,0.05,0.048,0.114,-1
2008-08-10 17:41:00,-5.326,-0.01,40.433,0.016,5.75,9.091,9.83,4.813,-5636.0,73.067,2.084,0.378,0.059,0.048,0.117,-1
2008-08-10 18:22:00,-2.126,-0.012,29.899,0.013,2.348,34.464,2.039,30.791,-6376.25,72.856,6.453,0.0,0.04,0.09,0.216,-1
2008-08-10 20:27:00,-5.737,-0.011,44.884,0.012,21.587,11.394,13.509,5.933,-5337.25,68.267,5.236,0.0,0.051,0.066,0.153,-1
2008-08-10 21:19:00,0.206,-0.01,39.604,0.02,6.162,5.307,6.766,2.326,-6517.75,72.978,8.322,0.236,0.073,0.027,0.057,-1
2008-08-10 21:45:00,-2.824,-0.012,29.851,0.012,14.482,11.162,12.752,6.426,-5552.25,74.289,6.049,-1.797,0.046,0.071,0.145,-1
2008-08-10 22:08:00,-4.934,-0.008,67.692,0.024,8.92,6.464,11.777,11.357,-5731.5,67.433,4.477,0.0,0.09,0.038,0.083,-1
2008-08-10 23:13:00,3.143,-0.012,43.011,0.024,43.231,16.816,32.841,2.962,-5313.5,69.656,2.262,-0.331,0.084,0.093,0.221,-1
2008-08-10 23:50:00,7.71,-0.011,29.727,0.011,9.777,4.17,11.378,2.911,-5282.25,67.778,1.708,-0.946,0.037,0.023,0.053,-1
2008-09-10 00:23:00,-3.183,-0.01,51.108,0.012,14.829,17.109,21.52,8.779,-5418.25,74.589,1.989,0.0,0.048,0.093,0.224,-1
2008-09-10 04:34:00,-5.164,-0.011,38.512,0.016,3.336,35.846,5.337,38.025,-6333.25,73.378,5.548,0.378,0.065,0.104,0.233,1
2008-09-10 06:06:00,-3.506,-0.012,42.767,0.018,24.903,9.695,7.985,7.242,-5497.5,72.111,1.434,0.0,0.064,0.055,0.123,-1
2008-09-10 07:38:00,-1.046,-0.012,42.063,0.014,29.909,13.226,19.015,5.831,-5564.0,72.189,2.953,0.0,0.055,0.08,0.177,-1
2008-09-10 14:15:00,-4.25,-0.013,42.224,0.021,26.886,14.604,24.77,8.25,-5264.5,74.878,1.084,0.0,0.08,0.081,0.187,-1
2008-09-10 15:04:00,2.309,-0.011,32.287,0.028,6.533,7.89,9.93,4.27,-6475.5,72.056,4.395,0.0,0.098,0.035,0.085,-1
2008-09-10 15:55:00,-6.247,-0.009,36.994,0.025,20.945,13.544,8.778,0.3,-5274.25,73.3,3.119,-0.331,0.075,0.081,0.174,1
2008-09-10 15:56:00,-2.503,-0.009,174.099,0.02,4.627,5.912,8.273,2.836,-6623.75,70.567,7.79,0.0,0.064,0.027,0.064,-1
2008-10-10 10:05:00,4.169,-0.012,39.628,0.022,13.943,10.058,16.309,4.764,-5187.25,68.089,6.337,-0.426,0.084,0.061,0.138,-1
2008-10-10 10:46:00,-0.449,-0.012,48.035,0.022,18.411,10.203,23.568,4.778,-5384.5,67.122,4.568,-0.426,0.076,0.059,0.133,-1
2008-10-10 10:53:00,-2.114,-0.011,44.053,0.022,14.867,13.006,8.452,3.123,-5158.75,70.978,1.911,-0.426,0.071,0.073,0.168,-1
2008-10-10 12:30:00,-0.766,-0.012,22.88,0.026,7.01,6.589,2.826,3.708,-5379.0,72.067,4.931,-0.426,0.08,0.04,0.083,-1
2008-10-10 15:33:00,0.434,-0.013,44.275,0.022,22.487,14.977,8.02,6.436,-5311.75,69.2,2.277,-0.426,0.083,0.083,0.195,-1
2008-10-10 15:50:00,2.986,-0.013,38.024,0.033,18.416,4.994,17.214,3.678,-5211.0,69.367,3.65,-0.426,0.12,0.032,0.066,-1
2008-10-10 20:02:00,-3.724,-0.009,40.272,0.031,18.426,11.751,9.832,4.272,-6194.0,69.878,5.868,0.0,0.105,0.055,0.124,-1
2008-10-10 21:03:00,-1.478,-0.013,39.497,0.021,30.189,13.648,43.315,7.1,-4416.5,72.978,5.641,-0.047,0.089,0.075,0.181,-1
2008-10-10 21:07:00,0.294,-0.012,24.267,0.029,4.689,8.413,2.945,3.294,-6451.0,72.978,5.754,-0.852,0.112,0.038,0.092,-1
2008-10-10 21:16:00,5.616,-0.013,29.914,0.021,5.39,6.978,6.37,2.586,-6358.25,72.389,2.81,-0.047,0.068,0.032,0.074,-1
2008-11-10 02:55:00,5.519,-0.014,33.479,0.026,4.297,6.76,6.773,2.778,-6422.5,74.433,7.22,-0.047,0.108,0.032,0.074,-1
2008-11-10 06:56:00,2.262,-0.012,39.88,0.025,19.918,12.22,13.189,8.135,-5641.0,72.822,3.948,-0.095,0.101,0.077,0.157,-1
2008-11-10 07:38:00,2.394,-0.014,36.431,0.023,4.819,9.655,13.567,4.197,-6464.25,74.3,7.785,-0.047,0.078,0.05,0.105,-1
2008-11-10 07:39:00,-2.797,-0.009,30.727,0.028,16.269,11.089,8.82,2.407,-5362.5,72.711,1.403,-0.095,0.108,0.068,0.14,-1
2008-11-10 07:42:00,-0.086,-0.009,41.473,0.026,8.432,3.845,18.841,8.893,-5249.25,68.078,2.449,-0.71,0.072,0.022,0.049,-1
2008-11-10 08:27:00,-0.249,-0.009,75.034,0.026,12.5,7.479,27.61,7.347,-5295.25,68.311,3.437,-0.047,0.091,0.04,0.097,-1
2008-11-10 14:43:00,-1.791,-0.009,27.064,0.018,11.035,8.443,21.266,4.704,-5290.25,73.444,5.106,-0.804,0.058,0.049,0.111,-1
2008-11-10 15:33:00,1.602,-0.011,28.194,0.015,1.7,6.625,2.141,3.123,-6586.0,69.622,7.55,-0.804,0.058,0.032,0.072,-1
2008-11-10 16:25:00,-2.862,-0.012,32.734,0.014,5.8,4.908,7.966,1.83,-6553.0,68.556,6.203,-0.804,0.049,0.023,0.053,-1
2008-11-10 23:16:00,-10.68,-0.012,24.401,0.016,5.447,8.218,5.099,2.587,-6373.5,69.9,5.2,-1.229,0.074,0.04,0.088,-1
2008-11-10 23:58:00,-0.559,-0.012,53.952,0.019,1.239,5.796,4.169,2.388,-6548.25,68.367,7.978,-1.229,0.066,0.026,0.063,-1
2008-12-10 00:57:00,-2.961,-0.014,17.699,0.013,7.352,10.158,21.839,7.466,-5426.0,72.322,4.828,-0.804,0.054,0.053,0.129,-1
2008-12-10 01:50:00,1.479,-0.011,23.841,0.036,16.668,7.781,11.28,3.156,-5257.0,70.5,3.61,-0.047,0.12,0.042,0.101,-1
2008-12-10 02:59:00,1.252,-0.011,50.78,0.037,2.662,7.352,3.074,2.778,-6473.25,70.333,6.478,-1.229,0.14,0.033,0.081,-1
2008-12-10 03:21:00,0.006,-0.013,27.888,0.025,3.772,5.613,9.085,7.342,-5459.5,68.089,1.633,-0.047,0.091,0.032,0.073,-1
2008-12-10 03:28:00,2.193,-0.013,29.203,0.026,12.033,8.109,10.968,9.482,-5351.75,72.667,1.385,-0.804,0.083,0.044,0.104,-1
2008-12-10 08:19:00,3.666,-0.013,30.129,0.015,3.447,3.715,2.625,1.326,-6514.5,69.378,4.827,-0.142,0.067,0.017,0.04,-1
2008-12-10 18:47:00,1.484,-0.012,52.405,0.028,6.834,13.547,16.203,6.484,-5227.5,69.933,4.669,-0.142,0.101,0.082,0.18,-1
2008-10-13 03:34:00,-5.036,-0.013,36.544,0.017,22.206,10.66,9.737,5.353,-5874.25,70.433,2.258,0.0,0.067,0.066,0.139,-1
2008-10-13 03:53:00,-3.143,-0.01,54.78,0.015,21.934,8.204,17.206,3.936,-5626.0,74.744,3.829,0.0,0.065,0.048,0.106,-1
2008-10-13 11:27:00,-0.624,-0.014,54.465,0.018,5.553,17.459,10.51,5.678,-5100.0,70.444,4.634,-1.088,0.062,0.094,0.225,-1
2008-10-13 12:18:00,-0.044,-0.014,23.336,0.02,16.931,11.216,14.122,5.195,-5473.75,74.811,5.107,0.0,0.065,0.065,0.145,-1
2008-10-13 14:06:00,-1.333,-0.012,64.957,0.022,12.978,7.407,13.27,4.625,-5569.0,73.367,2.662,-0.757,0.079,0.046,0.096,-1
2008-10-13 14:29:00,2.699,-0.013,53.03,0.019,8.601,2.758,0.574,4.885,-5404.75,74.4,2.509,-1.277,0.079,0.016,0.036,-1
2008-10-13 14:30:00,-2.542,-0.011,67.907,0.026,9.347,11.208,14.466,6.452,-5115.25,72.111,4.447,-1.277,0.096,0.061,0.144,-1
2008-10-13 14:55:00,-1.124,-0.015,48.217,0.018,24.452,11.953,13.616,3.566,-5530.25,72.744,2.189,-0.757,0.055,0.071,0.159,-1
2008-10-13 15:42:00,-0.909,-0.014,47.276,0.018,13.559,9.249,8.061,1.009,-5160.75,68.878,2.691,-1.088,0.062,0.055,0.122,-1
2008-10-13 15:42:00,-1.738,-0.013,20.635,0.022,12.694,12.447,37.975,7.232,-5200.75,69.822,3.386,-1.088,0.08,0.07,0.162,-1
2008-10-13 16:13:00,0.233,-0.014,26.471,0.015,11.696,9.252,31.172,5.013,-5405.5,73.244,2.192,-1.088,0.054,0.054,0.119,-1
2008-10-13 19:17:00,-1.302,-0.01,50.909,0.028,14.08,8.446,15.515,4.58,-5175.5,73.4,3.673,-1.088,0.113,0.055,0.111,-1
2008-10-13 19:36:00,-2.884,-0.01,57.213,0.022,16.985,9.394,42.414,10.068,-4821.5,73.644,6.782,-0.899,0.083,0.061,0.124,-1
2008-10-13 19:40:00,-4.768,-0.012,30.568,0.024,7.31,7.008,20.047,7.468,-5552.0,73.944,1.131,-0.899,0.095,0.037,0.089,-1
2008-10-13 20:10:00,3.357,-0.01,62.944,0.034,17.316,14.344,12.515,3.787,-5393.5,72.156,5.24,-0.993,0.118,0.08,0.192,-1
2008-10-13 20:30:00,-2.659,-0.009,43.213,0.026,11.94,12.599,23.206,6.444,-5304.75,72.656,1.769,-0.899,0.098,0.072,0.159,-1
2008-10-13 20:53:00,26.971,-0.01,29.593,0.027,12.094,19.838,8.256,8.913,-5475.0,73.111,2.292,-0.899,0.084,0.111,0.269,-1
2008-10-13 21:20:00,0.606,-0.012,64.516,0.026,14.742,5.614,8.28,8.896,-5591.75,73.633,3.425,-0.899,0.099,0.034,0.074,-1
2008-10-13 21:47:00,4.754,-0.009,39.452,0.025,8.804,4.135,11.284,5.784,-5592.25,72.078,2.303,-0.899,0.093,0.027,0.055,-1
2008-10-13 21:57:00,-0.271,-0.01,35.806,0.025,12.883,4.25,9.621,2.005,-5394.25,72.567,3.205,-0.993,0.094,0.024,0.055,-1
2008-10-13 22:48:00,-2.856,-0.011,51.376,0.028,5.683,7.299,6.948,2.842,-6476.25,66.722,6.763,-1.277,0.096,0.034,0.08,-1
2008-10-13 22:54:00,3.887,-0.012,55.932,0.029,9.788,5.022,19.877,6.002,-6062.25,74.389,2.962,-0.899,0.107,0.026,0.063,-1
2008-10-14 00:35:00,-3.237,-0.01,52.671,0.03,5.321,5.849,6.28,2.969,-6592.25,71.178,5.978,0.0,0.099,0.028,0.064,-1
2008-10-14 03:21:00,-1.163,-0.012,32.734,0.026,24.259,18.115,27.991,6.738,-5526.75,71.2,5.461,-0.899,0.086,0.109,0.233,-1
2008-10-14 03:28:00,-0.742,-0.011,43.418,0.042,12.3,12.697,58.19,11.949,-4939.0,73.267,10.57,-0.899,0.202,0.074,0.165,-1
2008-10-14 03:35:00,-6.723,-0.013,27.961,0.02,10.915,9.308,14.988,8.568,-5631.0,74.044,2.175,-1.277,0.072,0.051,0.118,-1
2008-10-14 13:13:00,0.444,-0.01,52.088,0.029,14.753,10.972,26.069,2.871,-5734.75,72.4,5.077,-0.771,0.107,0.062,0.138,-1
2008-10-14 13:16:00,-1.509,-0.009,23.816,0.028,13.645,7.495,5.059,3.387,-5554.75,69.967,2.55,-0.771,0.094,0.043,0.095,-1
2008-10-14 14:07:00,2.44,-0.01,45.685,0.028,17.312,11.796,11.572,4.174,-5695.0,73.922,2.482,-0.771,0.109,0.063,0.154,-1
2008-10-14 14:15:00,-3.45,-0.014,26.481,0.018,7.0,8.726,10.537,3.593,-6254.25,74.589,3.671,-0.757,0.066,0.043,0.093,-1
2008-10-14 14:43:00,4.921,-0.012,24.948,0.035,13.418,61.151,11.268,62.379,-6354.5,74.144,10.509,-0.771,0.124,0.159,0.34,-1
2008-10-14 17:36:00,-4.617,-0.009,58.588,0.021,2.265,4.293,2.543,2.049,-6330.5,73.567,5.818,-0.095,0.082,0.02,0.046,-1
2008-10-14 19:15:00,-1.65,-0.014,40.516,0.021,21.414,11.712,17.624,8.92,-5594.75,75.033,5.742,-0.095,0.066,0.061,0.149,-1
2008-10-14 20:01:00,-2.982,-0.012,18.814,0.026,10.847,13.336,18.179,7.14,-5093.75,73.0,5.866,-0.771,0.108,0.083,0.173,-1
2008-10-14 20:30:00,2.032,-0.01,23.704,0.023,1.818,5.125,12.478,6.017,-5193.25,72.3,1.87,0.662,0.096,0.033,0.068,-1
2008-10-14 20:48:00,-0.226,-0.011,26.876,0.02,9.341,6.116,10.502,2.466,-5465.75,73.456,2.563,-0.095,0.078,0.034,0.079,-1
2008-10-14 21:36:00,-2.046,-0.013,31.508,0.021,7.233,16.759,8.534,5.994,-5097.0,72.0,3.2,-0.189,0.08,0.098,0.22,-1
2008-10-14 23:07:00,0.903,-0.01,50.256,0.021,2.071,2.234,4.263,0.387,-6427.5,70.511,6.18,0.662,0.076,0.011,0.024,-1
2008-10-15 00:03:00,-4.881,-0.009,50.48,0.025,8.288,8.81,12.327,3.895,-5321.75,71.933,4.414,-0.852,0.084,0.049,0.117,-1
2008-10-15 00:27:00,-3.88,-0.012,36.999,0.012,12.275,4.644,32.192,3.986,-5153.5,72.756,4.848,-0.946,0.045,0.027,0.059,-1
2008-10-15 00:47:00,4.757,-0.01,42.05,0.028,11.939,11.829,6.406,6.925,-5370.25,71.144,1.728,0.662,0.106,0.069,0.147,-1
2008-10-15 01:52:00,-5.092,-0.013,31.809,0.024,11.913,4.086,17.874,6.474,-5488.5,70.878,3.135,-0.852,0.093,0.024,0.053,-1
2008-10-15 01:52:00,-0.634,-0.01,40.0,0.023,24.307,16.98,33.607,5.67,-5475.0,74.578,5.581,-0.095,0.065,0.095,0.219,-1
2008-10-15 01:52:00,-4.723,-0.012,36.029,0.021,7.438,9.047,17.348,5.622,-5868.25,73.656,2.444,0.662,0.078,0.052,0.112,-1
2008-10-15 02:40:00,-2.016,-0.012,49.03,0.024,15.011,9.228,13.812,4.93,-5372.0,72.233,1.425,-0.095,0.072,0.053,0.125,-1
2008-10-15 02:40:00,-0.377,-0.011,38.782,0.025,13.703,13.952,3.273,3.513,-5468.5,67.9,1.844,0.662,0.079,0.076,0.182,-1
2008-10-15 02:42:00,2.869,0.002,244.275,0.024,18.162,13.131,15.928,1.564,-5575.0,72.5,1.214,0.378,0.08,0.078,0.169,1
2008-10-15 03:24:00,-3.907,-0.012,55.814,0.023,4.224,41.15,5.827,32.14,-6247.0,72.756,5.31,-0.095,0.077,0.111,0.247,-1
2008-10-15 04:08:00,-2.072,-0.012,32.466,0.024,28.684,6.39,21.918,4.921,-5233.25,71.389,3.696,-0.771,0.08,0.034,0.082,-1
2008-10-15 05:13:00,1.346,-0.01,47.059,0.023,10.816,6.801,16.138,5.271,-5366.25,72.156,3.322,0.0,0.081,0.04,0.09,-1
2008-10-15 05:16:00,-1.804,-0.009,42.044,0.02,2.587,31.355,5.853,39.922,-6458.0,74.778,6.803,-0.189,0.068,0.09,0.206,-1
2008-10-15 06:49:00,-4.431,-0.011,26.274,0.022,28.693,7.151,9.466,4.975,-5641.25,72.967,2.27,-1.088,0.082,0.042,0.091,-1
2008-10-15 07:36:00,-2.116,-0.012,47.609,0.024,10.676,10.952,16.659,1.885,-5138.5,72.789,3.937,-1.088,0.076,0.076,0.143,-1
2008-10-15 07:55:00,-3.651,-0.012,39.92,0.017,16.729,5.699,13.227,7.675,-5587.0,71.7,4.632,-1.088,0.046,0.034,0.076,-1
2008-10-15 08:21:00,-2.538,-0.013,30.858,0.025,20.482,14.374,17.373,7.049,-5566.0,74.367,2.564,-1.088,0.097,0.086,0.186,-1
2008-10-15 09:11:00,4.421,-0.009,55.021,0.019,18.194,9.808,23.684,4.418,-5337.0,72.489,4.368,-0.095,0.075,0.059,0.13,-1
2008-10-15 10:00:00,0.577,-0.011,21.646,0.035,4.289,3.65,6.757,1.378,-6393.5,75.578,5.088,-0.899,0.119,0.018,0.039,-1
2008-10-15 12:53:00,-0.188,-0.009,35.979,0.027,24.411,12.68,17.827,5.215,-5822.75,72.278,4.497,-0.993,0.106,0.07,0.163,-1
2008-10-15 13:14:00,-2.238,-0.011,43.218,0.024,5.605,12.708,17.327,3.504,-5442.25,72.267,2.716,-0.095,0.089,0.071,0.166,-1
2008-10-15 13:16:00,-1.166,-0.016,32.718,0.021,16.052,4.828,20.415,2.932,-5275.5,69.022,2.49,-0.568,0.075,0.028,0.064,-1
2008-10-15 14:08:00,-0.453,-0.01,29.88,0.023,7.509,4.191,14.902,7.784,-5670.5,71.256,3.416,-0.993,0.082,0.024,0.052,-1
2008-10-15 15:11:00,-3.899,-0.014,32.472,0.015,20.926,7.082,22.545,6.792,-5713.0,75.178,4.712,-0.993,0.064,0.04,0.091,-1
2008-10-15 16:24:00,1.512,-0.012,27.015,0.023,7.226,6.781,18.696,7.316,-5455.75,75.122,4.786,-0.993,0.086,0.04,0.09,-1
2008-10-15 17:19:00,-2.313,-0.01,61.009,0.039,18.404,11.96,11.754,4.186,-5300.5,74.467,3.952,-0.993,0.154,0.071,0.153,-1
2008-10-15 18:16:00,0.648,-0.011,38.934,0.022,4.716,11.212,6.889,4.905,-6430.25,74.856,7.876,-0.568,0.093,0.051,0.123,-1
2008-10-15 19:15:00,-4.352,-0.01,36.036,0.024,18.916,9.045,35.003,7.796,-5219.5,73.6,2.849,-0.993,0.08,0.05,0.117,-1
2008-10-15 19:24:00,5.928,-0.011,45.3,0.02,24.707,5.942,9.294,3.905,-5638.25,73.022,4.675,-0.993,0.063,0.044,0.08,-1
2008-10-15 21:44:00,5.638,-0.009,49.383,0.028,26.763,9.97,9.48,2.242,-5685.5,72.244,1.988,-0.993,0.103,0.053,0.125,-1
2008-10-15 22:45:00,-3.182,-0.01,46.377,0.024,14.253,13.2,9.695,2.153,-5281.0,73.256,3.344,-0.993,0.094,0.075,0.175,-1
2008-10-15 22:54:00,3.681,-0.012,41.59,,14.716,16.537,26.42,3.008,-5223.25,69.811,2.273,0.0,,0.091,0.213,-1
2008-10-15 23:00:00,5.663,-0.014,25.6,,8.173,4.12,5.931,1.444,-6424.25,70.244,7.819,0.0,,0.02,0.045,-1
2008-10-15 23:45:00,3.288,-0.013,23.221,,4.527,10.872,13.741,4.058,-5756.5,70.833,3.388,0.0,,0.062,0.144,-1
2008-10-16 02:16:00,4.696,-0.014,44.083,,16.974,13.499,15.809,4.169,-5338.75,72.856,4.542,0.0,,0.084,0.179,-1
2008-10-16 02:16:00,-2.444,-0.013,37.684,,29.627,13.157,24.801,4.99,-5056.25,71.044,3.206,0.0,,0.075,0.174,-1
2008-10-16 02:17:00,1.564,-0.012,30.011,,13.518,6.53,14.037,2.077,-5222.0,72.6,4.764,-0.568,,0.036,0.087,-1
2008-10-16 02:22:00,2.954,-0.014,35.094,,4.722,10.252,7.712,2.801,-6457.75,72.344,5.465,0.0,,0.046,0.108,-1
2008-10-16 02:55:00,-4.99,-0.011,31.71,,6.387,6.028,17.645,2.863,-5491.75,73.233,2.758,-0.852,,0.037,0.079,-1
2008-10-16 03:56:00,3.068,-0.009,42.105,0.027,27.452,14.407,9.516,3.102,-5727.0,72.333,1.981,-0.568,0.103,0.082,0.186,-1
2008-10-16 04:02:00,2.969,-0.01,36.715,,23.87,9.004,18.114,4.54,-5073.5,73.144,0.669,0.0,,0.049,0.111,-1
2008-10-16 04:02:00,2.332,-0.011,40.093,,2.06,4.971,3.366,1.497,-6416.25,69.5,4.871,-0.142,,0.022,0.054,-1
2008-10-16 04:04:00,2.801,-0.014,37.431,,1.373,3.802,2.37,0.72,-6456.25,69.589,5.368,0.0,,0.019,0.041,-1
2008-10-16 04:47:00,1.574,-0.01,46.022,,14.534,8.041,8.532,10.572,-4958.0,72.489,5.416,-0.142,,0.045,0.102,-1
2008-10-16 04:50:00,-2.767,-0.011,21.993,,14.937,11.765,27.482,3.972,-5083.25,73.222,2.347,-0.142,,0.071,0.153,-1
2008-10-16 04:54:00,-2.311,-0.01,46.659,,18.064,3.455,18.726,5.36,-5735.25,71.911,1.796,0.0,,0.019,0.044,-1
2008-10-16 05:08:00,0.063,-0.01,55.486,,32.369,15.86,25.13,7.703,-6020.75,71.422,3.542,-0.142,,0.092,0.208,-1
2008-10-16 05:13:00,5.934,-0.01,44.976,,6.914,6.565,3.878,1.222,-6499.0,72.378,6.825,-0.852,,0.032,0.072,-1
2008-10-16 05:44:00,-3.191,-0.01,88.675,,13.988,5.452,24.043,2.455,-5427.75,73.022,3.546,-0.852,,0.037,0.072,-1
2008-10-16 05:58:00,3.483,-0.011,49.945,,8.849,7.551,4.639,2.983,-6424.25,66.611,6.109,-0.852,,0.04,0.081,-1
2008-10-16 15:02:00,4.623,-0.013,38.202,,13.394,8.151,9.016,4.352,-5357.0,73.344,2.445,,,0.045,0.107,-1
2008-10-16 15:13:00,2.818,-0.009,53.192,,12.807,9.596,23.622,8.137,-5418.75,71.144,3.673,0.0,,0.052,0.123,-1
2008-10-16 20:49:00,-3.356,-0.012,29.437,,4.127,5.06,7.864,2.386,-6408.75,72.844,5.202,-0.142,,0.025,0.055,-1
2008-10-17 05:26:00,1.166,-0.014,54.833,,20.022,8.43,22.859,3.808,-5153.25,71.267,3.775,,,0.045,0.109,-1
2008-10-17 06:01:00,4.468,-0.009,78.499,,9.415,7.612,33.006,9.708,-5271.75,70.511,3.413,-0.993,,0.044,0.098,-1
2008-10-17 06:07:00,1.872,-0.01,75.862,,11.394,3.917,14.344,2.489,-5319.5,73.067,4.196,,,0.025,0.051,-1
