SensorTime,Chamber_Temperature_edu,Chamber_Pressure_edu,Gas_Flow_edu,RF_Power_edu,Vacuum_Level_edu,Cooling_Water_Temperature_edu,Vibration_edu,Process_Time_edu,주요센서_A,주요센서_B,검사결과
2008-07-19 11:55:00,-1.73,-0.0,64.67,0.02,33.16,10.05,18.77,2.71,-5419.0,64.23,0
2008-07-19 12:32:00,0.81,-0.0,141.44,0.01,2.27,8.63,10.44,5.71,-5441.5,68.42,0
2008-07-19 13:17:00,23.82,-0.0,240.78,0.01,29.17,14.25,10.32,5.76,-5447.75,67.13,1
2008-07-19 14:43:00,24.38,-0.01,113.56,0.04,13.41,5.18,15.71,5.39,-5468.25,62.93,0
2008-07-19 15:22:00,-12.29,-0.0,148.07,0.02,10.74,11.41,12.76,2.01,-5476.25,62.83,0
2008-07-19 17:53:00,28.3,-0.01,68.74,0.02,30.81,7.28,34.48,2.03,-6058.0,62.38,0
2008-07-19 19:44:00,2.11,-0.0,159.52,0.02,23.89,8.61,34.4,2.26,-6154.0,60.8,0
2008-07-19 19:45:00,29.13,-0.01,79.12,0.02,13.56,12.12,4.32,7.14,-5395.5,67.3,0
2008-07-19 20:24:00,26.98,-0.0,138.58,0.01,140.81,133.53,137.76,133.48,-4196.5,62.8,0
2008-07-19 21:35:00,28.31,-0.01,86.01,0.03,30.7,8.44,16.09,2.92,-5357.5,67.03,0
2008-07-19 21:57:00,27.84,-0.01,87.11,0.02,210.14,202.42,207.33,201.07,-2727.5,68.71,1
2008-07-19 22:52:00,25.08,-0.01,67.94,0.04,21.26,7.98,38.57,2.66,-6097.75,64.77,1
2008-07-20 03:35:00,22.62,-0.01,94.82,0.02,11.65,6.29,17.59,3.53,-5521.25,63.38,0
2008-07-21 08:21:00,-1.19,-0.0,55.03,0.05,22.67,8.69,39.75,2.86,-6069.75,67.99,0
2008-07-21 11:53:00,17.64,-0.0,125.54,0.04,400.0,400.0,400.0,400.0,-1431.5,62.5,1
2008-07-22 00:03:00,20.42,-0.0,263.45,0.04,239.12,209.57,215.34,202.76,-2694.75,61.23,0
2008-07-22 02:59:00,-8.12,-0.01,68.53,0.01,7.44,9.81,10.44,2.14,-5757.25,63.36,0
2008-07-22 08:41:00,-5.53,-0.01,89.73,0.02,10.12,3.43,29.45,1.57,-5612.5,60.24,0
2008-07-22 11:47:00,0.48,-0.01,102.91,0.02,23.37,8.18,18.58,3.33,-5575.25,66.2,0
2008-07-22 14:00:00,22.47,-0.0,349.21,0.04,14.15,12.52,16.57,3.52,-5469.25,65.08,0
2008-07-22 15:30:00,3.97,-0.01,87.8,0.03,13.31,6.14,4.17,4.16,-5441.0,67.2,0
2008-07-23 05:15:00,0.12,-0.01,64.39,0.02,16.39,9.92,18.42,0.55,-5434.0,65.17,0
2008-07-23 19:22:00,-3.66,-0.01,42.91,0.03,14.17,6.63,12.58,4.62,-5310.25,66.36,0
2008-07-25 15:23:00,18.39,-0.01,60.12,0.04,234.95,206.78,212.63,202.13,-2664.25,62.5,1
2008-07-27 04:18:00,15.35,-0.01,60.33,0.05,209.19,200.9,200.09,200.39,-2681.75,64.68,0
2008-07-27 09:37:00,3.0,-0.01,65.85,0.01,228.32,210.41,218.51,202.81,-2706.0,67.03,0
2008-07-27 11:10:00,-6.92,-0.01,48.1,0.01,23.65,11.4,9.66,5.71,-5611.75,68.03,0
2008-07-27 15:46:00,17.39,-0.01,69.68,0.05,15.37,6.7,8.47,5.6,-5369.0,62.89,0
2008-07-27 16:06:00,13.11,-0.01,60.66,0.05,26.93,9.44,13.88,3.44,-5217.5,66.17,0
2008-07-27 16:49:00,14.71,-0.01,51.84,0.05,23.3,12.4,4.65,4.24,-5416.0,65.63,0
2008-07-27 20:24:00,29.51,-0.01,49.17,0.06,14.82,6.89,9.73,4.58,-5500.5,68.64,0
2008-07-27 22:28:00,13.15,-0.01,59.46,0.05,10.29,12.5,5.64,4.0,-5497.75,65.37,0
2008-07-27 22:28:00,-3.39,-0.01,67.62,0.03,15.02,2.81,12.18,6.28,-5507.75,62.67,0
2008-07-27 23:14:00,4.4,-0.01,37.98,0.03,226.52,205.83,212.58,201.85,-2622.5,65.46,0
2008-07-28 03:31:00,17.55,-0.01,78.71,0.04,19.96,6.64,34.24,2.02,-6010.25,66.89,0
2008-07-28 03:48:00,-10.12,-0.01,95.0,0.03,4.47,6.14,9.57,5.03,-5548.0,66.48,0
2008-07-28 04:37:00,13.98,-0.01,75.51,0.05,400.0,400.0,400.0,400.0,-1362.0,65.27,0
2008-07-28 05:36:00,13.49,-0.01,57.22,0.04,9.48,5.22,11.32,4.51,-5452.75,65.22,0
2008-07-28 06:45:00,24.9,-0.0,172.08,0.04,10.15,7.1,1.33,6.16,-5493.75,68.32,1
2008-07-28 08:36:00,23.47,-0.01,40.75,0.03,18.03,11.7,3.04,6.57,-5525.5,70.51,0
2008-07-28 15:11:00,15.15,-0.01,75.29,0.04,119.36,13.79,36.34,1.96,-5085.25,63.51,1
2008-07-28 23:57:00,-2.66,-0.01,21.97,0.01,6.45,8.02,1.28,5.74,-5626.25,64.18,0
2008-07-29 04:08:00,-2.46,-0.01,70.52,0.02,8.1,4.57,47.52,3.45,-6033.25,62.29,0
2008-07-29 05:16:00,19.31,-0.01,42.11,0.05,6.34,8.91,13.35,4.78,-5415.75,69.0,0
2008-07-29 06:19:00,8.3,-0.01,76.89,0.02,154.01,137.64,159.99,135.41,-4731.0,60.84,0
2008-07-29 08:23:00,5.03,-0.01,113.0,0.01,7.22,5.2,5.39,2.15,-5546.5,69.07,1
2008-07-29 11:47:00,12.09,-0.01,41.06,0.02,215.99,204.89,231.64,201.35,-3281.0,63.13,0
2008-07-29 15:41:00,23.14,-0.01,42.7,0.03,150.83,141.77,163.97,135.06,-4667.25,61.87,0
2008-07-29 15:49:00,25.04,-0.01,96.97,0.02,20.79,16.14,2.06,4.87,-5300.25,69.07,1
2008-07-29 17:05:00,23.31,-0.01,18.01,0.02,6.46,7.97,13.69,6.31,-5553.0,69.56,1
2008-07-29 18:08:00,23.96,-0.01,49.07,0.01,14.04,11.43,2.91,5.54,-5394.0,68.36,1
2008-07-29 21:07:00,21.39,-0.01,90.48,0.03,213.27,203.77,209.32,201.23,-2575.5,64.42,0
2008-07-29 23:14:00,1.59,-0.01,67.89,0.02,7.99,12.68,15.17,1.1,-5175.5,67.27,0
2008-07-29 23:19:00,0.68,-0.01,50.08,0.02,10.06,9.42,8.01,2.88,-5545.0,64.08,0
2008-07-30 06:30:00,20.05,-0.01,200.71,0.02,143.91,138.96,169.37,134.42,-4520.75,62.37,0
2008-07-30 07:08:00,21.9,-0.01,33.19,0.02,22.78,7.88,9.5,3.42,-5683.75,64.71,0
2008-07-30 12:02:00,22.88,-0.0,111.95,0.04,6.5,5.76,12.49,3.3,-5460.5,70.09,0
2008-07-30 12:29:00,2.52,-0.01,101.13,0.02,400.0,400.0,400.0,400.0,-1368.75,63.4,1
2008-07-30 21:16:00,15.95,-0.01,31.6,0.04,140.2,136.33,171.67,134.03,-4490.5,63.6,1
2008-07-31 13:57:00,-1.65,-0.01,80.0,0.04,13.09,10.89,15.04,6.04,-5433.25,66.72,0
2008-07-31 15:36:00,6.74,-0.0,102.63,0.04,14.9,7.83,10.39,2.22,-5493.75,68.02,0
2008-07-31 17:07:00,13.81,-0.0,218.18,0.05,215.97,205.02,210.9,201.8,-2597.0,63.98,0
2008-07-31 20:18:00,18.32,-0.01,66.52,0.05,9.97,6.32,12.02,4.82,-5507.5,68.0,1
2008-01-08 02:02:00,16.46,-0.01,87.72,0.04,21.48,7.09,21.4,4.57,-5667.5,63.58,0
2008-01-08 05:52:00,9.05,-0.01,74.78,0.02,28.46,10.54,10.89,5.28,-5501.75,68.12,1
2008-01-08 10:20:00,18.83,-0.01,54.58,0.02,17.48,7.62,18.28,4.53,-5382.5,67.84,0
2008-01-08 10:26:00,18.28,-0.01,89.93,0.01,17.63,11.46,2.62,4.93,-5659.25,65.17,0
2008-01-08 11:28:00,19.8,-0.01,53.69,0.01,15.48,8.42,9.14,2.49,-5349.0,61.62,0
2008-01-08 12:29:00,11.68,-0.01,68.82,0.06,12.27,6.14,9.79,5.62,-5597.0,65.63,0
2008-01-08 14:07:00,22.43,-0.01,102.33,0.04,5.42,8.29,15.31,3.34,-5440.5,68.34,0
2008-01-08 15:10:00,17.16,-0.01,54.58,0.01,23.67,13.79,10.58,2.53,-5614.25,68.3,0
2008-02-08 03:39:00,25.46,-0.0,111.48,0.04,8.29,10.83,5.57,5.75,-5534.5,70.77,0
2008-03-08 13:09:00,20.55,-0.0,174.9,0.02,224.94,207.03,214.55,202.08,-2649.25,63.34,0
2008-03-08 14:06:00,18.68,-0.01,51.45,0.05,16.12,6.62,4.83,8.21,-5554.25,65.47,0
2008-03-08 14:25:00,25.44,-0.01,76.02,0.02,21.95,11.74,10.1,4.53,-6566.0,65.29,0
2008-03-08 15:03:00,17.64,-0.01,65.34,0.02,110.43,11.47,6.88,5.48,-5613.75,64.81,0
2008-03-08 15:27:00,24.35,-0.0,90.0,0.02,20.05,12.59,7.67,3.67,-6546.5,64.64,0
2008-03-08 16:00:00,12.06,-0.01,79.29,0.03,27.7,7.26,7.48,6.63,-5652.0,64.62,0
2008-03-08 17:00:00,9.52,-0.01,54.85,0.02,27.26,8.28,32.6,2.3,-6656.75,60.92,0
2008-03-08 17:58:00,22.92,-0.01,98.36,0.04,6.03,6.4,8.87,4.45,-5681.5,67.53,0
2008-03-08 20:23:00,9.33,-0.01,39.29,0.02,38.94,4.55,5.62,3.61,-5537.5,64.0,0
2008-03-08 22:52:00,12.54,-0.01,56.64,0.04,3.23,7.32,7.07,5.33,-5349.25,68.54,0
2008-04-08 00:39:00,12.43,-0.01,68.66,0.01,15.68,11.64,7.72,4.27,-5495.75,62.83,1
2008-04-08 03:45:00,28.64,-0.01,68.25,0.02,19.36,9.67,8.09,4.16,-6518.25,67.52,0
2008-04-08 03:49:00,8.69,-0.01,85.53,0.04,144.61,136.94,171.01,133.88,-4556.0,62.66,0
2008-04-08 13:19:00,-5.31,-0.01,46.62,0.02,9.27,8.41,9.76,4.42,-5432.5,64.17,0
2008-04-08 14:04:00,-8.75,-0.01,30.48,0.02,12.32,13.15,13.12,5.4,-5677.75,66.69,0
2008-04-08 14:31:00,26.66,-0.0,62.7,0.04,25.18,14.27,26.84,5.32,-6174.5,68.92,0
2008-04-08 15:29:00,28.71,-0.0,77.21,0.05,4.14,7.3,5.51,5.47,-5367.75,68.22,0
2008-04-08 16:15:00,-8.23,-0.01,76.82,0.01,20.7,15.28,9.85,2.47,-5393.25,66.09,0
2008-04-08 16:31:00,28.12,-0.0,122.76,0.05,15.16,9.76,10.33,4.52,-5594.25,61.26,0
2008-04-08 17:11:00,8.67,-0.01,76.6,0.02,232.48,211.49,213.96,203.87,-2665.5,67.02,0
2008-04-08 17:46:00,3.85,-0.01,99.39,0.02,9.06,5.97,9.54,2.72,-5527.0,60.91,0
2008-04-08 18:24:00,-15.2,-0.01,87.3,0.04,144.7,138.81,164.34,134.78,-4695.25,65.2,0
2008-04-08 19:58:00,-6.48,-0.01,115.35,0.01,17.49,10.46,12.07,4.67,-5491.5,64.8,0
2008-04-08 20:32:00,-11.22,-0.01,65.24,0.01,14.71,13.18,11.33,4.04,-5463.25,65.3,0
2008-04-08 20:58:00,11.56,-0.01,117.87,0.03,213.75,204.34,210.02,201.79,-2609.25,62.76,1
2008-04-08 21:43:00,28.42,-0.0,116.58,0.04,15.82,13.92,3.04,3.44,-5497.75,67.16,0
2008-04-08 22:51:00,24.47,-0.0,100.76,0.03,14.82,8.61,10.72,3.05,-5522.25,61.74,0
2008-04-08 23:33:00,5.13,-0.01,103.33,0.03,400.0,400.0,400.0,400.0,-1502.75,60.5,0
2008-05-08 00:04:00,24.81,-0.01,45.07,0.04,12.16,8.85,6.47,2.06,-5443.0,67.81,0
2008-05-08 01:12:00,27.62,-0.0,92.2,0.05,4.51,5.58,5.93,1.62,-5668.0,64.0,0
2008-05-08 02:15:00,20.59,-0.01,70.63,0.04,26.24,13.47,2.68,3.45,-6274.75,66.26,0
2008-05-08 02:36:00,27.67,-0.01,101.46,0.04,18.95,9.69,9.84,3.48,-5609.5,61.77,0
2008-05-08 02:45:00,29.03,-0.01,42.57,0.04,21.5,10.94,4.66,4.43,-6487.25,65.73,0
2008-05-08 03:17:00,27.74,-0.01,85.33,0.02,18.2,11.01,9.79,5.5,-6361.5,66.98,0
2008-05-08 03:36:00,24.83,-0.01,64.68,0.05,26.17,11.62,6.02,4.25,-6514.0,61.64,0
2008-05-08 03:54:00,24.61,-0.01,73.01,0.04,18.16,11.68,8.13,3.23,-6541.25,65.43,0
2008-05-08 04:32:00,27.72,-0.01,27.86,0.04,19.42,8.27,24.67,5.09,-5147.25,62.97,0
2008-05-08 04:35:00,23.79,-0.01,49.82,0.04,23.0,12.92,5.94,4.98,-6485.5,63.64,0
2008-05-08 05:11:00,20.6,-0.01,127.48,0.01,10.51,10.6,12.98,5.27,-5409.0,68.33,0
2008-05-08 06:10:00,29.75,-0.0,151.52,0.02,21.28,11.01,6.02,6.09,-6463.0,67.4,0
2008-05-08 06:11:00,23.99,-0.01,66.79,0.04,16.29,12.17,4.89,3.99,-5301.0,63.36,0
2008-05-08 06:21:00,16.79,-0.01,78.0,0.04,21.03,14.85,3.76,3.17,-5401.75,70.17,0
2008-05-08 07:12:00,23.71,-0.01,68.57,0.05,19.9,9.78,10.42,5.4,-6470.75,64.66,0
2008-05-08 07:12:00,18.58,-0.0,65.2,0.03,6.63,5.27,12.74,4.81,-5432.75,60.27,1
2008-05-08 07:48:00,24.29,-0.01,136.92,0.04,23.5,11.88,61.42,4.51,-5856.75,62.21,0
2008-05-08 08:50:00,25.51,-0.0,77.27,0.02,17.77,7.63,14.02,4.26,-5657.75,64.71,0
2008-05-08 09:48:00,26.71,-0.01,54.62,0.05,5.92,9.68,12.89,3.48,-5560.75,63.94,0
2008-05-08 14:17:00,8.91,-0.0,93.97,0.04,13.27,4.75,3.84,5.72,-5474.25,65.78,0
2008-05-08 14:45:00,8.94,-0.0,301.45,0.01,11.95,9.11,8.21,2.33,-5600.5,68.26,0
2008-05-08 15:45:00,6.99,-0.01,58.15,0.04,25.18,8.03,40.88,2.3,-6068.75,67.18,0
2008-05-08 20:04:00,16.6,-0.01,77.11,0.03,14.12,14.78,9.27,6.66,-5306.5,67.58,0
2008-05-08 21:07:00,16.53,-0.0,243.48,0.04,18.83,11.26,31.66,5.77,-6030.25,63.14,0
2008-05-08 21:22:00,29.19,-0.0,88.66,0.02,36.7,10.64,3.64,4.35,-5653.75,65.48,0
2008-05-08 23:02:00,10.08,-0.0,82.24,0.04,23.49,7.96,20.89,4.26,-5418.25,61.88,0
2008-05-08 23:06:00,3.91,-0.01,61.76,0.02,17.86,5.64,4.72,6.2,-5641.25,61.83,0
2008-05-08 23:38:00,26.65,-0.01,79.66,0.03,17.99,12.22,5.29,5.1,-5538.5,68.43,0
2008-06-08 00:04:00,17.69,-0.0,113.07,0.01,4.02,8.63,6.59,6.32,-5261.75,66.93,0
2008-06-08 02:20:00,15.02,-0.01,62.58,0.01,22.8,11.84,15.71,5.28,-5587.75,61.68,0
2008-06-08 03:22:00,15.79,-0.01,89.69,0.01,13.43,4.71,10.47,2.41,-5531.5,69.33,0
2008-06-08 05:40:00,6.66,-0.01,44.86,0.04,16.98,13.9,10.19,1.7,-5456.25,67.63,1
2008-06-08 09:56:00,10.21,-0.0,93.33,0.04,8.34,16.6,10.4,7.24,-5683.75,63.28,0
2008-06-08 09:57:00,-19.15,-0.01,52.02,0.03,27.89,8.62,36.05,2.89,-6563.75,66.06,0
2008-06-08 12:33:00,22.22,-0.0,104.24,0.02,18.0,11.91,3.24,6.35,-5559.0,63.9,0
2008-06-08 13:35:00,25.84,-0.01,46.98,0.02,8.78,8.9,10.36,4.47,-5499.75,63.38,0
2008-06-08 17:35:00,25.96,-0.01,64.17,0.04,19.64,9.34,2.06,4.14,-6353.5,67.66,0
2008-06-08 18:00:00,23.89,-0.0,83.37,0.04,23.44,9.38,10.47,5.51,-6599.25,63.58,0
2008-06-08 18:34:00,23.04,-0.01,56.09,0.04,25.3,13.92,7.55,5.78,-6413.5,67.31,0
2008-06-08 19:13:00,22.74,-0.01,46.96,0.04,23.0,8.22,5.59,4.05,-6569.5,63.84,0
2008-06-08 19:24:00,-9.28,-0.0,162.32,0.02,19.43,11.68,6.4,4.46,-6480.5,65.96,0
2008-06-08 20:00:00,-17.93,-0.0,103.87,0.02,10.75,7.17,5.19,2.97,-6364.25,65.83,0
2008-06-08 20:17:00,23.56,-0.01,78.69,0.04,22.2,13.28,7.68,4.98,-6473.25,62.97,0
2008-06-08 21:15:00,-8.31,-0.0,77.75,0.02,217.42,203.96,232.85,201.34,-3293.5,64.08,0
2008-06-08 22:27:00,5.34,-0.0,56.47,0.02,400.0,400.0,400.0,400.0,-1918.25,63.49,0
2008-06-08 23:40:00,23.87,-0.0,110.57,0.02,10.56,8.72,10.99,4.84,-5478.25,62.99,0
2008-06-08 23:45:00,27.34,-0.01,85.76,0.01,21.34,10.99,3.72,4.01,-6472.5,68.04,0
2008-07-08 00:51:00,17.3,-0.01,116.56,0.01,11.08,13.72,48.55,5.17,-6235.25,63.0,0
2008-07-08 07:30:00,26.27,-0.01,58.57,0.03,22.2,11.85,7.33,5.34,-6449.75,66.22,0
2008-07-08 08:21:00,-21.21,-0.01,54.89,0.03,25.54,7.39,32.89,2.26,-6169.5,65.32,0
2008-07-08 08:45:00,-7.54,-0.01,66.43,0.02,15.71,4.74,8.92,6.56,-5550.5,65.04,0
2008-07-08 08:55:00,4.31,-0.0,126.6,0.03,5.3,9.91,7.75,5.57,-5448.5,64.0,0
2008-07-08 10:12:00,29.12,-0.01,66.52,0.02,23.93,7.57,9.43,3.68,-6352.0,66.71,0
2008-07-08 11:10:00,15.86,-0.0,86.8,0.02,14.71,3.15,36.54,1.59,-5098.25,67.98,0
2008-07-08 11:40:00,26.77,-0.01,68.76,0.04,18.42,12.46,2.28,4.21,-6362.5,65.8,1
2008-08-08 04:55:00,-3.25,-0.0,142.69,0.03,23.25,9.33,3.15,2.85,-6290.25,70.24,0
2008-08-08 07:26:00,0.23,-0.01,65.12,0.03,13.72,10.13,10.48,2.64,-5389.25,61.22,0
2008-08-08 08:44:00,26.45,-0.01,98.03,0.02,25.94,14.23,8.78,5.16,-6538.75,63.9,1
2008-08-08 12:37:00,-12.15,-0.0,141.04,0.01,15.1,8.42,9.17,3.67,-6349.5,69.01,1
2008-08-08 20:21:00,-1.57,-0.0,117.22,0.05,4.35,5.39,8.59,6.32,-5599.5,71.12,0
2008-08-08 21:22:00,14.65,-0.01,97.78,0.04,9.61,7.61,18.07,3.29,-5645.25,68.86,0
2008-08-08 21:53:00,9.67,-0.0,289.66,0.04,14.82,9.96,10.1,5.71,-5447.75,63.26,0
2008-08-08 22:06:00,9.84,-0.01,68.05,0.04,6.07,6.48,11.05,3.67,-5501.0,67.63,0
2008-08-08 22:25:00,-5.87,-0.01,79.54,0.03,139.53,138.09,140.04,134.16,-4228.0,63.39,0
2008-09-08 02:15:00,-12.14,-0.01,63.8,0.02,9.31,6.9,21.93,4.43,-5645.5,65.36,0
2008-09-08 02:37:00,12.84,-0.01,81.11,0.03,18.99,8.82,23.62,1.8,-5596.5,69.88,0
2008-09-08 06:05:00,9.5,-0.0,61.54,0.01,15.9,11.32,15.55,4.8,-5750.0,68.34,0
2008-09-08 09:16:00,2.58,-0.01,111.7,0.04,14.6,11.72,15.23,6.81,-5384.25,70.19,1
2008-09-08 09:22:00,15.11,-0.01,93.85,0.01,9.28,9.33,3.53,3.23,-5581.0,70.4,0
2008-09-08 11:42:00,4.43,-0.01,74.1,0.03,64.91,7.3,42.62,3.62,-6063.0,69.32,1
2008-09-08 17:34:00,17.79,-0.0,205.59,0.03,16.11,13.31,14.32,7.2,-5508.75,61.32,0
2008-09-08 19:03:00,22.79,-0.01,147.42,0.04,16.04,10.68,22.99,4.0,-5707.5,63.38,0
2008-09-08 20:04:00,4.66,-0.0,136.02,0.04,135.4,134.25,151.93,133.73,-5073.25,65.51,0
2008-09-08 21:07:00,26.05,-0.0,160.0,0.02,18.84,11.91,6.91,4.56,-6377.5,65.31,0
2008-09-08 22:15:00,17.17,-0.0,113.64,0.03,20.85,12.86,6.03,6.16,-5535.25,62.74,0
2008-09-08 22:37:00,27.73,-0.0,252.63,0.04,18.11,8.72,9.6,4.92,-6425.0,65.84,0
2008-09-08 23:17:00,-13.12,-0.01,126.92,0.01,17.93,7.88,5.08,2.96,-6274.75,67.82,0
2008-09-08 23:34:00,-10.87,-0.0,41.62,0.02,89.52,5.29,4.34,1.32,-5529.25,63.31,0
2008-10-08 00:09:00,-13.36,-0.01,84.57,0.01,12.33,10.94,5.71,4.81,-5442.25,68.16,0
2008-10-08 00:46:00,-2.28,-0.01,89.32,0.01,15.94,8.13,6.29,3.63,-6149.25,68.04,0
2008-10-08 06:00:00,4.97,-0.01,66.0,0.03,21.44,12.1,11.58,4.63,-5664.0,62.79,1
2008-10-08 06:41:00,0.38,-0.01,69.06,0.02,8.04,9.68,8.61,5.49,-5527.0,69.93,0
2008-10-08 07:01:00,27.41,-0.0,77.69,0.03,22.3,13.33,7.63,6.09,-5376.25,63.79,1
2008-10-08 11:16:00,-10.13,-0.0,86.77,0.03,231.05,208.5,230.37,202.59,-2595.0,65.58,0
2008-10-08 11:49:00,-11.47,-0.0,202.74,0.02,17.85,8.13,5.38,3.34,-6355.25,68.94,0
2008-10-08 12:22:00,3.9,-0.01,64.97,0.03,23.07,11.31,54.09,4.32,-4592.0,67.8,0
2008-10-08 15:59:00,12.9,-0.0,74.67,0.03,400.0,400.0,400.0,400.0,-1480.75,61.33,1
2008-10-08 19:07:00,0.48,-0.0,126.9,0.04,9.04,9.41,12.55,4.72,-5753.5,65.59,0
2008-10-08 20:07:00,12.31,-0.0,123.54,0.03,15.26,11.12,5.14,6.13,-5345.0,64.13,1
2008-10-08 22:26:00,21.76,-0.01,171.16,0.01,18.38,9.39,23.23,5.36,-7150.25,63.13,1
2008-11-08 03:06:00,10.02,-0.01,60.16,0.03,10.84,4.58,11.05,4.9,-5500.0,66.7,0
2008-11-08 04:09:00,8.06,-0.01,56.72,0.02,13.88,7.26,72.22,3.01,-4781.5,67.72,0
2008-11-08 05:15:00,2.04,-0.01,101.82,0.03,6.07,7.65,8.23,4.3,-5336.5,63.76,0
2008-11-08 11:35:00,17.4,-0.0,157.38,0.03,11.76,14.36,39.69,3.4,-6112.25,67.4,0
2008-11-08 12:38:00,3.28,-0.0,160.49,0.02,21.86,8.58,4.18,8.33,-5646.5,64.73,0
2008-12-08 04:23:00,9.25,-0.01,95.6,0.02,224.19,207.58,227.12,202.49,-3345.75,66.54,0
2008-12-08 06:16:00,-17.36,-0.01,33.38,0.03,236.31,208.82,213.75,202.48,-2668.5,64.79,0
2008-12-08 10:54:00,-9.5,-0.0,86.82,0.02,19.64,12.0,5.86,3.56,-6377.0,64.9,0
2008-12-08 11:29:00,-7.96,-0.01,124.56,0.01,20.88,9.27,7.83,1.21,-5440.25,65.44,0
2008-12-08 12:04:00,1.12,-0.01,150.8,0.03,18.37,12.21,11.23,1.89,-5485.0,62.88,0
2008-08-13 02:48:00,8.39,-0.01,68.67,0.01,20.12,13.97,16.91,3.61,-5394.0,67.73,0
2008-08-15 03:26:00,-15.53,-0.0,167.2,0.01,15.52,12.4,14.46,4.16,-5490.0,63.99,0
2008-08-15 04:14:00,9.66,-0.01,37.5,0.03,27.59,11.21,25.21,3.7,-6886.25,62.68,0
2008-08-15 05:13:00,13.7,-0.01,68.09,0.03,25.82,9.92,8.49,4.39,-5487.0,69.9,0
2008-08-15 09:38:00,6.52,-0.01,70.75,0.02,24.58,11.46,3.45,4.45,-6368.75,67.57,0
2008-08-15 10:14:00,5.31,-0.01,68.63,0.02,21.22,15.16,13.42,3.94,-5619.5,67.42,0
2008-08-15 11:42:00,7.77,-0.0,106.38,0.02,23.74,10.75,5.13,4.37,-6329.25,64.03,0
2008-08-15 18:19:00,23.9,-0.01,106.14,0.03,5.39,9.64,21.24,3.71,-5466.5,69.38,0
2008-08-15 19:19:00,-0.33,-0.0,103.6,0.03,9.65,6.93,12.12,5.8,-5561.75,66.58,0
2008-08-15 20:00:00,20.78,-0.01,81.63,0.03,12.58,12.58,22.86,7.62,-5440.75,69.61,0
2008-08-15 20:03:00,24.26,-0.0,125.24,0.02,55.98,9.12,14.72,5.58,-5426.75,67.66,0
2008-08-15 23:31:00,6.71,-0.01,91.0,0.02,22.35,10.0,8.62,3.54,-5635.5,66.26,0
2008-08-16 02:21:00,29.73,-0.01,65.38,0.03,29.4,10.62,2.81,3.57,-5794.25,68.0,0
2008-08-16 05:47:00,11.49,-0.01,62.34,0.03,13.72,12.09,15.4,2.62,-5972.75,68.81,0
2008-08-16 06:52:00,28.31,-0.0,175.34,0.03,7.98,7.58,6.67,4.5,-5550.75,69.92,0
2008-08-16 07:33:00,13.73,-0.01,92.65,0.03,8.25,16.31,3.69,4.46,-5503.5,66.12,0
2008-08-16 08:39:00,18.87,-0.01,37.59,0.03,21.02,13.56,3.83,4.66,-6345.75,66.28,0
2008-08-16 08:41:00,5.58,-0.0,75.59,0.03,20.4,10.29,6.99,5.14,-6434.75,70.53,0
2008-08-16 09:44:00,25.53,-0.01,65.31,0.02,24.94,13.42,6.73,4.56,-6511.5,70.98,1
2008-08-16 13:51:00,5.99,-0.0,0.0,0.02,23.27,15.48,6.54,5.11,-6403.75,68.18,0
2008-08-16 14:30:00,2.78,-0.0,0.0,0.02,14.34,10.26,10.12,5.63,-5407.75,68.32,0
2008-08-16 15:16:00,2.62,-0.01,68.84,0.02,16.23,8.52,7.32,7.07,-5617.5,69.2,0
2008-08-16 15:19:00,20.83,-0.0,98.95,0.02,23.23,17.78,33.3,3.36,-6057.25,69.07,1
2008-08-16 23:48:00,27.3,-0.01,111.39,0.01,23.17,12.8,6.51,4.38,-6448.0,61.72,0
2008-08-17 00:52:00,5.42,-0.01,44.32,0.03,24.03,12.06,3.36,4.48,-6508.5,70.96,0
2008-08-17 01:53:00,5.91,-0.01,57.47,0.03,17.7,7.29,39.09,4.88,-5771.25,67.67,0
2008-08-17 03:17:00,5.38,-0.01,34.78,0.03,31.13,15.34,4.86,4.01,-6401.75,70.04,0
2008-08-17 03:18:00,-11.23,-0.01,87.21,0.03,108.12,7.33,14.54,5.34,-5076.25,62.51,0
2008-08-17 03:46:00,-1.85,-0.0,109.0,0.02,9.71,10.72,10.47,5.07,-5518.0,67.23,0
2008-08-17 04:19:00,25.43,-0.01,46.18,0.01,21.66,10.41,7.67,3.8,-6308.5,68.9,0
2008-08-17 05:21:00,15.46,-0.01,52.43,0.01,5.48,17.36,32.4,6.94,-6153.5,67.97,0
2008-08-17 12:16:00,0.76,-0.01,61.37,0.03,9.74,18.06,17.38,8.67,-5511.75,61.58,1
2008-08-17 13:34:00,-12.05,-0.01,99.55,0.03,23.13,12.73,9.23,3.91,-6417.25,65.13,0
2008-08-17 14:21:00,-10.27,-0.01,57.42,0.02,26.46,11.09,7.02,3.28,-6483.25,67.59,0
2008-08-17 15:25:00,1.16,-0.01,56.64,0.02,14.97,10.0,7.67,3.68,-6480.25,63.92,0
2008-08-17 21:26:00,-11.82,-0.01,49.1,0.03,20.06,15.04,22.06,1.7,-5426.25,62.99,1
2008-08-17 22:03:00,8.42,-0.0,132.53,0.03,8.35,8.68,5.81,3.35,-5505.5,67.22,1
2008-08-17 22:21:00,18.6,-0.01,73.62,0.02,12.89,4.52,14.58,4.07,-5584.5,65.82,0
2008-08-17 23:04:00,8.98,-0.0,129.5,0.04,21.93,11.71,7.95,4.17,-6375.0,66.86,1
2008-08-17 23:20:00,0.72,-0.01,56.17,0.02,4.85,6.67,19.84,4.08,-5465.0,63.49,0
2008-08-17 23:55:00,-1.42,-0.0,400.0,0.01,13.41,7.75,61.2,5.01,-4970.75,67.71,1
2008-08-18 00:02:00,9.21,-0.0,149.11,0.04,27.45,6.81,19.72,4.84,-5181.5,65.68,1
2008-08-18 00:20:00,12.16,-0.01,60.11,0.03,18.78,11.58,4.88,3.86,-6351.5,68.82,0
2008-08-18 01:23:00,8.53,-0.01,37.3,0.03,16.07,7.43,26.67,4.58,-5230.25,69.43,1
2008-08-18 04:01:00,17.17,-0.01,46.7,0.04,18.29,14.45,7.88,5.5,-6393.25,67.9,1
2008-08-18 04:12:00,5.79,-0.01,56.94,0.02,9.27,4.87,17.18,2.02,-5367.75,69.68,0
2008-08-18 04:35:00,14.44,-0.01,73.53,0.02,21.22,11.56,11.8,4.63,-6356.0,66.28,0
2008-08-18 05:03:00,11.7,-0.0,143.28,0.03,13.19,8.04,9.8,6.25,-5175.5,69.83,0
2008-08-18 05:25:00,18.05,-0.0,439.22,0.01,99.22,11.16,25.64,6.65,-4992.0,69.79,0
2008-08-18 06:07:00,20.71,-0.01,39.07,0.03,11.99,12.01,26.73,5.01,-6834.5,68.57,0
2008-08-18 06:11:00,1.13,-0.01,43.37,0.03,19.29,9.61,6.04,2.99,-6353.75,61.07,0
2008-08-18 06:26:00,16.41,-0.0,124.39,0.04,24.49,12.93,6.38,5.66,-6425.5,71.72,0
2008-08-18 07:11:00,5.4,-0.01,94.66,0.01,25.6,12.43,3.5,4.1,-6565.5,70.44,0
2008-08-18 07:23:00,26.86,-0.01,43.77,0.02,19.57,16.89,9.54,2.67,-5291.5,66.69,0
2008-08-18 07:29:00,23.77,-0.01,47.83,0.1,10.48,12.54,7.82,4.32,-5521.25,64.03,0
2008-08-18 08:18:00,-0.84,-0.01,60.04,0.02,20.69,11.93,5.88,4.64,-6346.0,68.42,0
2008-08-18 08:31:00,25.43,-0.01,57.7,0.01,9.78,14.35,24.28,5.55,-5213.75,69.06,0
2008-08-18 10:13:00,26.61,-0.01,45.48,0.03,21.11,11.98,4.85,3.72,-6454.5,71.24,0
2008-08-18 11:04:00,-6.54,-0.01,33.71,0.02,12.56,3.56,14.6,1.77,-5532.5,69.38,0
2008-08-18 12:00:00,0.15,-0.01,47.55,0.02,23.53,8.69,43.01,2.76,-5064.0,67.18,0
2008-08-18 12:06:00,2.82,-0.01,36.0,0.02,22.55,9.31,5.98,3.5,-6273.5,68.2,0
2008-08-18 12:22:00,12.18,-0.01,87.9,0.03,23.15,8.74,9.54,4.14,-6267.75,70.12,0
2008-08-18 12:49:00,19.56,-0.01,63.62,0.02,24.58,12.23,5.8,3.83,-6426.5,70.51,0
2008-08-18 13:07:00,-1.16,-0.01,73.6,0.03,16.55,9.01,5.17,4.33,-5284.75,68.16,0
2008-08-18 14:01:00,18.63,-0.01,85.86,0.02,19.54,12.44,1.53,4.04,-6267.75,62.96,0
2008-08-18 14:04:00,20.71,-0.01,39.84,0.03,21.5,9.1,7.95,3.44,-6452.5,72.92,0
2008-08-18 14:45:00,-11.97,-0.01,37.28,0.03,9.22,14.49,9.79,5.0,-5423.0,69.39,0
2008-08-18 15:00:00,16.84,-0.01,57.94,0.02,18.01,11.05,6.87,3.81,-6198.5,63.98,0
2008-08-18 15:26:00,14.04,-0.01,30.95,0.03,91.81,6.48,10.0,4.61,-5711.0,66.54,0
2008-08-18 15:30:00,28.4,-0.01,41.45,0.03,26.2,14.45,62.71,4.08,-5657.5,63.78,0
2008-08-18 15:33:00,22.18,-0.01,64.8,0.03,12.23,10.42,13.65,3.87,-6528.5,68.2,0
2008-08-18 15:41:00,9.19,-0.01,45.15,0.01,18.62,13.8,5.42,3.97,-6363.0,63.06,0
2008-08-18 16:19:00,1.5,-0.01,61.44,0.02,22.63,9.4,4.61,3.21,-6334.25,67.46,0
2008-08-18 17:13:00,16.02,-0.01,54.07,0.03,20.85,13.63,8.15,5.44,-6431.75,68.16,1
2008-08-18 17:16:00,2.5,-0.01,32.72,0.02,45.93,7.29,17.02,5.1,-5410.0,67.42,0
2008-08-18 17:37:00,87.04,-0.01,59.44,0.01,21.97,7.82,14.67,6.83,-5677.5,68.04,0
2008-08-18 19:24:00,0.76,-0.01,56.68,0.02,13.46,10.59,18.21,7.16,-5848.5,69.92,0
2008-08-18 19:54:00,9.88,-0.01,60.84,0.02,19.29,11.05,24.29,4.73,-5392.25,66.69,1
2008-08-18 23:00:00,15.68,-0.01,40.49,0.01,19.7,12.7,8.22,4.09,-6350.5,68.54,0
2008-08-18 23:03:00,16.24,-0.01,43.74,0.03,12.94,9.31,6.04,3.35,-6277.75,67.52,0
2008-08-18 23:47:00,10.37,-0.01,35.38,0.01,6.44,6.78,16.27,4.03,-5421.5,63.41,0
2008-08-19 01:10:00,2.5,-0.01,71.32,0.03,17.53,6.34,95.57,7.05,-5316.75,68.41,0
2008-08-19 03:59:00,24.14,-0.01,32.21,0.02,31.77,15.16,16.0,4.47,-5242.25,67.14,1
2008-08-19 04:58:00,23.71,-0.01,56.94,0.02,4.23,11.3,12.38,4.51,-5751.5,68.14,0
2008-08-19 05:09:00,5.78,-0.01,39.33,0.03,20.06,10.26,2.76,3.41,-6459.75,69.42,0
2008-08-19 05:11:00,-0.18,-0.01,48.31,0.03,15.93,11.95,10.74,6.05,-5328.25,63.91,0
2008-08-19 05:11:00,-8.61,-0.01,41.4,0.03,16.06,8.25,5.14,2.52,-6345.0,63.34,0
2008-08-19 05:40:00,22.72,-0.01,23.87,0.02,16.76,17.23,11.97,5.87,-5302.75,65.26,0
2008-08-19 05:41:00,20.02,-0.01,51.24,0.02,12.78,12.67,8.11,4.84,-5413.0,69.69,0
2008-08-19 05:53:00,17.98,-0.01,57.06,0.02,19.98,16.21,17.2,4.67,-5228.25,66.26,0
2008-08-19 05:54:00,17.73,-0.01,23.97,0.04,18.81,11.34,7.21,3.95,-6322.0,66.11,0
2008-08-19 05:56:00,1.37,-0.01,62.03,0.02,18.03,8.54,9.08,5.46,-6278.5,63.61,1
2008-08-19 06:24:00,2.04,-0.01,87.74,0.04,26.26,10.51,9.55,5.66,-5485.25,69.84,0
2008-08-19 07:43:00,1.42,-0.01,41.09,0.03,31.06,14.06,21.59,4.56,-5429.0,67.62,0
2008-08-19 07:58:00,22.44,-0.01,48.84,0.02,15.85,12.57,4.51,5.94,-5278.0,68.32,1
2008-08-19 08:01:00,14.9,-0.01,34.67,0.02,13.91,6.53,7.8,3.75,-5143.5,63.89,0
2008-08-19 08:07:00,4.44,-0.01,34.38,0.03,15.64,8.65,3.38,3.64,-6483.75,69.68,0
2008-08-19 08:33:00,-15.31,-0.01,38.93,0.03,25.12,14.09,5.7,4.48,-6338.75,59.99,0
2008-08-19 09:04:00,27.32,-0.01,34.78,0.02,35.47,9.48,26.32,2.36,-5486.25,66.07,0
2008-08-19 09:05:00,2.78,-0.01,32.12,0.02,17.12,9.31,4.42,2.96,-6463.25,67.43,0
2008-08-19 10:46:00,18.18,-0.01,38.4,0.02,12.77,8.35,13.37,2.21,-5398.5,63.4,0
2008-08-19 11:11:00,22.37,-0.01,69.93,0.03,21.24,12.5,6.93,5.77,-6294.25,66.71,0
2008-08-19 11:13:00,24.48,-0.01,71.74,0.01,16.04,11.85,4.75,2.89,-6380.0,62.7,0
2008-08-19 11:13:00,20.72,-0.01,63.38,0.05,23.16,13.37,9.99,5.08,-6205.0,65.0,0
2008-08-19 11:28:00,6.2,-0.0,136.1,0.03,19.5,14.66,38.86,5.73,-6349.0,68.2,0
2008-08-19 11:44:00,6.91,-0.01,62.34,0.02,20.68,11.34,5.69,3.37,-6237.25,70.46,0
2008-08-19 11:46:00,23.27,-0.01,75.62,0.03,5.81,4.45,17.63,6.01,-5523.75,66.24,0
2008-08-19 11:57:00,-7.83,-0.01,64.25,0.02,4.4,7.07,20.41,6.1,-5418.0,68.54,0
2008-08-19 11:58:00,0.54,-0.01,36.03,0.02,22.05,6.64,7.04,4.25,-5255.75,66.27,0
2008-08-19 12:30:00,3.11,-0.01,50.0,0.03,24.09,14.21,8.09,4.45,-6406.25,66.44,0
2008-08-19 15:33:00,25.19,-0.01,45.88,0.03,19.6,13.39,6.91,4.73,-6314.0,64.97,0
2008-08-19 18:12:00,1.23,-0.0,97.51,0.04,16.94,18.89,13.56,3.35,-5745.0,69.96,0
2008-08-19 18:12:00,13.6,-0.01,57.21,0.03,24.82,11.45,6.12,4.56,-6470.0,68.94,0
2008-08-19 18:30:00,-2.93,-0.01,38.55,0.06,19.14,12.12,34.58,6.58,-5324.0,69.4,0
2008-08-19 18:30:00,13.37,-0.01,59.48,0.06,6.4,14.14,10.83,8.91,-5613.5,69.46,0
2008-08-19 19:38:00,27.46,-0.01,36.86,0.05,21.96,11.37,7.7,4.38,-6312.25,72.82,0
2008-08-19 20:53:00,5.0,-0.0,109.29,0.03,16.06,10.13,13.58,4.79,-5516.75,68.14,0
2008-08-20 00:05:00,1.91,-0.0,184.35,0.04,29.38,4.97,9.0,2.2,-5411.25,69.78,0
2008-08-20 01:33:00,9.59,-0.01,52.41,0.03,9.94,9.11,9.72,5.94,-5194.0,68.26,0
2008-08-20 01:42:00,1.82,-0.01,39.71,0.02,15.86,10.25,10.15,3.18,-5742.25,66.38,0
2008-08-20 02:13:00,22.69,-0.01,65.16,0.07,21.08,12.35,8.24,5.35,-6253.5,69.93,0
2008-08-20 02:27:00,19.1,-0.01,26.55,0.06,14.47,7.15,25.23,3.46,-5387.5,66.98,1
2008-08-20 03:00:00,3.31,-0.01,50.66,0.04,102.5,6.11,6.3,4.41,-5394.75,68.59,0
2008-08-20 03:12:00,13.68,-0.01,74.79,0.02,21.05,4.79,13.53,5.15,-5033.0,66.46,1
2008-08-20 06:36:00,26.91,-0.01,70.49,0.02,20.34,13.14,3.9,4.66,-6404.5,71.98,0
2008-08-20 07:12:00,0.14,-0.01,82.59,0.03,20.97,11.2,19.19,2.6,-5407.75,69.28,0
2008-08-20 08:40:00,14.75,-0.01,105.43,0.03,24.19,13.81,9.2,4.61,-6390.0,68.23,1
2008-08-20 09:17:00,8.1,-0.01,33.84,0.08,20.62,13.2,5.12,4.44,-6383.75,67.47,1
2008-08-20 10:26:00,0.89,-0.0,60.3,0.05,27.12,13.24,14.58,5.16,-6280.75,70.08,0
2008-08-20 16:08:00,1.77,-0.01,53.41,0.03,18.07,3.82,35.42,6.49,-5624.25,69.13,0
2008-08-20 16:16:00,21.11,-0.01,47.94,0.06,24.59,13.23,10.58,4.36,-6266.25,66.4,0
2008-08-20 17:09:00,4.63,-0.01,34.46,0.07,21.03,13.29,6.23,7.59,-5469.5,69.32,0
2008-08-20 17:35:00,10.77,-0.01,43.46,0.05,15.1,13.79,7.21,4.36,-6308.75,65.59,0
2008-08-20 17:36:00,4.42,-0.01,30.67,0.03,18.39,10.87,8.47,3.22,-6395.5,70.57,0
2008-08-20 18:29:00,4.41,-0.01,71.17,0.01,18.25,10.53,8.06,4.38,-6326.25,67.27,0
2008-08-20 18:35:00,-10.37,-0.01,44.35,0.05,13.92,7.2,3.74,2.14,-6439.0,68.43,0
2008-08-20 20:19:00,2.07,-0.01,41.36,0.03,21.28,15.06,5.75,4.3,-6316.5,69.98,0
2008-08-20 21:33:00,-0.22,-0.01,47.86,0.03,23.15,16.73,10.62,4.38,-6214.5,68.66,0
2008-08-20 21:41:00,4.97,-0.01,73.09,0.03,21.64,11.27,12.12,4.22,-6330.0,69.48,0
2008-08-20 21:58:00,1.4,-0.01,84.12,0.03,21.89,13.13,7.29,4.48,-6224.75,68.84,0
2008-08-20 22:13:00,2.95,-0.01,18.6,0.02,5.83,5.24,17.08,3.78,-5504.25,69.71,0
2008-08-20 22:45:00,-0.57,-0.01,76.66,0.02,22.76,13.67,6.18,4.71,-6420.25,68.77,0
2008-08-20 23:18:00,5.87,-0.01,97.01,0.03,24.52,26.34,9.26,9.31,-5300.5,67.74,0
2008-08-20 23:43:00,14.07,-0.01,23.23,0.04,10.57,7.18,35.89,4.78,-6124.75,66.36,1
2008-08-21 02:11:00,-5.6,-0.0,247.34,0.03,10.31,9.23,8.64,5.06,-5558.25,66.92,0
2008-08-21 02:46:00,2.0,-0.01,59.6,0.04,19.74,11.84,58.92,3.43,-5750.5,69.78,0
2008-08-21 04:22:00,20.81,-0.01,37.43,0.03,12.07,10.27,12.59,3.76,-5307.75,66.02,0
2008-08-21 04:29:00,-5.9,-0.01,11.8,0.03,19.85,10.11,5.91,4.52,-6367.0,67.37,0
2008-08-21 05:06:00,-0.33,-0.01,19.8,0.06,105.96,6.34,12.72,2.77,-5433.0,63.81,0
2008-08-21 05:15:00,4.31,-0.0,112.71,0.04,15.82,4.46,12.39,4.5,-5635.0,65.56,0
2008-08-21 06:10:00,5.08,-0.01,53.49,0.05,28.6,11.13,12.87,3.95,-5222.5,66.89,1
2008-08-21 11:22:00,6.34,-0.01,22.64,0.06,15.68,9.28,3.09,3.21,-6310.5,70.18,0
2008-08-21 12:00:00,3.14,-0.01,70.87,0.05,15.14,8.67,4.75,4.05,-6378.5,67.52,0
2008-08-21 12:31:00,22.1,-0.01,60.08,0.04,20.05,13.74,9.09,5.14,-6401.25,71.0,0
2008-08-21 12:33:00,-0.89,-0.01,44.96,0.03,25.16,10.62,12.17,4.51,-5307.5,67.91,0
2008-08-21 12:43:00,-6.86,-0.01,22.27,0.02,7.53,7.3,17.2,6.24,-5436.0,60.11,0
2008-08-21 12:52:00,2.15,-0.01,49.69,0.03,14.14,11.9,6.56,2.63,-5487.75,59.89,0
2008-08-21 13:11:00,-8.48,-0.0,57.43,0.02,17.3,9.44,7.42,2.88,-6374.75,67.7,0
2008-08-21 13:19:00,3.94,-0.01,94.67,0.03,21.41,8.19,6.38,4.03,-6363.0,67.2,0
2008-08-21 13:29:00,-0.26,-0.01,88.89,0.02,19.55,6.93,29.54,3.59,-5227.0,68.17,0
2008-08-21 13:45:00,-2.79,-0.01,20.12,0.06,17.56,10.09,2.77,2.99,-6457.75,68.58,0
2008-08-21 14:47:00,9.85,-0.0,114.29,0.03,47.13,10.52,18.15,7.37,-5775.0,70.06,0
2008-08-21 15:05:00,3.89,-0.01,72.87,0.05,21.93,10.32,8.67,4.64,-6295.75,67.4,0
2008-08-21 15:06:00,-5.92,-0.01,58.07,0.04,31.0,14.42,12.69,6.72,-5319.25,67.32,0
2008-08-21 15:32:00,4.1,-0.01,27.95,0.03,20.41,9.03,13.76,5.23,-5415.0,66.01,0
2008-08-21 15:48:00,6.34,-0.01,54.62,0.07,8.28,4.38,17.1,5.02,-5467.5,68.88,0
2008-08-21 15:50:00,0.31,-0.01,62.05,0.13,30.82,19.04,7.95,5.61,-6261.75,69.1,0
2008-08-21 16:19:00,28.51,-0.01,51.16,0.05,16.19,5.8,4.6,3.04,-6393.5,65.91,1
2008-08-21 16:36:00,4.02,-0.01,27.99,0.04,18.41,13.09,14.18,3.61,-5493.0,69.36,0
2008-08-21 17:25:00,3.22,-0.01,87.48,0.04,20.34,8.48,7.58,3.18,-6270.5,67.77,0
2008-08-21 17:44:00,14.39,-0.01,45.66,0.03,23.83,11.17,10.74,4.04,-6362.25,65.49,0
2008-08-21 18:04:00,6.25,-0.01,57.73,0.03,29.62,13.44,2.45,4.6,-6408.75,67.41,0
2008-08-21 18:05:00,3.8,-0.0,83.37,0.04,11.96,11.95,4.39,3.8,-5120.0,71.2,1
2008-08-21 18:39:00,-1.96,-0.01,114.53,0.02,25.61,13.77,6.76,5.23,-6453.75,70.19,0
2008-08-21 18:53:00,-10.6,-0.01,56.5,0.02,21.6,10.95,5.7,5.04,-6402.75,65.5,0
2008-08-21 19:12:00,3.88,-0.01,58.71,0.04,29.03,11.01,10.16,4.08,-6279.5,67.07,0
2008-08-21 19:12:00,5.79,-0.01,104.35,0.02,10.81,12.49,12.57,4.45,-5435.5,68.29,0
2008-08-21 19:46:00,0.8,-0.01,41.85,0.06,16.9,9.72,7.4,3.06,-6253.5,70.4,0
2008-08-21 20:19:00,10.9,-0.01,62.68,0.03,17.61,10.4,4.77,4.27,-5593.75,67.21,0
2008-08-21 20:21:00,15.28,-0.01,64.92,0.03,32.2,16.75,11.61,6.36,-5384.75,67.59,0
2008-08-21 20:37:00,18.72,-0.01,64.0,0.02,25.77,13.76,26.42,3.25,-6915.0,65.54,0
2008-08-21 21:32:00,3.4,-0.01,57.82,0.02,10.49,11.23,26.76,5.07,-5468.0,67.63,0
2008-08-21 22:25:00,0.12,-0.01,51.47,0.03,18.76,9.18,3.27,4.49,-6391.5,67.64,0
2008-08-21 22:41:00,3.53,-0.01,68.86,0.04,6.68,6.43,27.1,3.71,-5047.75,68.04,0
2008-08-21 23:08:00,-5.34,-0.01,74.39,0.03,110.48,9.34,5.84,4.61,-5448.0,70.2,0
2008-08-21 23:27:00,1.44,-0.01,40.89,0.04,13.84,8.5,26.79,4.38,-5046.25,67.11,0
2008-08-21 23:53:00,7.39,-0.01,53.96,0.03,16.38,11.81,73.08,2.51,-4778.5,69.11,0
2008-08-21 23:57:00,4.8,-0.01,29.39,0.03,16.95,9.82,15.89,4.92,-6408.25,67.88,0
2008-08-22 00:43:00,-7.42,-0.01,39.55,0.02,40.62,8.71,30.81,4.08,-5631.75,69.12,0
2008-08-22 00:44:00,0.09,-0.01,48.0,0.03,20.18,13.85,29.24,5.21,-6894.25,69.31,0
2008-08-22 00:47:00,8.91,-0.01,35.78,0.03,13.48,5.53,30.94,5.83,-6203.25,66.66,0
2008-08-22 01:04:00,5.05,-0.01,48.1,0.05,8.63,5.05,4.81,4.36,-4929.5,70.64,1
2008-08-22 01:26:00,26.15,-0.01,45.26,0.03,21.07,11.08,3.9,4.03,-6250.25,64.72,0
2008-08-22 01:27:00,-3.0,-0.01,51.34,0.02,22.6,13.08,2.48,4.03,-6382.0,69.69,0
2008-08-22 01:54:00,-5.65,-0.01,26.83,0.03,108.45,16.11,15.21,1.83,-5226.5,68.3,0
2008-08-22 02:01:00,-1.22,-0.01,54.37,0.03,17.63,8.34,5.58,3.2,-6411.75,69.01,0
2008-08-22 02:25:00,1.23,-0.01,55.06,0.03,19.18,7.71,14.78,5.29,-5453.5,68.19,0
2008-08-22 02:52:00,2.84,-0.01,52.4,0.04,16.65,10.21,10.28,4.19,-6487.25,68.56,0
2008-08-22 03:18:00,5.91,-0.0,85.79,0.03,21.77,9.61,5.65,4.38,-6465.0,68.33,0
2008-08-22 03:58:00,4.5,-0.01,54.03,0.03,12.17,5.62,11.05,8.16,-5220.25,67.68,0
2008-08-22 04:40:00,3.26,-0.01,49.37,0.03,23.01,12.75,5.92,4.53,-6400.25,65.69,0
2008-08-22 04:57:00,4.15,-0.0,122.73,0.03,19.8,17.16,8.19,9.02,-5566.75,67.06,0
2008-08-22 05:21:00,4.46,-0.01,59.36,0.03,8.66,5.93,3.54,4.94,-5655.25,67.19,0
2008-08-22 05:31:00,0.46,-0.01,86.96,0.03,20.91,7.08,5.04,2.36,-6501.5,67.77,0
2008-08-22 05:32:00,-1.08,-0.01,19.86,0.03,12.15,7.45,4.44,3.65,-5583.25,60.07,0
2008-08-22 06:00:00,11.0,-0.01,64.62,0.03,17.36,6.22,14.01,4.63,-5633.25,67.49,1
2008-08-22 07:04:00,2.01,-0.01,20.85,0.01,20.94,10.71,4.38,3.77,-6572.75,67.09,0
2008-08-22 07:17:00,18.4,-0.01,26.77,0.03,20.49,14.15,5.17,4.26,-6271.0,67.89,0
2008-08-22 07:27:00,0.3,-0.01,46.93,0.02,18.3,7.68,6.89,3.53,-6259.5,68.94,0
2008-08-22 09:29:00,22.76,-0.01,35.58,0.04,21.87,14.52,5.36,6.43,-6418.25,65.58,0
2008-08-22 09:29:00,6.15,-0.01,54.88,0.02,16.61,4.11,12.28,2.3,-5487.25,68.61,0
2008-08-22 10:01:00,20.26,-0.01,41.92,0.07,16.57,10.27,4.74,4.13,-6282.5,67.37,0
2008-08-22 10:18:00,-3.09,-0.01,46.56,0.02,9.54,4.32,14.67,4.28,-5595.75,67.24,0
2008-08-22 10:47:00,1.99,-0.01,39.34,0.02,13.62,7.91,4.67,3.5,-5349.75,68.39,0
2008-08-22 11:32:00,8.3,-0.01,37.85,0.02,15.52,9.92,7.85,3.91,-5679.0,68.18,0
2008-08-22 12:13:00,3.0,-0.01,51.44,0.02,22.84,12.95,6.4,4.25,-6449.25,59.4,0
2008-08-22 12:37:00,4.56,-0.01,64.11,0.05,11.69,6.33,17.42,6.74,-5469.75,66.3,0
2008-08-22 12:42:00,1.14,-0.01,58.89,0.02,12.29,7.16,13.03,4.64,-5532.25,67.28,0
2008-08-22 13:22:00,8.82,-0.01,62.44,0.02,21.85,9.76,4.13,4.2,-6554.75,69.62,0
2008-08-22 14:45:00,2.43,-0.01,20.41,0.02,15.64,10.42,7.55,3.92,-6489.25,66.17,0
2008-08-22 15:25:00,-28.99,-0.0,174.81,0.04,17.1,13.71,8.48,3.5,-5563.5,65.37,0
2008-08-22 15:39:00,6.6,-0.01,44.32,0.02,17.78,9.54,5.41,4.29,-6506.75,68.94,0
2008-08-22 15:54:00,25.27,-0.01,45.35,0.03,10.82,11.82,14.22,5.91,-5142.25,68.8,0
2008-08-22 19:14:00,-5.72,-0.01,49.03,0.01,16.67,7.99,8.9,4.65,-5282.75,71.23,1
2008-08-22 23:46:00,-1.43,-0.01,31.43,0.01,25.4,12.65,41.76,3.69,-6047.0,70.06,0
2008-08-22 23:47:00,-0.33,-0.01,73.66,0.02,23.37,10.67,6.82,3.91,-6336.0,69.59,0
2008-08-22 23:49:00,0.57,-0.01,36.77,0.02,21.69,14.93,35.15,3.73,-5932.0,67.82,0
2008-08-22 23:56:00,2.95,-0.01,42.42,0.02,23.86,8.51,14.74,6.8,-5427.75,65.71,0
2008-08-23 02:04:00,7.77,-0.01,73.1,0.02,20.82,10.71,3.34,3.11,-6467.25,68.77,0
2008-08-23 03:26:00,2.75,-0.01,70.45,0.02,21.43,13.81,7.11,4.81,-6313.25,66.53,0
2008-08-23 04:50:00,15.81,-0.01,66.67,0.04,14.61,12.97,4.44,3.54,-5471.25,67.96,0
2008-08-23 04:52:00,3.49,-0.01,18.7,0.01,18.51,16.88,15.53,5.24,-5493.25,70.96,0
2008-08-23 05:57:00,1.27,-0.01,37.02,0.03,21.26,12.28,6.54,5.49,-6374.75,68.66,0
2008-08-23 05:57:00,4.79,-0.01,55.04,0.03,15.35,8.65,8.6,3.81,-6381.5,66.7,0
2008-08-23 05:58:00,14.73,-0.01,68.06,0.02,14.44,7.09,9.56,6.08,-5313.5,69.66,0
2008-08-23 05:58:00,-8.4,-0.01,59.21,0.04,31.6,14.5,18.14,5.97,-5474.25,59.98,0
2008-08-23 09:24:00,1.22,-0.01,33.75,0.02,25.52,6.25,11.45,3.23,-5587.25,68.71,0
2008-08-23 12:58:00,1.03,-0.01,35.66,0.02,16.72,8.11,4.76,1.25,-5421.5,67.51,0
2008-08-23 13:02:00,1.06,-0.01,35.7,0.01,18.63,12.28,6.09,5.56,-6256.5,69.82,0
2008-08-23 15:10:00,1.62,-0.01,36.02,0.02,17.02,10.16,3.17,2.21,-6370.75,70.04,0
2008-08-23 15:29:00,2.42,-0.01,40.49,0.01,102.52,3.27,9.13,3.79,-5311.5,70.39,1
2008-08-24 02:32:00,-7.16,-0.01,62.75,0.02,14.16,10.32,11.38,5.23,-6264.0,69.24,0
2008-08-24 04:00:00,0.7,-0.01,84.93,0.02,11.9,9.98,30.61,6.43,-4750.75,66.4,0
2008-08-24 07:12:00,2.6,-0.01,67.0,0.02,28.97,3.7,20.68,4.98,-5879.75,68.93,0
2008-08-24 07:14:00,-0.41,-0.01,44.15,0.02,26.89,12.35,5.43,8.25,-5433.25,68.23,0
2008-08-24 10:09:00,-5.02,-0.0,113.33,0.03,19.16,11.47,4.44,4.2,-6443.5,62.98,0
2008-08-24 10:14:00,-0.72,-0.01,47.3,0.02,17.78,2.25,11.59,4.68,-5468.75,69.91,0
2008-08-24 13:03:00,1.95,-0.01,91.99,0.04,14.58,14.19,16.8,4.18,-5410.5,69.01,1
2008-08-25 09:29:00,1.33,-0.01,51.3,0.01,27.53,14.42,11.64,5.76,-6375.75,66.82,0
2008-08-27 00:46:00,-6.86,-0.01,32.33,0.03,17.23,6.69,5.98,4.23,-6421.0,68.31,0
2008-08-27 11:38:00,7.06,-0.01,44.49,0.01,24.42,14.46,5.33,4.69,-6507.5,68.22,0
2008-08-27 12:22:00,2.21,-0.01,67.88,0.01,15.07,7.5,2.04,1.76,-6461.0,70.47,0
2008-08-27 13:35:00,7.94,-0.01,46.66,0.01,20.09,3.62,10.61,3.45,-5411.5,70.54,0
2008-08-27 14:18:00,0.87,-0.01,47.45,0.01,24.34,12.96,6.24,4.19,-6409.5,70.17,0
2008-08-27 17:14:00,3.99,-0.01,51.64,0.01,11.78,1.35,14.24,4.66,-5546.5,70.16,0
2008-08-27 22:48:00,4.45,-0.01,66.84,0.01,25.99,13.48,5.37,5.47,-6466.25,67.06,0
2008-08-27 22:58:00,168.15,-0.01,68.75,0.01,4.98,8.0,15.03,5.68,-5430.0,68.09,0
2008-08-28 03:03:00,-0.28,-0.01,60.57,0.03,18.26,15.03,6.14,3.78,-5183.0,67.04,0
2008-08-28 03:04:00,2.06,-0.01,77.71,0.01,10.92,6.61,7.73,4.81,-5353.25,67.79,0
2008-08-28 03:29:00,1.74,-0.01,53.5,0.03,21.52,15.56,41.88,8.74,-5763.75,67.44,0
2008-08-28 03:38:00,3.12,-0.01,49.85,0.02,11.37,7.34,7.56,4.36,-5474.75,67.36,0
2008-08-28 03:45:00,0.28,-0.01,49.25,0.03,3.63,8.63,30.67,4.12,-6211.25,65.13,0
2008-08-28 04:10:00,4.06,-0.01,73.58,0.02,22.94,13.21,4.78,3.46,-6252.75,68.66,0
2008-08-28 04:20:00,-0.32,-0.0,148.99,0.03,10.47,9.56,6.69,6.93,-5288.5,69.19,0
2008-08-28 04:54:00,-0.06,-0.01,32.45,0.03,14.68,6.38,16.27,4.69,-5328.0,66.93,0
2008-08-28 05:00:00,36.37,-0.01,68.28,0.02,20.78,11.42,9.28,4.86,-6334.5,69.8,0
2008-08-28 06:15:00,1.03,-0.01,46.18,0.02,8.98,11.02,7.42,6.81,-5711.0,67.27,0
2008-08-28 06:39:00,1.96,-0.01,20.57,0.02,9.38,1.17,14.52,4.07,-5662.25,70.78,0
2008-08-28 06:56:00,1.64,-0.01,24.62,0.02,21.42,10.62,6.58,4.19,-6310.25,67.49,0
2008-08-28 07:40:00,-1.22,-0.01,26.24,0.02,14.97,9.82,23.0,4.91,-5686.75,70.51,0
2008-08-28 07:51:00,8.84,-0.01,31.77,0.02,4.79,4.16,16.73,4.65,-5402.5,68.79,0
2008-08-28 08:41:00,-1.13,-0.01,25.98,0.01,18.84,13.28,6.53,5.78,-6539.75,70.77,0
2008-08-28 09:46:00,2.94,-0.01,35.07,0.03,24.56,12.64,6.31,3.59,-6389.5,68.29,0
2008-08-28 09:49:00,-4.48,-0.01,74.64,0.03,25.82,12.16,8.98,4.77,-6468.0,66.16,0
2008-08-28 10:15:00,8.14,-0.01,63.6,0.01,14.0,7.44,22.32,5.23,-5649.5,70.61,0
2008-08-28 10:28:00,9.49,-0.01,39.12,0.03,24.36,13.54,6.82,5.46,-6505.5,70.0,0
2008-08-28 10:32:00,-7.51,-0.01,37.37,0.03,10.62,11.28,64.95,3.04,-4599.25,68.21,0
2008-08-28 11:19:00,3.83,-0.01,27.89,0.02,19.29,4.53,21.5,4.35,-5330.0,69.54,0
2008-08-28 12:44:00,10.24,-0.01,46.3,0.02,21.86,12.84,2.88,4.09,-6456.75,71.31,0
2008-08-28 14:48:00,1.02,-0.01,35.57,0.02,25.55,14.2,7.74,5.41,-6347.75,71.42,0
2008-08-28 15:19:00,3.87,-0.01,56.32,0.03,26.34,13.78,6.58,4.43,-6426.5,73.02,0
2008-08-28 16:01:00,-6.05,-0.01,17.8,0.02,23.87,12.76,8.79,6.78,-6624.0,69.97,0
2008-08-28 16:43:00,2.87,-0.01,31.96,0.03,10.16,6.34,14.31,5.05,-5305.5,67.93,0
2008-08-28 16:52:00,-0.81,0.0,253.79,0.03,26.78,14.04,4.61,5.15,-6310.25,69.42,0
2008-08-28 17:21:00,8.14,-0.01,58.51,0.02,25.9,11.21,8.52,5.2,-6406.25,69.31,0
2008-08-28 17:27:00,11.49,-0.01,29.93,0.02,21.14,11.82,3.74,5.04,-6329.75,67.27,0
2008-08-28 17:32:00,1.47,-0.01,71.97,0.04,8.21,2.52,43.7,3.06,-5874.25,68.2,0
2008-08-28 18:05:00,2.01,-0.01,28.69,0.02,8.08,7.96,1.65,4.55,-5459.0,66.46,0
2008-08-28 18:10:00,0.91,-0.01,30.16,0.01,45.93,9.71,4.53,2.8,-5545.75,68.77,0
2008-08-28 18:15:00,-1.51,-0.01,67.9,0.03,19.77,11.97,11.18,3.98,-6225.75,68.98,0
2008-08-28 18:25:00,0.91,-0.01,54.7,0.02,14.91,10.2,5.14,3.53,-6260.75,69.02,0
2008-08-28 18:47:00,0.62,-0.01,71.03,0.02,5.58,9.3,16.71,5.46,-5607.25,68.12,0
2008-08-28 18:57:00,3.37,-0.01,35.32,0.01,64.49,5.21,29.56,1.54,-5723.5,68.47,0
2008-08-28 20:20:00,-2.63,-0.01,67.74,0.02,13.08,3.19,17.93,3.14,-5628.0,70.44,0
2008-08-28 20:39:00,1.0,-0.01,49.55,0.03,18.1,11.27,11.75,6.35,-5669.75,69.71,1
2008-08-28 21:03:00,1.15,-0.01,60.11,0.02,26.05,11.15,10.58,4.67,-6326.0,66.63,0
2008-08-28 21:52:00,0.21,-0.01,61.96,0.02,34.55,15.69,13.53,5.1,-6371.0,69.22,0
2008-08-28 22:57:00,-3.9,-0.01,35.25,0.02,23.3,14.77,6.05,3.41,-6344.25,65.1,0
2008-08-28 23:40:00,3.28,-0.01,81.33,0.03,13.8,13.29,6.1,3.51,-5409.0,67.1,0
2008-08-28 23:42:00,-4.04,-0.01,52.67,0.03,8.76,8.1,16.91,6.1,-5246.75,63.69,0
2008-08-29 00:49:00,0.16,-0.01,39.78,0.02,8.94,8.54,4.34,4.66,-5697.5,65.82,0
2008-08-29 01:06:00,-3.94,-0.01,49.66,0.02,29.65,12.01,16.72,5.12,-5933.25,69.99,0
2008-08-29 02:38:00,-1.25,-0.01,44.99,0.02,19.55,10.34,5.55,3.19,-6338.25,69.84,0
2008-08-29 02:39:00,1.37,-0.01,35.6,0.02,21.18,13.26,5.62,4.44,-6350.25,65.96,0
2008-08-29 03:27:00,5.65,-0.01,33.37,0.02,93.07,10.04,12.07,4.42,-5278.0,68.13,0
2008-08-29 03:33:00,7.83,-0.01,70.18,0.03,10.66,4.28,13.45,5.41,-5444.0,69.2,0
2008-08-29 03:46:00,-1.19,-0.01,63.64,0.02,13.3,8.11,15.41,4.82,-5561.0,68.92,0
2008-08-29 04:55:00,5.5,-0.01,29.45,0.02,28.5,19.75,29.5,7.24,-5192.5,67.5,1
2008-08-29 04:56:00,-0.03,-0.01,40.84,0.03,23.83,15.3,7.43,5.16,-6461.0,68.5,0
2008-08-29 05:16:00,0.51,-0.01,49.94,0.03,14.07,10.62,5.98,4.61,-6305.5,67.61,0
2008-08-29 05:54:00,,-0.01,53.12,0.03,14.18,3.72,18.29,2.78,-5871.75,69.1,0
2008-08-29 05:54:00,,-0.01,26.17,0.02,14.37,5.67,6.88,3.52,-6624.5,71.33,0
2008-08-29 05:57:00,0.58,-0.01,31.84,0.02,20.54,15.42,28.92,5.08,-6736.0,68.22,0
2008-08-29 05:57:00,0.26,-0.01,57.97,0.02,9.69,6.2,20.13,5.25,-5232.25,67.29,0
2008-08-29 06:35:00,9.28,-0.01,38.39,0.02,14.45,11.44,13.77,2.63,-5234.5,65.58,0
2008-08-29 06:37:00,-1.05,-0.01,43.85,0.03,19.8,10.36,6.03,3.93,-6319.75,68.39,0
2008-08-29 06:40:00,5.63,-0.01,26.94,0.03,26.36,15.81,15.35,3.46,-5121.0,69.39,0
2008-08-29 06:45:00,13.37,-0.01,46.49,0.01,19.19,13.33,24.02,6.12,-5229.25,68.91,1
2008-08-29 06:54:00,5.17,-0.01,28.16,0.02,24.94,12.55,3.44,4.5,-6183.75,67.92,0
2008-08-29 07:18:00,4.84,-0.01,119.17,0.02,8.74,7.84,4.16,5.96,-5506.25,67.78,0
2008-08-29 07:22:00,6.37,-0.01,74.51,0.02,20.64,12.26,15.62,8.27,-5622.5,71.44,0
2008-08-29 07:24:00,0.28,-0.01,34.88,0.03,8.22,7.41,21.12,1.95,-5046.25,70.78,0
2008-08-29 07:33:00,-0.9,-0.01,59.82,0.02,35.73,19.11,27.69,2.87,-5530.0,70.19,0
2008-08-29 07:33:00,-0.17,-0.01,63.32,0.02,23.21,8.64,6.18,4.87,-6339.0,66.41,0
2008-08-29 08:10:00,7.07,-0.01,34.71,0.02,22.36,11.08,6.04,3.46,-6626.5,70.64,0
2008-08-29 08:20:00,0.45,-0.01,90.8,0.02,25.1,13.56,25.17,4.56,-7148.0,66.04,0
2008-08-29 08:41:00,2.25,-0.01,57.72,0.02,26.19,14.51,11.56,4.34,-6235.25,68.7,0
2008-08-29 08:45:00,1.0,-0.01,55.51,0.02,14.89,12.06,6.77,4.15,-6233.5,65.64,0
2008-08-29 12:21:00,2.37,-0.01,44.74,0.02,12.3,9.94,18.89,5.45,-5394.75,69.07,0
2008-08-29 12:22:00,3.43,-0.01,48.92,0.02,16.2,12.74,3.78,4.32,-6273.75,69.61,0
2008-08-29 12:37:00,2.38,-0.01,28.55,0.03,21.42,7.93,7.36,5.03,-6368.5,68.11,0
2008-08-29 13:04:00,1.17,-0.01,56.6,0.02,20.51,11.6,21.83,5.61,-5319.25,68.6,0
2008-08-29 13:14:00,0.17,-0.01,42.71,0.03,15.8,9.13,5.59,3.9,-6366.0,68.18,0
2008-08-29 13:27:00,2.65,-0.01,37.36,0.02,23.96,11.37,10.16,3.67,-5651.25,69.21,0
2008-08-29 13:49:00,3.14,-0.01,37.8,0.03,75.02,10.68,6.08,4.44,-5397.5,68.59,0
2008-08-29 14:11:00,4.44,-0.01,69.36,0.02,11.63,9.34,11.19,6.9,-5451.25,68.28,0
2008-08-29 14:18:00,2.1,-0.01,44.62,0.03,21.25,13.44,8.15,4.4,-6358.25,69.17,0
2008-08-29 14:30:00,3.98,-0.01,45.5,0.02,23.34,9.59,15.68,4.54,-5496.75,66.81,0
2008-08-29 15:01:00,2.82,-0.01,53.26,0.02,16.47,8.12,6.65,3.76,-6335.25,69.93,0
2008-08-29 15:43:00,-0.12,-0.01,67.33,0.02,31.17,5.93,38.94,5.41,-6170.75,67.97,0
2008-08-29 16:26:00,1.18,-0.01,90.51,0.02,10.93,11.63,18.5,5.48,-5372.25,68.22,0
2008-08-29 20:21:00,0.17,-0.01,41.93,0.04,16.89,12.65,25.58,8.05,-5472.75,67.12,0
2008-08-29 20:49:00,4.92,-0.01,36.0,0.02,20.91,13.82,6.87,3.05,-5677.75,67.18,0
2008-08-29 21:25:00,-1.32,-0.01,46.5,0.02,20.99,9.37,11.81,4.39,-6424.75,67.74,0
2008-08-29 21:46:00,-0.78,-0.01,66.08,0.03,21.34,13.25,4.6,4.39,-6369.75,70.1,0
2008-08-29 21:54:00,0.27,-0.01,32.09,0.01,21.22,12.09,9.92,5.0,-6328.75,68.09,0
2008-08-29 22:11:00,-3.69,-0.01,36.04,0.03,24.68,12.6,5.77,5.46,-6234.5,69.79,0
2008-08-29 22:45:00,-1.76,-0.01,22.44,0.02,3.06,8.19,30.17,7.85,-5962.0,69.04,0
2008-08-29 22:49:00,2.97,-0.01,67.04,0.01,12.09,7.4,11.49,5.43,-5490.25,65.66,0
2008-08-29 22:56:00,-1.8,-0.02,32.14,0.02,19.62,12.1,5.36,4.46,-6330.25,67.61,0
2008-08-30 00:01:00,-0.37,-0.01,62.91,0.01,25.56,9.3,11.08,6.45,-5135.0,68.77,0
2008-08-30 00:05:00,4.91,-0.01,68.17,0.02,17.33,12.74,9.92,4.06,-6188.0,66.14,0
2008-08-30 00:57:00,1.49,-0.01,50.25,0.02,21.87,13.38,8.94,4.62,-6475.5,69.09,0
2008-08-30 01:29:00,3.25,-0.01,37.97,0.03,10.32,9.63,7.2,6.04,-5558.0,66.52,0
2008-08-30 02:08:00,-1.09,-0.01,48.51,0.01,21.06,12.08,8.07,3.97,-6380.0,67.3,0
2008-08-30 02:22:00,0.25,-0.01,69.12,0.03,11.6,5.13,5.33,2.27,-5630.75,65.2,0
2008-08-30 02:32:00,-0.7,-0.01,39.29,0.03,11.59,4.03,5.61,5.44,-5473.25,68.6,0
2008-08-30 02:39:00,3.73,-0.01,20.96,0.01,20.07,18.93,11.78,4.95,-5611.5,66.0,0
2008-08-30 02:50:00,-0.42,-0.01,34.18,0.03,21.86,13.02,8.32,4.94,-6382.5,68.8,0
2008-08-30 03:10:00,1.45,-0.01,65.12,0.03,4.32,6.05,12.8,5.75,-5666.25,68.63,0
2008-08-30 04:20:00,4.84,-0.01,47.12,0.01,11.72,7.46,10.34,4.23,-5523.75,70.9,0
2008-08-30 04:24:00,-2.67,-0.01,72.22,0.01,13.44,9.46,3.71,3.8,-6477.0,70.22,0
2008-08-30 04:55:00,-0.35,-0.01,45.73,0.03,22.08,14.38,27.11,5.61,-5733.0,68.0,0
2008-08-30 05:05:00,-6.61,-0.01,36.72,0.01,60.84,10.1,10.17,4.65,-5242.25,68.58,0
2008-08-30 05:05:00,-0.02,-0.01,18.13,0.01,94.62,16.5,16.57,3.11,-5336.0,65.91,0
2008-08-30 05:38:00,1.48,-0.01,62.33,0.03,13.7,16.32,19.68,4.35,-5472.0,69.07,0
2008-08-30 05:51:00,8.99,-0.01,76.88,0.02,16.65,15.07,12.91,8.54,-5361.5,63.84,0
2008-08-30 07:50:00,-0.95,-0.01,61.97,0.02,19.55,14.05,5.39,4.8,-6341.25,72.31,0
2008-08-30 07:54:00,2.86,-0.01,55.38,0.03,22.29,11.91,10.08,4.91,-6222.5,66.73,0
2008-08-30 08:10:00,-2.08,-0.01,33.24,0.03,25.64,14.55,9.07,5.08,-6305.25,67.41,0
2008-08-30 08:29:00,3.36,-0.01,45.87,0.02,9.16,13.16,20.14,4.96,-5412.5,67.37,0
2008-08-30 08:42:00,4.04,-0.01,69.71,0.02,74.19,11.47,3.7,9.09,-5320.5,66.93,0
2008-08-30 08:53:00,2.86,-0.01,29.4,0.03,21.01,8.35,9.14,5.01,-5304.5,68.86,0
2008-08-30 09:13:00,-1.99,-0.01,40.09,0.01,13.41,9.79,6.83,4.11,-5387.5,71.54,0
2008-08-30 09:37:00,0.77,-0.01,63.69,0.02,18.57,10.43,6.43,3.37,-6300.25,69.76,0
2008-08-30 09:45:00,1.92,-0.01,54.91,0.01,12.47,10.4,19.21,1.76,-5803.0,65.38,1
2008-08-30 10:15:00,-0.2,-0.01,48.92,0.01,21.91,8.05,26.39,5.57,-5766.75,66.94,0
2008-08-30 10:16:00,-1.99,-0.02,25.4,0.02,16.49,8.85,18.52,5.53,-5329.0,68.19,0
2008-08-30 11:12:00,2.47,-0.01,37.71,0.02,12.36,6.31,20.52,8.14,-5410.0,69.42,0
2008-08-30 11:14:00,3.71,0.0,451.49,0.02,17.21,11.94,10.47,3.97,-6180.75,69.91,0
2008-08-30 11:18:00,-0.66,-0.01,63.85,0.02,15.01,11.91,13.77,4.46,-5461.75,66.5,0
2008-08-30 11:57:00,-1.06,-0.01,62.76,0.02,22.44,12.01,18.36,6.51,-5055.5,68.9,0
2008-08-30 14:10:00,11.29,-0.01,39.51,0.02,19.3,7.05,8.61,3.57,-5343.0,67.42,1
2008-08-30 14:23:00,-1.96,-0.01,55.02,0.02,20.31,9.29,13.3,1.99,-5541.75,70.81,0
2008-08-30 14:37:00,-0.45,-0.01,107.1,0.02,15.83,4.09,13.21,3.81,-5782.25,71.41,0
2008-08-30 15:06:00,-3.93,-0.01,35.02,0.01,18.9,7.9,8.53,9.18,-5254.5,67.38,0
2008-08-30 15:16:00,-2.34,-0.01,49.09,0.07,22.26,11.79,7.39,5.25,-6208.75,68.96,0
2008-08-30 15:37:00,-0.22,-0.01,29.09,0.02,7.36,9.32,19.28,5.06,-5409.25,68.74,0
2008-08-30 15:50:00,-0.65,-0.01,49.66,0.03,16.31,8.75,22.34,3.11,-5926.25,66.26,0
2008-08-30 15:57:00,7.24,-0.01,87.25,0.03,4.28,8.21,13.71,3.23,-5551.75,68.47,0
2008-08-30 16:24:00,-2.88,-0.01,59.51,0.02,13.74,3.71,47.96,5.33,-5389.75,68.17,0
2008-08-30 17:05:00,-0.94,-0.01,70.87,0.01,8.23,5.36,9.19,3.92,-5536.0,68.0,0
2008-08-30 17:49:00,2.29,-0.01,42.02,0.02,12.94,2.79,34.09,3.14,-6257.5,70.27,0
2008-08-30 19:21:00,0.72,-0.02,37.27,0.01,20.41,9.5,6.2,3.86,-6585.75,67.48,0
2008-08-30 19:27:00,4.91,-0.01,28.18,0.03,6.84,1.71,20.5,3.19,-5484.0,66.58,0
2008-08-30 20:11:00,2.28,-0.01,26.81,0.02,19.32,10.48,7.64,3.48,-6495.25,67.58,0
2008-08-30 20:53:00,0.95,-0.01,67.72,0.02,12.4,13.83,15.32,4.36,-5353.0,67.94,0
2008-08-30 21:53:00,1.28,-0.01,28.33,0.03,16.38,11.67,6.64,3.4,-6279.0,70.69,0
2008-08-30 23:51:00,0.71,-0.01,43.52,0.02,22.42,8.43,1.68,3.23,-6506.5,70.71,0
2008-08-31 02:57:00,2.69,-0.01,48.44,0.02,16.95,15.97,7.01,3.64,-5761.0,68.56,0
2008-08-31 04:46:00,15.31,-0.01,69.89,0.02,27.73,16.48,7.9,4.31,-5518.75,69.59,1
2008-08-31 05:05:00,7.98,-0.01,50.13,0.02,14.03,8.23,30.1,4.44,-5160.25,68.27,0
2008-08-31 09:11:00,-0.66,-0.0,249.71,0.02,12.29,9.44,10.61,5.45,-5542.5,71.96,0
2008-08-31 10:36:00,-2.46,-0.01,66.21,0.02,19.93,7.14,5.57,2.82,-6484.0,71.67,0
2008-08-31 10:59:00,1.82,-0.02,50.74,0.04,20.34,13.26,5.69,2.96,-6349.75,67.99,1
2008-08-31 10:59:00,-1.14,-0.01,69.12,0.02,10.57,7.78,10.37,6.53,-5750.0,69.91,0
2008-08-31 11:03:00,-4.15,-0.01,73.01,0.03,14.31,5.27,4.49,4.66,-5613.5,67.84,0
2008-08-31 15:09:00,-0.69,-0.01,55.02,0.02,57.64,4.33,4.22,3.85,-5279.5,67.0,0
2008-08-31 15:13:00,0.19,-0.01,42.61,0.03,24.14,12.74,5.07,3.93,-6466.0,69.31,0
2008-08-31 16:32:00,2.39,-0.01,68.78,0.02,15.77,8.58,11.62,5.33,-5172.25,68.64,0
2008-08-31 20:24:00,-0.91,-0.01,64.53,0.02,26.9,14.32,2.34,4.25,-6447.0,68.66,0
2008-08-31 21:04:00,0.94,-0.01,57.97,0.02,13.6,1.6,20.6,6.2,-5602.25,65.69,0
2008-08-31 21:46:00,-2.06,-0.01,41.87,0.02,5.54,9.04,8.62,1.97,-5640.0,66.19,0
2008-08-31 21:58:00,-3.15,-0.01,35.66,0.02,24.8,10.63,11.36,4.82,-6470.75,67.57,0
2008-08-31 22:32:00,1.54,-0.01,38.14,0.03,13.74,9.43,6.78,3.41,-6545.0,70.28,0
2008-08-31 22:48:00,1.44,-0.01,79.89,0.02,19.43,11.32,9.59,4.41,-5277.25,67.53,0
2008-08-31 22:57:00,-6.04,-0.01,48.56,0.02,23.05,11.17,7.68,4.84,-6474.25,63.19,0
2008-01-09 00:01:00,1.38,-0.01,36.68,0.08,26.6,12.68,8.21,4.71,-6238.25,69.77,0
2008-01-09 00:39:00,-0.96,-0.01,70.74,0.02,21.06,10.78,6.27,4.14,-6283.75,68.06,0
2008-01-09 00:45:00,1.61,-0.01,43.79,0.02,17.83,2.47,20.71,6.67,-5422.0,69.13,0
2008-01-09 00:53:00,-2.57,-0.01,47.76,0.02,19.62,13.24,10.04,3.73,-6286.75,67.26,0
2008-01-09 05:29:00,3.39,-0.01,28.02,0.02,26.08,13.71,6.69,5.48,-6590.75,67.38,0
2008-01-09 05:32:00,-1.38,-0.01,45.91,0.03,11.75,6.43,8.46,2.84,-6386.75,67.27,0
2008-01-09 06:12:00,2.03,-0.01,32.57,0.03,8.99,5.76,11.77,5.61,-5520.25,69.89,0
2008-01-09 06:21:00,1.58,-0.01,129.08,0.03,4.35,6.71,7.94,6.68,-5529.25,66.68,0
2008-01-09 06:52:00,2.53,-0.01,41.69,0.04,21.43,13.35,7.02,5.88,-6454.5,67.81,0
2008-01-09 08:18:00,-1.73,-0.01,70.45,0.02,11.29,7.59,20.96,6.36,-5566.5,66.44,0
2008-01-09 09:06:00,-5.17,-0.01,47.38,0.03,20.96,8.48,9.18,5.22,-6374.5,69.48,0
2008-01-09 09:19:00,-5.0,-0.01,53.41,0.03,23.86,11.96,4.45,3.28,-6381.5,67.64,0
2008-01-09 09:54:00,-1.01,-0.01,67.92,0.02,20.62,11.85,6.59,5.37,-6630.25,68.88,0
2008-01-09 10:57:00,2.06,-0.01,39.33,0.01,16.45,7.61,16.04,5.1,-5349.25,69.22,0
2008-01-09 11:40:00,-0.17,-0.01,77.19,0.02,14.15,9.03,63.42,4.72,-4557.0,69.12,0
2008-01-09 16:20:00,-1.88,-0.01,52.88,0.03,20.8,12.94,5.98,4.77,-6301.75,69.8,0
2008-01-09 19:54:00,53.68,-0.0,217.14,0.02,20.86,13.56,7.26,5.46,-6405.75,68.68,1
2008-01-09 20:51:00,2.11,-0.01,58.49,0.02,18.77,6.4,14.16,4.75,-5438.5,67.48,0
2008-01-09 22:05:00,-0.99,-0.01,47.47,0.03,16.5,10.23,14.06,4.81,-6316.75,69.41,0
2008-01-09 23:05:00,-0.8,-0.01,55.14,0.03,22.16,13.82,8.43,3.49,-6190.0,67.91,0
2008-01-09 23:19:00,0.58,-0.01,32.7,0.03,20.81,7.12,8.08,3.77,-6449.75,68.19,0
2008-01-09 23:24:00,-4.81,-0.01,68.06,0.02,11.75,6.3,40.29,3.52,-5989.75,69.02,0
2008-01-09 23:28:00,-0.1,-0.01,61.88,0.03,23.43,7.38,5.46,3.64,-6392.75,68.33,0
2008-01-09 23:39:00,0.34,-0.01,54.62,0.01,19.53,8.94,22.99,3.63,-5416.0,68.73,0
2008-01-09 23:45:00,1.51,-0.01,40.47,0.02,26.39,16.45,8.75,6.69,-6447.25,66.28,0
2008-01-09 23:59:00,-19.99,-0.01,58.95,0.03,19.42,8.36,4.9,5.71,-5362.75,66.76,0
2008-02-09 00:26:00,0.09,-0.01,77.6,0.02,19.14,12.06,6.54,4.36,-6411.5,64.1,0
2008-02-09 00:31:00,3.65,-0.01,46.23,0.02,14.6,6.3,34.18,3.45,-5936.0,68.41,0
2008-02-09 00:46:00,5.1,-0.01,28.72,0.02,24.25,12.33,5.42,2.86,-6415.25,68.54,0
2008-02-09 01:09:00,2.47,-0.01,53.09,0.02,16.76,2.55,16.4,4.08,-5597.5,69.52,0
2008-02-09 01:10:00,-2.67,-0.01,65.9,0.02,15.39,9.82,8.67,5.47,-5280.25,66.9,0
2008-02-09 01:10:00,3.8,-0.01,46.47,0.02,20.68,15.41,10.05,4.2,-6347.0,69.27,0
2008-02-09 01:36:00,0.34,-0.01,33.06,0.01,12.82,6.59,5.62,2.73,-6407.75,67.21,0
2008-02-09 01:50:00,0.23,-0.01,39.75,0.03,21.04,11.9,7.33,4.09,-6470.25,66.39,0
2008-02-09 02:02:00,-0.75,-0.01,97.83,0.02,13.86,11.03,54.27,7.26,-4621.0,69.1,0
2008-02-09 02:11:00,2.74,-0.01,56.44,0.03,20.03,14.52,6.8,4.53,-6453.0,68.7,0
2008-02-09 02:50:00,0.15,-0.01,27.15,0.02,23.77,12.75,5.12,3.59,-6288.25,69.24,0
2008-02-09 02:52:00,1.5,-0.01,54.76,0.02,7.73,9.3,19.15,4.19,-5085.75,66.31,0
2008-02-09 03:33:00,-0.35,-0.01,61.45,0.02,25.18,14.87,7.7,5.02,-6295.0,68.03,0
2008-02-09 03:35:00,1.8,-0.01,32.04,0.03,17.33,11.61,3.58,4.62,-6370.25,68.13,0
2008-02-09 03:35:00,-1.71,-0.01,38.41,0.03,22.67,11.17,5.65,5.79,-6551.5,71.36,0
2008-02-09 04:19:00,2.19,-0.01,67.95,0.02,17.33,9.21,5.14,4.35,-6534.75,69.82,0
2008-02-09 04:22:00,-0.23,-0.01,59.23,0.03,20.57,8.89,4.77,3.8,-6295.5,68.98,0
2008-02-09 05:46:00,-2.74,-0.01,60.64,0.03,17.1,11.29,47.51,4.45,-5994.0,67.96,0
2008-02-09 06:03:00,1.03,-0.01,36.29,0.02,20.96,11.11,28.29,4.4,-6900.5,67.02,0
2008-02-09 06:19:00,-1.23,-0.01,103.13,0.03,17.87,11.38,5.64,4.08,-6204.25,69.54,0
2008-02-09 06:32:00,3.93,-0.01,48.15,0.03,21.98,9.56,21.46,7.86,-5442.75,70.62,0
2008-02-09 06:48:00,3.18,-0.01,35.52,0.02,27.63,10.92,7.29,4.89,-6448.25,69.14,0
2008-02-09 07:22:00,3.53,-0.01,75.52,0.02,21.05,13.75,7.13,4.76,-6535.25,67.93,0
2008-02-09 07:32:00,0.88,-0.01,60.14,0.03,0.0,0.0,0.0,0.0,0.0,69.33,0
2008-02-09 08:15:00,-1.97,-0.01,52.2,0.02,12.53,5.66,13.69,4.09,-5442.75,66.99,0
2008-02-09 08:54:00,3.3,-0.01,52.93,0.03,14.12,10.2,5.7,2.74,-6451.75,66.6,0
2008-02-09 09:36:00,4.38,-0.01,90.25,0.03,22.02,9.31,8.44,4.29,-6364.25,69.11,0
2008-02-09 09:37:00,0.51,-0.01,88.25,0.02,20.01,13.81,15.87,2.93,-5521.25,69.9,0
2008-02-09 10:13:00,0.44,-0.01,46.31,0.02,16.1,9.34,6.08,4.14,-6317.25,66.7,0
2008-02-09 10:21:00,-0.66,-0.01,43.62,0.01,18.48,11.92,30.1,6.12,-5508.5,68.11,0
2008-02-09 10:25:00,2.51,-0.01,74.28,0.02,12.5,14.89,19.16,6.94,-5249.25,74.67,0
2008-02-09 10:33:00,0.4,-0.01,41.5,0.02,21.23,13.44,7.3,4.85,-6564.5,68.33,0
2008-02-09 11:08:00,-1.3,-0.01,26.2,0.03,12.92,9.17,19.12,7.98,-5648.25,67.76,0
2008-02-09 11:22:00,4.48,-0.01,82.38,0.02,21.38,11.04,9.03,5.36,-6249.25,69.48,0
2008-02-09 11:47:00,0.3,-0.01,48.18,0.02,10.81,3.31,9.7,2.94,-5667.75,69.63,0
2008-02-09 11:49:00,2.57,-0.01,23.26,0.02,9.83,11.13,1.47,2.7,-5440.5,67.28,0
2008-02-09 12:01:00,-0.06,-0.01,36.77,0.03,18.82,11.5,13.23,5.47,-5701.0,70.06,0
2008-02-09 12:17:00,-0.45,-0.01,67.29,0.02,21.5,11.84,5.64,3.24,-6308.75,67.74,0
2008-02-09 12:26:00,-1.16,-0.01,66.5,0.03,25.37,9.51,6.85,3.57,-6449.25,70.02,0
2008-02-09 12:30:00,-0.41,-0.01,32.94,0.03,25.06,13.79,27.63,4.38,-6724.5,70.1,0
2008-02-09 12:44:00,0.12,-0.01,64.46,0.01,13.48,10.13,19.02,5.69,-5646.25,69.42,0
2008-02-09 13:05:00,-8.64,-0.01,93.33,0.03,11.83,2.67,20.6,1.45,-5336.0,68.73,0
2008-02-09 13:08:00,3.19,-0.01,45.48,0.03,47.87,7.71,11.98,6.91,-5699.75,69.4,0
2008-02-09 13:27:00,-2.08,-0.01,35.66,0.02,8.48,7.94,6.42,2.54,-5386.5,67.98,0
2008-02-09 13:40:00,-1.15,-0.01,37.48,0.02,27.25,14.18,31.24,2.78,-5374.75,69.59,0
2008-02-09 14:09:00,2.99,0.02,20.68,0.05,29.33,10.88,13.77,4.48,-5513.5,65.91,0
2008-02-09 14:21:00,1.56,-0.01,68.8,0.02,25.23,13.79,7.97,4.61,-6433.5,69.84,0
2008-02-09 14:34:00,-0.55,-0.01,22.62,0.02,28.43,13.28,23.64,5.64,-6374.25,68.17,0
2008-02-09 15:29:00,2.86,-0.01,65.02,0.03,8.09,5.24,14.21,3.56,-5538.75,69.8,0
2008-02-09 16:10:00,-4.45,-0.01,89.14,0.01,13.23,6.39,10.25,3.52,-6507.75,66.68,0
2008-02-09 16:50:00,2.43,-0.01,48.56,0.02,17.91,7.05,14.08,3.18,-5397.25,68.94,0
2008-02-09 16:54:00,1.17,-0.01,45.55,0.02,10.05,9.78,10.98,4.46,-5545.75,66.18,0
2008-02-09 16:58:00,-1.93,-0.01,39.33,0.03,22.29,13.83,4.15,4.07,-6529.75,70.41,0
2008-02-09 17:10:00,2.64,-0.01,36.2,0.02,20.35,8.57,8.32,4.91,-6468.25,68.72,0
2008-02-09 17:18:00,3.48,-0.01,42.37,0.04,10.57,4.3,10.23,1.6,-5573.25,67.61,0
2008-02-09 18:38:00,2.02,-0.01,42.32,0.02,11.9,11.92,24.67,3.64,-5760.75,68.26,0
2008-02-09 18:52:00,1.55,-0.01,51.06,0.02,19.57,9.03,11.94,3.79,-5618.75,59.97,0
2008-02-09 19:18:00,-8.7,-0.01,26.41,0.02,20.77,11.99,5.92,4.4,-6417.75,72.27,0
2008-02-09 20:18:00,-2.34,-0.01,196.02,0.02,8.47,3.42,17.23,5.74,-5442.75,69.2,0
2008-02-09 20:52:00,4.18,-0.01,59.02,0.02,27.16,14.72,3.91,5.11,-6425.25,70.3,0
2008-02-09 20:58:00,4.15,-0.01,92.46,0.02,7.58,3.09,13.05,2.12,-5247.75,67.76,0
2008-02-09 20:59:00,4.06,-0.01,58.04,0.04,12.59,9.77,2.46,3.55,-6660.25,69.27,0
2008-03-09 00:18:00,1.54,-0.01,120.6,0.03,19.81,11.34,6.07,4.88,-6656.5,68.7,0
2008-03-09 00:45:00,2.86,-0.01,58.27,0.03,10.79,10.61,5.93,2.35,-6375.25,68.32,0
2008-03-09 00:58:00,1.78,-0.01,36.01,0.01,4.17,4.41,2.68,1.45,-6233.5,65.86,0
2008-03-09 01:15:00,16.65,-0.01,39.88,0.02,99.91,5.32,15.93,2.71,-5748.5,67.5,1
2008-03-09 01:32:00,1.93,-0.01,60.11,0.02,22.61,8.47,5.13,6.75,-5519.75,67.39,0
2008-03-09 04:18:00,-1.37,-0.01,42.7,0.02,23.77,11.19,3.02,3.67,-6385.75,69.78,0
2008-03-09 06:26:00,2.62,-0.01,61.39,0.02,15.18,10.96,7.83,3.64,-6284.25,68.77,0
2008-03-09 09:38:00,-0.78,-0.01,45.63,0.03,7.05,5.51,40.39,3.13,-6048.5,67.86,0
2008-03-09 14:24:00,-0.39,-0.01,26.51,0.02,16.48,3.81,16.64,0.95,-5486.25,68.38,0
2008-03-09 14:29:00,-0.97,-0.01,24.24,0.01,7.22,12.84,28.22,5.65,-5201.5,74.13,0
2008-03-09 17:22:00,5.1,-0.01,62.53,0.01,13.48,15.52,24.0,3.86,-5553.5,69.14,0
2008-03-09 18:16:00,-1.12,-0.01,45.9,0.03,21.16,12.97,6.13,4.49,-6316.75,69.61,0
2008-03-09 18:16:00,3.34,-0.01,56.71,0.02,13.84,8.67,7.21,3.13,-6394.5,72.9,0
2008-03-09 20:00:00,0.98,-0.01,63.06,0.02,22.33,10.46,5.09,3.86,-6331.25,70.6,0
2008-03-09 20:10:00,-0.67,-0.01,29.33,0.02,7.63,6.24,8.41,2.57,-6325.0,74.52,0
2008-04-09 08:01:00,-0.79,-0.01,66.94,0.03,21.58,10.26,18.03,7.05,-5728.5,74.22,0
2008-04-09 08:22:00,1.76,-0.01,45.66,0.01,21.52,8.78,3.17,5.09,-6410.75,74.13,0
2008-04-09 08:33:00,2.46,-0.01,55.78,0.01,21.45,16.1,13.58,8.94,-5487.25,73.98,0
2008-04-09 08:41:00,2.94,-0.01,42.05,0.02,14.23,8.62,5.78,3.24,-6627.25,66.73,0
2008-04-09 08:53:00,1.95,-0.01,32.35,0.01,12.94,8.78,67.94,7.27,-4685.25,67.24,0
2008-04-09 11:50:00,-1.42,-0.01,36.87,0.02,20.76,10.11,7.21,3.83,-6424.5,66.09,0
2008-04-09 14:09:00,0.25,-0.01,32.11,0.02,13.44,8.38,7.93,4.25,-5501.0,68.7,0
2008-04-09 14:11:00,1.59,-0.01,44.5,0.02,7.8,13.13,24.2,3.28,-5314.75,68.48,0
2008-04-09 14:48:00,1.18,-0.01,31.77,0.02,24.85,5.75,12.94,4.48,-5519.0,66.14,0
2008-04-09 16:30:00,-1.58,-0.01,28.67,0.02,22.57,12.03,5.59,4.66,-6492.25,71.58,0
2008-04-09 16:41:00,-0.27,-0.01,53.08,0.02,25.63,17.24,44.33,4.88,-5549.25,68.54,0
2008-04-09 16:56:00,-2.03,-0.01,200.82,0.02,11.46,11.63,35.99,9.41,-6284.25,74.18,0
2008-04-09 17:30:00,3.54,-0.01,44.15,0.02,18.73,10.6,7.38,4.36,-6338.25,66.29,0
2008-05-09 15:30:00,0.82,-0.01,35.56,0.02,57.06,12.87,29.74,5.79,-6190.0,74.54,0
2008-05-09 21:48:00,-2.58,-0.01,40.69,0.02,18.6,6.58,20.19,3.43,-5335.0,68.1,0
2008-07-09 00:08:00,3.45,-0.01,59.34,0.01,13.58,8.53,34.66,3.9,-5747.75,74.33,0
2008-07-09 00:12:00,1.05,-0.01,60.08,0.01,17.87,10.01,4.15,3.22,-5617.75,74.23,0
2008-07-09 00:49:00,3.44,-0.01,34.27,0.02,4.85,10.61,2.71,6.87,-5797.0,74.28,0
2008-07-09 10:52:00,-1.89,-0.01,78.82,0.02,24.51,10.99,10.25,3.93,-6351.25,71.4,0
2008-07-09 12:04:00,1.16,-0.01,37.33,0.02,20.65,10.98,17.75,1.98,-5532.5,74.44,0
2008-07-09 12:20:00,-0.32,-0.01,33.97,0.03,21.66,13.45,8.22,4.92,-6375.75,68.96,0
2008-07-09 13:02:00,2.16,-0.01,69.51,0.02,5.05,6.48,8.86,1.67,-5428.75,74.91,0
2008-07-09 18:02:00,-1.99,-0.01,63.56,0.02,10.52,11.35,16.18,7.09,-5685.0,71.69,0
2008-07-09 18:24:00,-0.25,-0.01,30.29,0.02,14.24,17.56,13.07,2.42,-5464.75,71.13,0
2008-07-09 18:49:00,-1.64,-0.01,47.36,0.02,22.14,7.88,13.99,6.75,-5539.5,73.7,0
2008-07-09 19:29:00,5.18,-0.01,60.1,0.02,24.17,8.2,6.92,4.46,-5458.75,73.3,0
2008-07-09 19:31:00,5.8,-0.01,36.88,0.02,6.73,7.17,5.04,4.48,-5452.75,66.82,0
2008-07-09 20:12:00,-2.37,-0.01,35.29,0.02,21.04,7.65,18.55,7.81,-5623.0,66.69,0
2008-07-09 20:50:00,5.95,-0.01,32.49,0.02,14.51,6.13,5.92,3.92,-5831.25,74.61,0
2008-07-09 23:33:00,5.5,-0.01,53.61,0.02,39.35,18.27,20.14,3.79,-5422.25,75.91,0
2008-08-09 00:32:00,4.15,-0.01,62.71,0.02,8.84,5.75,17.19,7.17,-5618.75,74.97,0
2008-08-09 01:24:00,2.76,-0.01,80.48,0.02,11.48,5.23,7.22,2.4,-6482.75,66.4,0
2008-08-09 03:32:00,-3.04,-0.01,85.9,0.02,23.38,6.64,9.48,4.77,-5789.75,66.06,0
2008-08-09 03:48:00,-1.1,-0.01,35.24,0.02,7.45,5.5,7.3,3.69,-5273.0,68.06,0
2008-08-09 04:21:00,-0.9,-0.01,18.93,0.02,18.95,10.17,7.18,5.66,-6549.25,69.37,0
2008-08-09 06:37:00,0.03,-0.01,31.74,0.02,29.21,6.91,12.51,3.91,-5469.5,73.38,0
2008-08-09 07:14:00,-2.12,-0.01,48.13,0.02,27.44,23.55,22.16,6.19,-5248.25,68.14,0
2008-08-09 07:41:00,-3.15,-0.01,14.11,0.02,7.51,5.98,3.06,2.41,-6364.75,66.38,0
2008-08-09 18:46:00,-1.42,-0.02,25.23,0.03,33.24,12.53,25.26,5.26,-5410.75,75.81,0
2008-08-09 19:14:00,0.85,-0.01,61.44,0.03,6.19,3.62,11.13,2.95,-5428.5,65.94,0
2008-08-09 19:15:00,-0.14,-0.01,37.74,0.02,67.24,5.86,13.52,5.0,-5467.75,73.36,0
2008-08-09 19:25:00,-2.0,-0.01,59.97,0.02,17.01,5.09,44.15,8.89,-6285.0,76.86,0
2008-08-09 19:33:00,0.56,-0.01,43.12,0.03,24.36,16.33,15.37,7.96,-5342.5,76.42,0
2008-08-09 20:00:00,-0.24,-0.01,57.79,0.02,20.88,12.52,8.35,4.6,-6489.25,71.29,0
2008-08-09 21:36:00,-1.71,-0.01,103.26,0.02,18.13,11.66,53.69,5.33,-5098.25,73.33,0
2008-08-09 21:53:00,-1.31,-0.01,57.83,0.03,18.55,6.61,29.15,5.82,-6301.5,71.44,0
2008-08-09 22:17:00,0.88,-0.01,87.76,0.04,71.54,10.02,12.39,3.93,-5570.25,74.29,0
2008-09-09 00:25:00,3.27,-0.0,206.22,0.01,97.46,11.63,61.68,6.93,-5636.75,67.48,0
2008-09-09 03:53:00,1.07,-0.01,52.55,0.02,11.22,9.52,7.18,2.89,-5714.25,72.38,0
2008-09-09 08:44:00,-0.18,-0.01,31.58,0.01,23.61,7.86,7.33,5.35,-5801.25,73.12,0
2008-10-09 07:26:00,3.08,-0.01,35.19,0.03,17.17,4.71,12.23,4.52,-5183.0,75.0,0
2008-10-09 09:21:00,3.67,-0.01,65.72,0.02,27.75,16.0,50.55,9.75,-4858.25,75.22,0
2008-10-09 20:52:00,4.06,-0.01,59.26,0.03,19.38,12.6,12.55,8.17,-5218.25,71.63,0
2008-10-09 20:53:00,-3.21,-0.01,69.45,0.02,16.13,10.46,1.34,4.54,-5520.25,74.3,0
2008-10-09 21:56:00,-2.12,-0.01,64.44,0.03,9.48,15.07,4.6,6.38,-5408.25,72.76,0
2008-10-09 23:30:00,0.49,-0.01,48.09,0.02,15.58,11.21,26.3,10.03,-5160.0,75.0,0
2008-10-09 23:43:00,0.34,-0.01,37.09,0.02,11.61,8.63,28.63,6.48,-5116.5,72.68,0
2008-11-09 00:17:00,1.43,-0.01,27.08,0.03,29.2,18.1,13.63,5.09,-5400.0,72.74,0
2008-11-09 05:20:00,1.82,-0.01,46.0,0.02,31.23,14.02,13.45,4.23,-5763.0,75.24,0
2008-11-09 06:04:00,0.56,-0.01,56.45,0.03,14.99,12.81,1.82,5.83,-5646.5,72.62,0
2008-11-09 07:43:00,-1.14,-0.01,73.29,0.02,21.0,22.32,10.59,5.78,-5544.25,76.36,0
2008-11-09 08:06:00,5.47,-0.01,52.34,0.03,16.54,19.02,10.06,5.87,-5310.5,75.27,0
2008-11-09 08:58:00,-4.67,-0.01,37.16,0.03,11.96,12.11,19.14,6.19,-5377.25,72.08,0
2008-11-09 09:24:00,1.27,-0.01,47.5,0.03,8.44,15.17,19.55,9.47,-5528.75,72.3,0
2008-11-09 12:47:00,1.63,-0.01,41.89,0.02,23.9,15.48,12.47,7.06,-5275.0,73.69,0
2008-11-09 13:36:00,3.14,-0.01,44.12,0.03,17.14,12.38,9.83,8.32,-5646.0,67.53,0
2008-11-09 14:20:00,1.91,-0.01,59.9,0.02,9.06,3.2,6.79,2.93,-6468.0,72.93,0
2008-11-09 14:24:00,4.4,-0.01,24.1,0.02,21.23,11.97,6.18,10.27,-5645.75,71.03,0
2008-11-09 14:31:00,2.12,-0.01,43.3,0.02,97.43,9.63,50.93,4.32,-4675.25,74.47,0
2008-11-09 15:05:00,2.39,-0.01,72.06,0.03,14.48,4.42,10.01,6.71,-5335.5,73.28,0
2008-11-09 15:08:00,1.29,-0.01,49.88,0.02,38.23,14.78,14.68,2.89,-5197.5,72.43,0
2008-11-09 16:28:00,3.9,-0.01,33.92,0.02,25.95,8.69,14.17,5.67,-5892.25,75.46,0
2008-11-09 21:13:00,-2.55,-0.01,70.91,0.02,6.81,11.94,6.67,8.31,-5322.25,72.93,0
2008-11-09 22:07:00,1.52,-0.01,37.12,0.03,44.57,11.85,5.64,8.7,-5536.5,74.69,1
2008-11-09 23:10:00,-0.87,-0.01,35.19,0.03,7.23,8.34,9.96,2.58,-5393.5,67.28,0
2008-11-09 23:48:00,1.71,-0.01,45.45,0.03,9.75,10.19,11.61,4.98,-5545.25,68.61,1
2008-12-09 05:11:00,2.2,-0.01,73.92,0.02,6.01,5.13,40.75,1.16,-6002.0,70.98,0
2008-12-09 05:55:00,2.42,-0.01,41.74,0.02,16.14,13.49,37.55,5.22,-6313.5,69.52,0
2008-12-09 06:38:00,4.96,-0.01,48.33,0.02,400.0,400.0,400.0,400.0,-1263.5,72.88,0
2008-12-09 06:41:00,1.87,-0.01,45.94,0.02,14.78,5.78,25.53,3.46,-5512.0,67.01,0
2008-12-09 06:45:00,0.74,-0.01,46.99,0.02,12.85,2.98,72.8,3.01,-4386.0,73.34,0
2008-12-09 07:21:00,1.28,-0.01,41.92,0.02,26.84,10.84,2.96,7.61,-5371.25,72.54,0
2008-12-09 07:29:00,5.53,-0.01,44.05,0.02,15.48,13.66,22.22,9.2,-5553.0,75.33,0
2008-12-09 07:38:00,-3.12,-0.01,45.95,0.02,38.76,17.99,14.44,6.42,-5352.25,67.41,0
2008-12-09 11:57:00,6.19,-0.01,62.59,0.02,11.13,6.53,19.85,3.26,-5472.0,73.68,0
2008-12-09 13:08:00,1.99,-0.01,68.27,0.02,8.51,8.29,16.84,4.83,-5611.75,75.37,0
2008-12-09 14:52:00,0.24,-0.01,57.23,0.02,23.2,12.62,12.48,4.61,-5456.75,72.86,0
2008-12-09 15:40:00,2.91,-0.01,59.11,0.02,40.38,11.9,50.11,7.83,-5196.75,75.23,0
2008-12-09 16:23:00,0.35,-0.01,42.63,0.02,20.32,12.92,20.92,5.28,-5612.5,70.01,0
2008-12-09 18:01:00,1.11,-0.01,58.54,0.03,12.81,15.78,33.7,4.52,-5867.0,75.72,0
2008-12-09 18:52:00,1.3,-0.01,19.67,0.02,10.58,9.01,27.24,5.91,-5143.5,75.09,0
2008-12-09 19:36:00,2.19,-0.01,29.7,0.02,58.3,15.17,25.54,5.81,-5611.75,73.12,0
2008-12-09 20:28:00,,-0.01,50.82,0.02,22.78,13.5,4.87,4.91,-6616.0,71.86,0
2008-12-09 21:12:00,0.18,-0.01,75.27,0.03,22.7,17.68,9.94,6.72,-5495.0,73.72,0
2008-12-09 22:25:00,0.75,-0.01,37.35,0.02,21.3,17.62,5.36,6.63,-5370.0,74.01,0
2008-12-09 22:45:00,2.55,-0.01,38.93,0.03,16.2,9.32,9.3,10.11,-5549.5,75.62,0
2008-12-09 23:28:00,-0.66,-0.01,26.05,0.02,10.12,5.89,5.42,1.92,-6417.75,73.06,0
2008-12-09 23:40:00,6.19,-0.01,53.77,0.02,11.92,6.86,14.91,6.09,-5440.25,71.47,0
2008-09-13 00:25:00,4.62,-0.01,70.26,0.02,19.23,11.79,44.22,4.48,-5563.5,74.48,0
2008-09-13 02:57:00,3.03,-0.01,34.9,0.02,7.31,7.76,6.23,7.2,-5470.25,73.57,0
2008-09-13 03:14:00,-4.21,-0.01,39.83,0.03,12.02,8.29,10.03,7.9,-5411.75,70.48,0
2008-09-13 09:19:00,6.17,-0.01,36.88,0.02,15.07,8.7,19.26,4.91,-5762.75,74.86,0
2008-09-13 10:55:00,7.32,-0.01,75.92,0.02,13.86,7.49,10.51,1.85,-5585.25,74.58,0
2008-09-13 11:42:00,4.59,-0.01,73.42,0.03,114.03,14.42,28.9,2.77,-5753.5,70.16,0
2008-09-13 11:56:00,3.23,-0.01,87.42,0.03,20.05,9.57,64.58,2.11,-4961.25,65.8,1
2008-09-13 12:48:00,6.68,-0.01,59.41,0.02,9.56,11.88,14.82,1.64,-5505.5,71.03,0
2008-09-13 14:07:00,-4.66,-0.01,42.6,0.02,12.73,7.94,6.88,4.09,-5592.75,67.99,0
2008-09-13 16:04:00,3.59,-0.01,32.63,0.03,24.05,13.87,16.19,5.4,-5578.75,70.17,0
2008-09-13 16:04:00,2.42,-0.01,43.01,0.02,14.08,9.41,8.62,4.48,-5349.75,75.43,0
2008-09-13 20:06:00,4.62,-0.01,49.53,0.02,18.57,6.23,18.36,7.71,-5714.25,71.32,1
2008-09-14 02:50:00,2.23,-0.01,49.81,0.02,23.12,7.42,9.5,8.21,-5538.0,73.48,0
2008-09-14 02:59:00,5.21,-0.01,37.35,0.02,38.84,12.16,7.13,7.81,-5466.75,73.61,0
2008-09-14 15:02:00,-0.57,-0.01,58.7,0.02,8.92,4.63,4.41,1.76,-6397.75,66.79,0
2008-09-14 15:46:00,7.03,-0.01,25.48,0.02,14.24,8.72,9.99,4.09,-5515.5,70.3,0
2008-09-14 16:34:00,2.11,-0.01,33.87,0.03,17.26,13.2,5.06,4.31,-5617.5,72.62,0
2008-09-14 17:40:00,2.2,-0.01,28.85,0.02,19.08,11.5,8.75,10.73,-5517.75,74.59,0
2008-09-14 18:27:00,4.91,-0.01,30.84,0.02,13.34,8.26,8.84,8.53,-5122.5,70.99,0
2008-09-14 18:27:00,4.81,-0.01,47.57,0.01,13.44,5.29,6.49,2.94,-6469.5,72.34,0
2008-09-14 19:13:00,4.44,-0.01,54.59,0.02,7.19,13.73,3.87,5.2,-5085.75,75.68,0
2008-09-14 20:00:00,5.62,-0.01,51.36,0.02,21.11,6.16,41.67,3.87,-4764.0,75.09,0
2008-09-14 20:43:00,2.81,-0.01,30.73,0.02,17.24,6.67,11.51,4.09,-5195.75,68.49,0
2008-09-14 20:45:00,3.95,-0.01,35.54,0.02,23.5,5.26,17.22,5.28,-5569.75,74.0,0
2008-09-14 21:31:00,3.45,-0.01,30.33,0.02,32.32,14.55,18.46,4.92,-5644.0,74.56,0
2008-09-14 23:00:00,1.34,-0.01,34.43,0.02,14.98,12.99,13.94,9.8,-5250.75,72.92,0
2008-09-15 02:04:00,,-0.01,42.4,0.01,38.85,8.92,18.0,3.71,-5334.75,69.52,0
2008-09-15 10:03:00,0.96,-0.01,51.24,0.02,14.4,12.86,11.19,6.84,-5209.0,70.9,0
2008-09-15 11:40:00,5.32,-0.01,46.32,0.02,14.57,10.33,11.61,3.16,-5392.5,73.21,0
2008-09-15 12:27:00,-2.16,-0.01,50.62,0.04,12.25,9.2,13.83,4.85,-5494.75,75.9,0
2008-09-15 16:10:00,1.76,-0.01,38.78,0.02,21.32,7.93,4.8,5.33,-5436.25,74.53,0
2008-09-15 16:59:00,1.93,-0.01,41.69,0.02,16.45,11.56,6.65,6.16,-5472.0,74.87,0
2008-09-15 19:54:00,1.23,-0.01,27.02,0.03,1.61,11.83,6.8,4.63,-5481.75,72.63,0
2008-09-15 21:56:00,5.42,-0.01,24.95,0.02,14.53,16.62,9.01,5.43,-5261.0,67.3,0
2008-09-15 22:13:00,5.08,-0.01,46.65,0.02,8.32,8.19,2.49,2.73,-6465.0,71.43,0
2008-09-15 22:45:00,5.51,-0.01,64.21,0.01,13.86,12.46,36.73,4.25,-5685.0,73.99,0
2008-09-15 22:54:00,-0.07,-0.03,13.67,0.03,27.59,11.82,7.03,4.64,-6413.25,69.22,0
2008-09-15 23:37:00,0.56,-0.01,19.23,0.02,10.93,7.38,5.16,1.93,-6515.25,67.66,0
2008-09-16 07:39:00,5.6,-0.01,49.46,0.02,12.98,13.72,11.68,2.73,-5204.0,74.12,0
2008-09-16 07:48:00,5.4,-0.01,39.39,0.03,12.75,12.21,12.24,4.13,-5416.5,75.4,0
2008-09-16 08:50:00,2.32,-0.01,48.63,0.03,17.23,7.03,8.8,3.57,-5502.0,70.7,0
2008-09-16 08:52:00,6.08,-0.01,66.02,0.02,39.03,9.41,13.28,3.94,-5543.0,75.19,0
2008-09-16 09:37:00,4.31,-0.01,29.85,0.03,20.94,16.76,7.07,5.54,-5529.25,74.03,0
2008-09-16 17:07:00,-2.35,-0.01,60.35,0.02,5.41,1.87,9.57,2.08,-5572.25,67.29,0
2008-09-16 18:09:00,1.16,-0.01,55.81,0.03,5.31,7.09,10.86,7.77,-5257.75,75.17,0
2008-09-16 18:23:00,0.58,-0.01,46.56,0.02,38.19,11.42,5.16,8.91,-5348.75,71.51,0
2008-09-16 19:34:00,6.85,-0.01,21.68,0.03,28.83,1.66,11.11,3.21,-5418.75,68.31,0
2008-09-16 19:45:00,-0.72,-0.01,26.21,0.01,6.66,5.32,14.9,6.51,-5704.5,72.34,0
2008-09-16 21:21:00,-0.22,-0.01,44.53,0.03,15.81,13.79,8.23,5.09,-5710.5,73.13,0
2008-09-16 22:45:00,5.92,-0.01,35.7,0.03,17.11,11.86,36.09,5.66,-5344.25,74.27,0
2008-09-17 02:01:00,2.42,-0.01,38.22,0.02,13.93,3.0,10.93,3.64,-5451.75,70.78,0
2008-09-17 04:23:00,13.55,-0.01,28.47,0.03,14.68,18.2,9.53,2.55,-5249.0,73.41,1
2008-09-17 07:14:00,3.09,-0.01,91.99,0.03,12.06,6.1,4.82,5.32,-5603.75,73.12,0
2008-09-17 07:28:00,-1.23,-0.01,36.78,0.02,12.63,8.64,59.38,5.66,-5662.0,68.84,0
2008-09-17 21:52:00,4.44,-0.01,113.97,0.02,6.9,14.32,12.3,4.81,-5477.5,75.76,0
2008-09-18 00:57:00,-4.61,-0.01,25.35,0.02,7.56,4.44,2.99,1.51,-6521.5,66.02,0
2008-09-18 01:40:00,1.89,-0.01,26.74,0.02,11.34,5.27,11.66,5.63,-5632.75,68.64,0
2008-09-18 01:43:00,0.45,-0.01,45.74,0.02,22.01,10.1,15.62,6.24,-5619.25,73.43,0
2008-09-18 02:01:00,-0.2,-0.01,44.4,0.02,10.34,8.46,12.05,1.96,-5619.0,72.34,0
2008-09-18 03:58:00,-3.75,-0.01,19.42,0.02,10.93,10.37,28.09,2.08,-5525.25,71.94,0
2008-09-18 03:58:00,-3.9,-0.01,27.35,0.06,18.17,12.35,14.83,7.16,-5207.25,71.66,0
2008-09-18 05:44:00,-2.81,-0.01,27.19,0.02,12.23,10.85,7.88,7.07,-5391.75,75.52,0
2008-09-18 05:58:00,-2.61,-0.01,31.71,0.02,11.77,9.0,19.78,7.62,-5621.0,75.59,0
2008-09-18 08:04:00,-2.63,-0.01,35.35,0.02,33.28,15.72,16.33,5.38,-5561.0,67.39,0
2008-09-18 10:48:00,5.47,-0.01,23.67,0.01,8.9,4.34,9.64,8.33,-5652.5,74.91,0
2008-09-18 13:48:00,0.52,-0.01,49.2,0.02,27.08,10.27,7.07,2.84,-5627.5,72.28,0
2008-09-18 17:22:00,4.4,-0.01,45.62,0.02,12.0,11.96,4.97,7.71,-5334.0,71.12,0
2008-09-18 18:12:00,0.55,-0.01,44.81,0.03,14.53,4.73,10.27,5.09,-5639.75,72.68,0
2008-09-18 18:56:00,1.44,-0.01,24.28,0.02,14.71,14.01,6.81,3.96,-5567.75,72.43,0
2008-09-18 21:12:00,-2.6,-0.01,37.35,0.03,10.47,10.45,9.47,1.2,-5819.75,70.21,0
2008-09-18 21:56:00,-4.9,-0.01,28.21,0.02,19.55,6.45,17.86,1.98,-5767.25,70.02,0
2008-09-18 23:00:00,0.76,-0.01,35.38,0.02,10.61,4.6,15.63,2.45,-5476.5,67.56,0
2008-09-18 23:05:00,-2.78,-0.01,35.79,0.03,20.25,11.0,16.58,6.49,-5345.25,69.06,0
2008-09-18 23:44:00,-2.47,-0.01,31.05,0.03,18.77,12.47,5.58,1.9,-5250.75,68.87,0
2008-09-19 00:30:00,-3.27,-0.01,31.0,0.02,20.77,11.84,8.6,4.26,-5777.0,75.36,0
2008-09-19 01:57:00,2.11,-0.01,22.57,0.02,8.55,10.91,11.73,5.87,-5327.75,70.36,0
2008-09-19 02:44:00,3.93,-0.01,60.95,0.03,13.15,9.36,14.1,2.67,-5213.0,72.58,0
2008-09-19 04:42:00,-0.53,-0.01,30.08,0.02,16.29,13.81,10.47,2.5,-5138.75,70.51,0
2008-09-19 05:33:00,-1.18,-0.01,15.59,0.02,13.5,13.17,3.33,4.82,-5406.75,75.94,0
2008-09-19 05:57:00,5.79,-0.01,28.89,0.02,10.27,4.68,10.94,2.94,-5300.5,72.87,0
2008-09-19 06:01:00,-4.97,-0.01,36.75,0.02,8.9,16.33,10.79,3.04,-5497.5,74.12,0
2008-09-19 06:44:00,-0.91,-0.01,37.61,0.02,8.37,4.73,4.17,2.48,-5398.75,73.61,0
2008-09-19 07:14:00,-3.65,-0.01,18.78,0.03,18.69,10.58,6.75,3.01,-5217.25,73.38,0
2008-09-19 07:18:00,-2.53,-0.01,37.01,0.02,16.29,8.65,15.37,4.63,-5394.75,70.31,0
2008-09-19 08:08:00,0.86,-0.01,76.79,0.02,9.05,9.11,6.69,6.36,-5397.5,67.09,0
2008-09-19 08:52:00,-3.5,-0.01,38.36,0.02,6.22,9.08,5.3,6.21,-5543.0,73.76,0
2008-09-19 09:12:00,-5.23,-0.01,35.63,0.03,109.19,8.43,15.26,3.41,-5526.0,69.92,0
2008-09-19 09:47:00,-1.79,-0.01,30.04,0.02,14.53,5.66,20.49,4.33,-5445.5,72.38,0
2008-09-19 10:45:00,1.03,-0.01,40.16,0.02,9.31,10.49,44.81,3.97,-4971.75,70.01,0
2008-09-19 11:13:00,-4.01,-0.01,41.89,0.02,20.7,12.11,52.03,5.05,-5001.0,73.77,0
2008-09-19 11:54:00,1.47,-0.01,42.91,0.02,98.68,6.7,12.41,8.22,-5368.75,65.08,0
2008-09-19 13:59:00,-1.24,-0.01,35.27,0.02,17.42,5.77,7.4,3.94,-6471.25,65.7,0
2008-09-19 15:31:00,2.48,-0.01,27.26,0.01,22.91,10.73,18.01,4.47,-5335.0,72.27,0
2008-09-19 16:40:00,0.79,-0.01,17.08,0.02,10.29,5.8,8.21,2.8,-5613.0,63.03,0
2008-09-19 16:58:00,5.66,-0.01,35.33,0.02,13.77,10.15,9.76,8.14,-5459.0,66.31,1
2008-09-19 17:47:00,-2.43,-0.01,52.67,0.02,10.23,10.17,12.02,5.34,-5398.5,69.3,0
2008-09-19 18:11:00,-1.4,-0.01,30.91,0.02,14.86,5.87,8.18,5.62,-5012.75,67.63,0
2008-09-19 18:33:00,-4.59,-0.01,45.12,0.02,17.98,8.87,24.62,2.46,-5248.25,69.87,0
2008-09-19 19:18:00,-0.33,-0.01,42.42,0.02,9.02,13.18,13.75,5.96,-5658.25,67.81,0
2008-09-19 19:29:00,2.67,-0.01,36.53,0.02,17.61,13.67,7.19,2.22,-5604.5,66.01,0
2008-09-19 20:05:00,4.98,-0.01,49.61,0.04,13.92,8.15,8.55,5.64,-5494.75,73.93,0
2008-09-19 20:07:00,-3.44,-0.01,39.01,0.03,8.34,8.81,9.75,2.95,-5549.25,73.23,0
2008-09-19 20:10:00,2.29,-0.01,45.94,0.02,19.29,7.49,15.9,11.27,-5370.75,72.48,0
2008-09-19 20:17:00,22.47,-0.01,36.32,0.03,16.23,23.91,12.36,8.23,-5573.75,72.36,0
2008-09-19 20:19:00,6.56,-0.0,80.64,0.02,13.8,8.4,16.5,4.67,-5370.25,72.49,1
2008-09-19 21:08:00,-4.62,-0.01,36.7,0.06,18.19,7.62,9.47,6.06,-5599.25,75.04,0
2008-09-19 21:09:00,5.55,-0.01,34.85,0.02,18.72,10.81,55.54,2.23,-4994.25,66.2,1
2008-09-19 21:13:00,-2.15,-0.01,41.23,0.02,20.52,9.34,15.65,5.8,-5515.0,73.13,0
2008-09-19 21:14:00,6.25,-0.01,38.42,0.04,20.59,10.73,8.45,2.18,-5738.75,72.1,0
2008-09-19 21:59:00,3.25,-0.01,34.52,0.02,9.39,17.07,15.67,4.42,-5508.75,69.06,1
2008-09-19 23:26:00,0.99,-0.01,54.18,0.02,20.57,9.51,7.63,3.21,-5580.25,75.39,0
2008-09-19 23:33:00,-3.87,-0.01,20.46,0.02,10.58,10.12,71.13,4.44,-5554.5,70.36,0
2008-09-20 00:18:00,-0.75,-0.01,57.14,0.02,21.53,13.35,12.95,5.96,-5692.5,67.76,0
2008-09-20 00:33:00,0.27,-0.01,52.35,0.03,13.83,5.31,18.05,4.07,-5834.75,70.97,0
2008-09-20 03:58:00,-5.93,-0.01,34.23,0.02,23.2,12.17,20.9,5.74,-5612.25,68.17,0
2008-09-20 04:13:00,-2.92,-0.01,12.65,0.02,19.63,12.74,8.34,4.34,-5588.0,71.21,0
2008-09-20 04:28:00,-3.74,-0.01,34.78,0.02,11.91,9.64,15.31,2.05,-5153.75,75.56,0
2008-09-20 05:22:00,-0.07,-0.01,44.1,0.02,7.88,5.72,2.27,2.58,-5365.75,70.34,0
2008-09-20 05:25:00,5.11,-0.01,43.89,0.02,13.45,11.07,8.77,4.14,-5437.0,70.12,0
2008-09-20 05:34:00,1.71,-0.01,77.83,0.02,6.23,6.71,5.69,4.21,-5007.75,76.17,0
2008-09-20 06:08:00,1.56,-0.01,27.25,0.02,17.54,3.74,14.6,3.97,-5357.5,71.43,0
2008-09-20 07:21:00,1.31,-0.01,19.83,0.02,19.88,10.82,21.74,2.62,-5031.25,63.79,0
2008-09-20 08:14:00,-1.02,-0.01,38.66,0.01,24.93,16.22,15.45,5.34,-5966.75,68.2,0
2008-09-20 10:51:00,-0.99,-0.01,24.31,0.03,20.16,14.69,3.47,6.0,-5477.5,71.54,0
2008-09-20 11:18:00,-0.92,-0.01,59.69,0.02,6.05,12.03,19.74,5.6,-5759.75,66.99,0
2008-09-20 12:20:00,-0.66,-0.01,25.75,0.02,9.67,9.35,6.26,7.54,-5622.0,62.29,0
2008-09-20 12:26:00,-0.19,-0.01,22.34,0.02,22.43,16.01,5.45,4.4,-5215.5,74.16,0
2008-09-20 12:27:00,-2.28,-0.01,45.94,0.02,15.86,4.18,17.65,2.28,-5540.5,66.87,0
2008-09-20 12:36:00,-5.93,-0.01,39.42,0.02,15.23,6.42,8.03,1.54,-6561.25,71.64,0
2008-09-20 12:57:00,5.72,-0.01,39.07,0.02,12.04,9.46,16.92,3.82,-5526.0,68.78,0
2008-09-20 14:00:00,-5.13,-0.01,47.1,0.03,9.5,9.19,18.17,6.53,-5476.25,74.11,0
2008-09-20 14:06:00,-2.13,-0.01,34.1,0.02,8.24,13.11,11.86,8.87,-5261.75,71.64,0
2008-09-20 14:42:00,0.42,-0.01,50.43,0.02,10.66,10.29,8.65,6.93,-5444.75,72.77,0
2008-09-20 14:50:00,-1.19,-0.01,40.42,0.02,17.93,5.89,13.46,4.84,-5290.0,72.78,0
2008-09-20 14:53:00,-3.53,-0.01,14.15,0.02,7.66,6.98,2.82,1.34,-6493.0,65.09,0
2008-09-20 15:02:00,-3.43,-0.01,31.87,0.02,6.29,8.61,16.84,4.63,-5743.25,72.39,0
2008-09-20 15:19:00,-2.17,-0.01,47.8,0.02,8.94,15.84,9.19,6.54,-5364.0,70.51,0
2008-09-20 15:37:00,-5.96,-0.01,34.31,0.02,11.05,7.64,14.38,2.92,-5501.0,74.78,0
2008-09-20 15:46:00,-1.05,-0.01,37.76,0.03,6.57,6.36,5.82,5.34,-5537.0,72.32,0
2008-09-20 16:43:00,4.24,-0.01,33.96,0.02,22.49,13.03,8.65,5.59,-5423.25,76.47,0
2008-09-20 16:44:00,-1.69,-0.01,38.18,0.03,16.72,18.44,44.83,5.88,-4682.0,68.37,0
2008-09-20 17:26:00,1.01,-0.01,51.05,0.02,25.12,12.78,5.83,4.09,-6469.5,71.17,0
2008-09-20 17:29:00,-0.87,-0.01,46.8,0.02,11.63,6.89,5.66,5.11,-5305.0,73.16,0
2008-09-20 18:03:00,-4.24,-0.01,32.95,0.02,25.58,3.89,6.26,3.77,-5671.25,68.08,0
2008-09-20 18:21:00,-5.14,-0.01,53.21,0.01,3.5,5.3,14.91,6.81,-5614.75,65.6,0
2008-09-20 18:56:00,1.54,-0.01,42.36,0.02,19.44,7.07,8.32,2.42,-5459.75,73.38,0
2008-09-20 19:14:00,0.11,-0.01,50.71,0.02,18.89,10.86,15.71,2.19,-5504.75,65.69,0
2008-09-20 19:21:00,-1.67,-0.01,47.9,0.04,9.61,13.65,16.45,4.31,-5648.25,76.63,0
2008-09-20 23:34:00,-4.89,-0.01,32.82,0.02,6.4,6.79,7.0,2.23,-5300.25,72.19,0
2008-09-21 00:48:00,-6.53,-0.01,19.11,0.03,6.4,7.07,16.28,3.3,-5121.5,74.34,0
2008-09-21 01:06:00,7.03,-0.01,19.22,0.02,23.25,18.49,79.41,3.36,-5491.75,69.63,0
2008-09-21 02:07:00,-2.64,-0.01,51.52,0.02,11.81,4.59,13.42,4.25,-5409.0,65.08,0
2008-09-21 03:04:00,1.39,-0.01,20.72,0.02,8.63,12.31,22.28,4.51,-5274.25,66.82,0
2008-09-21 03:47:00,-3.7,-0.01,22.66,0.03,9.17,9.66,6.97,2.27,-5339.0,73.37,0
2008-09-21 04:17:00,-0.45,-0.01,37.34,0.02,14.98,16.19,46.57,2.78,-5966.75,67.88,0
2008-09-21 04:49:00,-1.46,-0.01,56.51,0.02,17.82,13.62,4.68,5.04,-6351.0,63.82,0
2008-09-21 07:30:00,-2.64,-0.01,52.17,0.02,17.92,16.51,22.64,4.41,-5623.5,70.76,0
2008-09-21 07:55:00,3.98,-0.01,34.56,0.02,8.92,8.85,32.74,3.18,-5303.0,65.97,0
2008-09-21 08:22:00,-4.23,-0.01,54.38,0.02,7.6,8.04,6.41,5.9,-5675.0,68.02,0
2008-09-21 08:49:00,-0.8,-0.01,61.29,0.02,13.64,14.36,23.37,5.73,-5439.25,69.18,0
2008-09-21 09:16:00,-0.02,-0.01,43.85,0.02,8.99,5.07,21.13,6.89,-5949.25,71.08,0
2008-09-21 09:31:00,0.78,-0.01,28.85,0.01,16.59,12.0,46.32,6.25,-6189.75,68.9,0
2008-09-21 10:07:00,-0.44,-0.01,55.03,0.02,12.92,12.15,12.92,4.29,-5125.75,72.29,0
2008-09-21 10:49:00,2.11,-0.01,58.64,0.02,16.46,17.05,7.13,4.0,-5387.0,75.01,0
2008-09-21 11:33:00,-1.66,-0.01,49.43,0.02,11.26,19.21,27.68,5.73,-5145.25,68.51,0
2008-09-21 12:04:00,3.1,-0.01,25.4,0.02,15.52,13.93,8.72,4.69,-5548.25,67.98,0
2008-09-21 14:30:00,1.4,-0.01,34.78,0.03,25.57,9.18,18.66,3.26,-5648.0,70.07,0
2008-09-21 14:31:00,1.19,-0.01,24.1,0.02,12.9,7.26,8.39,3.77,-6445.0,64.59,0
2008-09-21 14:33:00,-2.67,-0.01,47.37,0.02,25.1,9.75,7.72,3.53,-5441.5,68.12,0
2008-09-21 15:15:00,-1.31,-0.01,64.0,0.02,4.65,14.5,10.01,2.97,-5482.5,76.18,0
2008-09-21 15:26:00,-3.88,-0.01,51.17,0.03,9.27,5.05,11.21,5.7,-5307.5,64.92,0
2008-09-21 15:34:00,-1.59,-0.01,32.41,0.02,8.03,8.4,6.9,5.06,-5648.25,76.56,0
2008-09-21 16:43:00,-1.72,-0.01,35.15,0.02,34.9,9.98,11.84,4.67,-5471.75,70.13,0
2008-09-21 17:26:00,-3.29,-0.01,59.93,0.02,6.56,7.44,7.67,5.61,-5399.25,69.68,0
2008-09-21 17:30:00,-2.92,-0.01,44.6,0.02,12.87,10.36,8.46,2.08,-5707.0,69.66,0
2008-09-21 18:12:00,,-0.01,24.3,0.02,21.66,9.52,18.38,3.74,-5420.25,76.24,0
2008-09-21 19:19:00,-3.09,-0.01,50.75,0.02,17.35,11.2,2.95,4.63,-5525.0,69.94,0
2008-09-21 20:35:00,-0.0,-0.01,32.18,0.03,15.77,5.83,6.23,8.95,-5327.5,73.77,0
2008-09-21 21:54:00,-5.86,-0.0,204.53,0.02,3.44,7.15,27.82,3.09,-5194.75,68.56,0
2008-09-21 22:02:00,3.97,-0.01,66.88,0.02,9.33,7.27,1.92,1.98,-6411.0,66.03,0
2008-09-22 00:12:00,0.7,-0.01,48.94,0.02,11.35,15.25,8.54,5.14,-5339.5,75.78,0
2008-09-22 00:28:00,-6.66,-0.01,33.91,0.02,19.74,8.69,15.1,3.43,-5443.25,73.12,0
2008-09-22 00:47:00,2.63,-0.01,76.97,0.03,16.1,10.93,10.39,8.39,-5776.75,72.24,0
2008-09-22 01:43:00,-0.63,-0.01,40.04,0.02,2.52,8.45,9.55,3.96,-5352.75,68.11,0
2008-09-22 03:51:00,-5.88,-0.01,31.87,0.03,14.86,14.09,9.06,5.71,-5352.5,70.24,0
2008-09-22 06:05:00,-2.26,-0.01,45.85,0.02,10.16,4.53,7.54,4.96,-5187.75,71.94,0
2008-09-22 07:12:00,0.74,-0.01,33.93,0.02,12.82,3.54,18.19,8.27,-5546.25,76.93,0
2008-09-22 10:43:00,4.91,-0.01,33.17,0.01,17.34,3.61,6.55,3.64,-5588.0,70.71,0
2008-09-22 11:50:00,-1.18,-0.01,19.46,0.02,23.95,10.45,6.96,4.4,-6347.75,61.21,0
2008-09-22 12:11:00,-3.12,-0.01,41.5,0.02,18.98,10.5,5.46,4.39,-6335.25,64.66,0
2008-09-22 12:45:00,-2.52,-0.01,36.4,0.02,14.74,5.81,5.0,3.26,-5383.25,74.78,0
2008-09-22 13:03:00,-0.9,-0.01,70.8,0.02,15.17,13.63,6.99,4.24,-5475.75,63.44,0
2008-09-22 14:24:00,2.23,-0.01,55.46,0.02,3.57,8.16,11.34,4.19,-5333.75,66.43,0
2008-09-22 14:27:00,-1.09,-0.0,100.0,0.02,19.27,14.59,10.76,6.17,-5346.25,67.11,0
2008-09-22 14:36:00,-6.08,-0.01,65.56,0.02,16.05,7.83,19.41,5.22,-5291.0,72.32,0
2008-09-22 16:25:00,0.44,-0.01,18.78,0.02,24.68,9.38,6.64,3.55,-6403.0,64.18,0
2008-09-22 21:30:00,2.62,-0.01,38.55,0.03,16.47,11.92,10.65,5.14,-5984.0,69.1,0
2008-09-22 21:31:00,-6.34,-0.01,35.32,0.02,8.13,11.98,4.38,5.71,-4951.25,68.67,0
2008-09-22 22:15:00,-2.67,-0.01,56.72,0.03,4.86,5.36,7.37,2.52,-5167.0,74.93,0
2008-09-22 22:17:00,-2.39,-0.01,45.66,0.03,9.21,10.29,10.5,6.9,-5135.0,65.28,0
2008-09-22 23:01:00,-3.92,-0.01,31.01,0.02,11.99,7.24,4.84,1.86,-5740.75,67.21,0
2008-09-22 23:10:00,-5.52,-0.01,52.65,0.03,7.34,13.55,14.71,2.55,-5834.5,68.81,0
2008-09-23 00:57:00,-0.06,-0.01,55.92,0.03,6.56,4.35,10.12,1.1,-5176.25,67.52,0
2008-09-23 06:44:00,-1.6,-0.01,72.08,0.03,15.44,14.42,17.83,4.19,-5159.75,71.59,0
2008-09-23 06:44:00,-2.22,-0.01,20.31,0.03,9.87,7.2,14.09,7.61,-5245.75,69.09,0
2008-09-23 06:52:00,2.99,-0.01,35.33,0.03,8.51,5.64,17.14,1.46,-5327.5,72.11,0
2008-09-23 07:58:00,0.25,-0.01,27.95,0.02,7.27,6.0,17.33,4.83,-5313.5,68.54,0
2008-09-23 08:11:00,0.71,-0.01,24.51,0.02,8.77,7.49,15.5,1.35,-5450.25,76.97,0
2008-09-23 09:43:00,-3.96,-0.01,58.76,0.03,12.56,10.35,7.2,3.27,-5428.75,66.78,0
2008-09-23 11:14:00,0.56,-0.01,29.26,0.02,7.43,6.49,16.25,3.31,-5580.75,66.32,1
2008-09-23 11:42:00,-2.57,-0.01,62.59,0.02,15.81,9.82,8.51,4.35,-5573.0,67.53,0
2008-09-23 11:43:00,-1.3,-0.01,21.31,0.02,24.94,21.55,19.87,5.86,-5334.5,68.93,0
2008-09-23 12:29:00,-2.73,-0.01,31.88,0.01,5.8,5.64,21.56,1.52,-5181.75,71.37,0
2008-09-23 12:31:00,-5.47,-0.01,28.18,0.12,13.83,7.89,12.59,6.39,-5450.0,72.93,0
2008-09-23 12:46:00,-2.1,-0.01,26.78,0.03,14.54,10.72,7.22,5.09,-5626.25,69.14,0
2008-09-23 13:37:00,-1.98,-0.01,29.93,0.02,13.01,11.84,30.51,3.08,-6171.0,67.52,0
2008-09-23 15:23:00,-1.05,-0.01,23.04,0.02,12.88,11.67,8.75,5.4,-5693.75,74.01,0
2008-09-23 15:33:00,-3.21,-0.01,38.56,0.03,15.54,9.4,6.47,8.28,-5715.5,73.52,0
2008-09-23 15:58:00,1.46,-0.01,47.78,0.02,8.52,9.58,5.97,3.5,-5663.5,69.12,0
2008-09-23 18:10:00,-3.12,-0.01,27.46,0.02,14.36,12.19,15.35,6.07,-5329.25,67.29,0
2008-09-23 18:36:00,-3.75,-0.01,39.71,0.02,8.6,13.13,13.51,6.78,-5720.25,69.42,0
2008-09-23 18:56:00,-3.29,-0.01,38.66,0.02,21.88,10.49,8.6,4.43,-5337.0,69.32,0
2008-09-23 20:18:00,-1.56,-0.01,32.96,0.02,17.49,14.71,12.49,5.19,-5122.5,69.9,0
2008-09-23 20:59:00,-1.04,-0.01,26.58,0.02,9.02,8.64,16.3,5.09,-5730.75,65.64,0
2008-09-23 21:26:00,-1.24,-0.01,55.98,0.02,15.35,7.51,13.33,3.34,-5287.5,73.83,0
2008-09-23 22:25:00,-4.49,-0.01,29.6,0.02,12.52,7.67,13.86,4.22,-5621.5,66.93,0
2008-09-24 02:19:00,1.44,-0.01,48.13,0.02,20.63,9.06,19.6,4.56,-5596.25,72.0,0
2008-09-24 02:44:00,-0.05,-0.01,45.74,0.02,15.23,10.38,30.72,1.24,-5650.5,71.49,0
2008-09-24 03:32:00,1.73,-0.01,38.68,0.03,24.17,15.19,7.93,2.38,-5295.0,68.24,0
2008-09-24 03:40:00,-0.24,-0.01,45.47,0.02,4.31,6.85,10.31,5.3,-5344.25,72.71,0
2008-09-24 05:13:00,0.38,-0.01,37.15,0.02,13.89,11.81,4.49,7.93,-5412.25,76.88,0
2008-09-24 05:22:00,-2.14,-0.01,62.03,0.02,13.52,19.04,14.9,6.0,-5336.75,68.11,0
2008-09-24 06:13:00,-2.07,-0.01,29.6,0.1,16.51,7.91,9.19,6.44,-5407.5,71.91,0
2008-09-24 06:14:00,-4.4,-0.02,42.73,0.02,13.82,9.52,13.02,4.84,-5535.5,72.4,0
2008-09-24 07:23:00,-1.93,,,0.02,18.47,16.09,6.63,5.07,-5490.25,67.6,0
2008-09-24 10:10:00,-4.66,-0.01,30.8,0.02,9.17,14.53,12.48,3.6,-5358.5,74.49,0
2008-09-24 10:53:00,-0.53,-0.01,41.92,0.02,12.25,13.04,9.03,5.05,-5479.25,70.53,0
2008-09-24 10:59:00,-1.08,-0.01,39.92,0.03,9.08,5.66,15.73,4.07,-5278.0,69.61,0
2008-09-24 11:47:00,-0.37,-0.02,22.95,0.02,3.96,8.6,12.67,4.73,-5611.75,73.59,0
2008-09-24 12:04:00,-1.05,-0.01,34.25,0.02,16.0,5.88,9.17,4.44,-5320.0,71.41,0
2008-09-24 12:35:00,0.97,-0.01,30.3,0.01,14.44,6.68,20.48,5.42,-5511.5,72.68,0
2008-09-24 13:01:00,-3.95,-0.01,19.05,0.02,11.21,10.69,7.57,6.24,-5535.0,73.11,0
2008-09-24 15:05:00,1.0,-0.01,38.92,0.02,3.99,2.58,7.16,5.59,-5477.0,72.23,1
2008-09-24 15:39:00,2.81,-0.01,58.9,0.02,7.32,11.51,20.78,3.84,-5408.75,73.98,0
2008-09-24 15:42:00,-3.61,-0.02,39.67,0.02,22.41,14.6,6.46,4.93,-5699.25,74.06,0
2008-09-24 15:43:00,-5.76,-0.01,71.68,0.02,13.36,10.43,9.19,3.89,-5301.75,67.44,0
2008-09-24 16:26:00,-1.61,-0.01,62.43,0.02,9.92,9.02,14.11,6.28,-5377.75,73.89,0
2008-09-24 17:54:00,2.32,-0.01,49.71,0.03,11.32,9.8,7.52,2.8,-5228.25,66.8,0
2008-09-24 18:05:00,-1.25,-0.01,18.89,0.02,14.38,14.03,7.03,7.52,-5234.25,74.32,0
2008-09-25 01:05:00,0.19,-0.01,27.81,0.02,12.69,8.82,4.09,2.54,-5359.25,69.42,0
2008-09-25 02:03:00,4.88,-0.01,37.91,0.02,21.03,7.22,18.15,3.98,-5684.5,72.03,0
2008-09-25 06:21:00,-2.02,-0.01,27.86,0.02,24.12,11.87,19.8,10.0,-5685.5,72.8,0
2008-09-25 07:12:00,-0.74,-0.01,48.3,0.02,10.55,8.24,6.81,6.6,-5534.0,74.41,0
2008-09-25 07:58:00,-2.87,-0.01,44.09,0.02,21.61,14.68,14.97,5.32,-5685.0,67.38,0
2008-09-25 08:45:00,2.6,-0.01,30.94,0.02,22.76,6.35,8.98,2.4,-5499.25,73.88,0
2008-09-25 09:31:00,-5.94,-0.01,19.61,0.02,13.92,15.57,13.73,9.44,-5761.5,67.72,0
2008-09-25 10:23:00,-4.99,-0.01,43.76,0.02,17.32,10.39,5.14,4.84,-5523.0,69.77,0
2008-09-25 11:08:00,-2.97,-0.01,21.6,0.03,5.76,6.76,11.21,3.25,-5424.75,71.84,0
2008-09-25 11:09:00,-0.94,-0.02,25.34,0.02,27.63,14.36,15.48,6.56,-5977.25,71.8,0
2008-09-25 11:55:00,1.17,-0.02,37.03,0.02,10.9,15.92,24.3,3.94,-4900.75,74.04,0
2008-09-25 13:42:00,0.6,-0.01,26.46,0.02,1.65,4.44,19.51,5.44,-5264.0,66.24,0
2008-09-25 14:08:00,2.65,-0.01,35.12,0.01,2.44,10.42,13.49,3.93,-5598.75,76.07,0
2008-09-25 14:28:00,0.54,-0.01,45.41,0.02,16.56,7.55,8.61,2.07,-5588.25,72.33,0
2008-09-25 15:12:00,-2.5,-0.01,61.74,0.01,16.63,9.25,16.18,1.42,-5062.25,67.23,0
2008-09-25 15:40:00,-0.63,-0.01,26.13,0.02,2.93,2.86,15.77,4.26,-5434.25,70.87,0
2008-09-25 15:55:00,0.77,-0.01,21.74,0.02,11.38,11.64,16.61,5.99,-5455.25,75.17,0
2008-09-25 16:44:00,-3.18,-0.02,46.53,0.02,10.78,7.54,17.05,1.94,-5825.25,68.77,0
2008-09-25 17:28:00,-0.84,-0.01,15.81,0.02,8.45,12.6,10.95,4.37,-5489.5,66.61,0
2008-09-25 17:29:00,-2.24,-0.01,27.48,0.01,9.31,3.7,13.93,3.49,-5411.0,71.52,0
2008-09-25 19:49:00,2.3,-0.01,55.8,0.02,14.32,4.21,2.48,5.21,-5402.0,67.28,0
2008-09-25 22:05:00,-3.13,-0.01,20.97,0.02,21.71,8.21,39.25,4.52,-5870.5,68.61,0
2008-09-25 23:04:00,-1.17,-0.01,64.84,0.02,30.37,11.06,14.17,3.16,-5293.0,67.47,0
2008-09-25 23:48:00,1.3,-0.01,22.3,0.02,16.61,11.01,11.17,6.1,-5630.25,75.8,0
2008-09-26 00:19:00,-2.97,-0.01,44.31,0.02,8.28,8.97,9.94,2.91,-5615.75,73.72,0
2008-09-26 01:21:00,4.4,-0.01,29.43,0.02,6.49,10.31,7.62,3.06,-5353.75,73.06,0
2008-09-26 02:26:00,-3.5,-0.01,51.16,0.02,16.31,11.17,13.08,1.3,-5404.0,68.68,0
2008-09-26 03:12:00,-3.22,-0.01,20.79,0.01,21.2,11.99,15.43,3.93,-5360.5,71.93,0
2008-09-26 03:29:00,2.03,-0.01,31.17,0.02,64.05,9.0,13.05,4.4,-5539.75,66.82,0
2008-09-26 04:14:00,-3.62,-0.01,63.36,0.01,10.04,8.0,5.03,4.8,-5303.5,67.78,0
2008-09-26 05:32:00,-4.1,-0.02,53.12,0.02,25.13,7.51,7.56,3.66,-5712.75,75.0,0
2008-09-26 11:08:00,0.2,-0.01,33.62,0.02,16.76,12.6,21.86,5.45,-5289.0,72.78,0
2008-09-26 13:36:00,-5.97,-0.01,21.43,0.02,12.81,10.33,10.4,6.2,-5598.75,73.83,0
2008-09-26 13:45:00,-1.44,-0.01,44.31,0.02,27.33,14.1,23.59,8.57,-5523.25,70.82,0
2008-09-26 14:20:00,-2.67,-0.01,45.33,0.02,22.33,10.24,15.67,5.32,-5366.75,71.97,0
2008-09-26 14:51:00,0.03,-0.01,32.3,0.01,35.75,12.1,18.8,4.26,-5760.0,69.79,0
2008-09-26 15:06:00,1.7,-0.01,82.23,0.02,9.09,8.36,12.82,9.99,-5078.75,68.84,0
2008-09-26 15:36:00,-3.35,-0.01,64.55,0.02,18.63,6.06,16.01,3.8,-5345.75,73.58,0
2008-09-26 15:49:00,-2.44,-0.01,30.2,0.02,11.82,15.65,19.56,6.41,-5515.0,67.51,0
2008-09-26 16:31:00,-6.05,-0.01,30.17,0.02,11.52,7.88,7.76,5.74,-5647.5,67.94,0
2008-09-26 17:59:00,-3.23,-0.01,50.94,0.02,20.27,10.26,6.08,9.82,-5283.0,68.57,0
2008-09-26 18:54:00,-9.1,-0.01,66.29,0.02,23.29,6.83,9.48,4.36,-5463.75,71.94,0
2008-09-26 19:38:00,2.27,-0.02,31.35,0.02,6.17,12.44,11.15,5.19,-5569.5,73.58,0
2008-09-26 19:45:00,-0.95,-0.01,37.43,0.02,13.73,3.84,11.87,7.28,-5390.0,76.76,0
2008-09-26 19:55:00,-2.5,-0.01,30.39,0.03,5.79,4.49,8.18,2.74,-5160.5,71.47,0
2008-09-26 20:23:00,-3.88,-0.01,41.38,0.02,16.21,13.16,22.85,4.17,-5654.75,72.36,0
2008-09-26 20:31:00,-6.64,-0.01,22.42,0.02,23.99,18.13,13.58,11.42,-5455.25,71.52,0
2008-09-27 00:16:00,-5.69,-0.01,23.87,0.02,5.28,5.21,15.7,1.95,-5471.75,72.12,0
2008-09-27 00:17:00,1.59,-0.01,95.34,0.08,6.8,6.45,4.88,2.51,-6438.0,64.98,0
2008-09-27 01:29:00,-2.53,-0.01,47.75,0.02,19.12,10.29,16.36,5.35,-5573.0,69.51,0
2008-09-27 03:53:00,-0.6,-0.01,37.08,0.01,8.1,6.63,7.97,1.29,-5168.0,68.2,0
2008-09-27 10:10:00,-4.78,-0.01,44.05,0.02,14.35,10.23,2.64,3.49,-5729.5,72.49,0
2008-09-27 10:13:00,1.63,-0.01,27.22,0.03,17.36,18.03,17.89,4.02,-5690.25,77.09,0
2008-09-27 11:04:00,-0.41,-0.01,44.28,0.04,7.87,13.8,7.36,3.12,-5382.5,67.09,0
2008-09-27 11:45:00,-2.96,-0.01,26.31,0.02,120.73,12.01,5.65,5.89,-5349.75,71.6,0
2008-09-27 11:54:00,-0.21,-0.0,221.62,0.02,8.04,9.79,21.19,6.88,-5077.5,75.96,0
2008-09-27 12:26:00,-1.6,-0.01,35.6,0.02,11.75,9.63,15.43,4.18,-5768.0,73.62,0
2008-09-27 12:28:00,-0.02,-0.01,27.11,0.02,19.19,12.26,15.9,4.7,-5132.0,69.38,0
2008-09-27 12:36:00,-0.09,-0.01,18.6,0.01,6.06,9.89,14.31,4.8,-5494.25,73.97,0
2008-09-27 13:14:00,-0.6,-0.02,25.25,0.03,17.74,2.62,20.39,1.56,-5399.25,72.96,0
2008-09-27 13:19:00,-0.47,-0.01,36.67,0.02,24.54,12.24,10.62,6.33,-5741.75,67.69,0
2008-09-27 14:01:00,-4.8,-0.01,38.71,0.01,16.72,8.85,4.78,7.98,-5293.5,71.44,0
2008-09-27 14:05:00,-0.01,-0.01,51.9,0.02,20.64,22.05,12.89,2.34,-5607.75,76.9,0
2008-09-27 14:46:00,-2.54,-0.01,45.8,0.02,6.23,11.46,16.62,7.14,-5305.75,67.57,0
2008-09-27 15:09:00,4.0,-0.01,59.08,0.02,19.13,15.03,9.05,1.93,-5615.0,69.86,0
2008-09-27 15:30:00,-0.57,-0.01,45.4,0.09,9.88,9.82,15.19,5.24,-5258.5,67.06,0
2008-09-27 16:13:00,-9.43,-0.01,37.15,0.02,16.09,19.58,10.63,8.77,-5315.75,71.19,0
2008-09-27 17:26:00,1.47,-0.01,33.33,0.02,27.71,11.84,14.75,5.86,-5227.5,67.48,0
2008-09-27 18:14:00,3.16,-0.01,53.33,0.01,14.47,12.17,20.03,6.75,-5161.5,74.53,0
2008-09-27 19:16:00,-0.82,-0.01,50.79,0.02,3.01,7.3,14.37,2.47,-5469.75,72.02,0
2008-09-27 20:46:00,4.17,-0.01,39.96,0.02,33.16,5.98,13.56,2.15,-5657.5,74.44,0
2008-09-27 21:45:00,-4.15,-0.01,51.61,0.02,20.54,12.07,4.49,3.43,-6576.0,69.37,0
2008-09-28 00:51:00,3.22,-0.01,44.31,0.02,13.88,6.19,10.82,3.93,-5461.75,72.19,0
2008-09-28 01:22:00,-2.94,-0.01,38.65,0.03,11.34,6.52,13.2,3.83,-5357.5,67.3,0
2008-09-28 03:55:00,-4.49,-0.01,34.09,0.01,6.8,10.44,4.68,5.29,-5508.5,67.22,0
2008-09-28 04:45:00,-5.33,-0.01,53.51,0.02,27.68,12.71,13.5,8.63,-5332.5,75.94,1
2008-09-28 05:31:00,-0.26,-0.01,39.0,0.02,10.02,7.65,5.68,5.01,-5564.0,68.13,0
2008-09-28 06:22:00,-4.84,-0.01,26.19,0.02,12.48,14.55,13.07,1.5,-5296.0,72.43,0
2008-09-28 07:38:00,-1.02,-0.01,64.77,0.02,25.57,11.59,24.26,1.1,-5528.5,66.79,0
2008-09-28 07:52:00,-0.5,-0.01,28.07,0.02,15.11,10.09,9.69,3.73,-5438.75,76.88,0
2008-09-28 08:40:00,-0.15,-0.02,21.36,0.02,14.21,6.41,14.17,8.99,-5770.75,69.8,0
2008-09-28 08:41:00,-1.69,-0.01,23.57,0.03,17.17,9.98,6.59,8.95,-5357.0,74.19,0
2008-09-28 09:50:00,-0.82,0.01,69.35,0.02,16.52,6.09,14.14,5.64,-5374.0,72.47,1
2008-09-28 17:05:00,1.63,,,0.02,10.66,4.37,11.68,5.49,-5402.75,72.27,0
2008-09-28 17:06:00,-1.5,-0.01,41.14,0.03,31.26,17.06,8.38,5.28,-5512.5,70.13,0
2008-09-28 17:49:00,4.08,-0.01,31.72,0.02,16.65,6.39,16.55,4.6,-6029.0,75.87,0
2008-09-28 17:55:00,2.85,-0.01,55.68,0.03,14.3,6.54,12.6,5.9,-5625.75,69.16,0
2008-09-28 18:34:00,3.65,-0.01,36.87,0.03,15.29,8.74,9.33,4.21,-5647.75,67.82,0
2008-09-28 18:43:00,-1.44,-0.01,25.95,0.02,2.41,0.46,3.97,7.05,-5371.0,71.5,0
2008-09-28 19:18:00,-0.72,-0.01,34.7,0.02,13.45,8.3,4.89,1.41,-5729.25,67.38,0
2008-09-28 19:29:00,0.32,-0.01,58.27,0.03,13.05,11.46,5.16,7.11,-5501.25,75.66,0
2008-09-28 20:02:00,-4.41,-0.01,34.65,0.02,19.03,16.43,11.72,7.65,-5341.25,68.04,0
2008-09-28 20:42:00,-5.75,-0.01,90.85,0.02,21.08,7.3,13.41,3.63,-5294.0,72.88,0
2008-09-28 21:08:00,-0.09,-0.01,24.53,0.02,10.03,6.83,21.17,2.35,-5337.75,67.9,0
2008-09-28 21:27:00,2.09,-0.01,19.6,0.02,17.41,17.28,8.15,2.16,-5398.25,67.94,0
2008-09-28 22:44:00,-0.15,-0.01,30.41,0.02,13.34,5.18,28.47,5.09,-5637.5,67.63,0
2008-09-28 23:54:00,1.15,-0.02,15.25,0.02,13.69,12.06,27.36,3.89,-5442.0,76.02,0
2008-09-29 02:06:00,-1.94,-0.01,37.03,0.03,6.22,6.03,12.68,2.24,-5314.5,71.18,0
2008-09-29 03:07:00,3.54,-0.01,43.94,0.02,3.95,18.93,19.25,9.39,-5329.25,68.38,0
2008-09-29 03:50:00,0.21,-0.02,26.92,0.02,15.64,16.17,13.11,8.28,-5333.25,72.12,0
2008-09-29 04:18:00,-0.12,-0.01,40.66,0.02,15.63,10.76,5.35,6.23,-5546.5,73.07,0
2008-09-29 04:47:00,-1.88,-0.01,27.76,0.03,13.34,9.93,7.95,5.93,-5169.25,69.21,0
2008-09-29 05:32:00,3.39,-0.01,54.99,0.02,12.62,7.34,19.32,4.07,-5490.5,67.97,0
2008-09-29 07:53:00,4.54,-0.01,20.43,0.02,26.68,14.35,5.77,3.44,-5629.25,74.86,0
2008-09-29 09:15:00,0.5,-0.01,78.56,0.02,12.46,11.38,18.03,7.19,-5302.0,75.2,0
2008-09-29 11:13:00,4.07,-0.01,33.78,0.02,30.4,9.94,12.36,4.99,-5435.75,66.21,0
2008-09-29 11:53:00,1.44,-0.01,28.38,0.02,11.96,5.8,14.04,2.66,-5492.5,73.92,0
2008-09-29 12:25:00,1.0,-0.01,31.03,0.02,19.16,12.19,7.61,7.55,-5097.0,70.54,0
2008-09-29 14:03:00,-0.95,-0.01,40.12,0.03,15.74,9.79,6.2,2.46,-5207.75,69.01,0
2008-09-29 14:04:00,-2.24,-0.01,34.06,0.02,11.74,7.81,12.09,4.14,-5060.0,75.04,0
2008-09-29 14:08:00,1.22,-0.02,30.29,0.02,13.7,10.86,15.59,7.62,-5465.0,68.01,0
2008-09-29 15:09:00,1.36,-0.01,20.47,0.02,9.27,7.67,17.88,4.13,-5418.25,68.18,0
2008-09-29 15:16:00,0.59,-0.01,23.32,0.02,18.42,5.79,7.3,2.49,-5343.75,74.44,0
2008-09-29 16:27:00,4.54,-0.01,70.83,0.01,5.09,4.71,10.85,5.46,-5593.5,74.9,0
2008-09-29 17:21:00,-2.34,-0.01,41.7,0.03,10.24,6.6,18.24,7.05,-4994.25,73.16,0
2008-09-29 21:26:00,-10.45,-0.01,36.22,0.02,13.27,5.72,9.76,7.75,-5489.0,67.12,0
2008-09-29 21:48:00,-2.95,-0.01,37.4,0.02,25.0,8.71,19.15,4.15,-5774.0,66.63,1
2008-09-29 22:13:00,0.48,-0.01,45.66,0.04,28.69,13.93,19.74,5.29,-5415.0,75.56,0
2008-09-30 01:33:00,1.41,-0.01,41.59,0.02,16.91,13.43,3.06,5.53,-5597.0,72.61,0
2008-09-30 01:36:00,-7.01,-0.01,48.14,0.03,11.29,7.48,7.98,5.7,-5303.0,71.07,0
2008-09-30 02:44:00,1.93,-0.01,46.14,0.02,29.32,11.44,7.53,7.6,-5447.25,74.47,1
2008-09-30 04:01:00,6.35,-0.01,48.81,0.02,16.35,9.4,14.48,7.58,-5606.25,68.09,0
2008-09-30 04:42:00,6.28,-0.01,37.03,0.02,19.14,8.64,2.43,5.39,-5631.25,71.41,0
2008-09-30 08:44:00,5.64,-0.01,35.11,0.03,14.64,10.98,18.36,5.73,-5632.0,72.72,0
2008-09-30 12:31:00,-3.78,-0.01,62.64,0.02,5.89,9.44,5.54,4.84,-5468.0,72.29,0
2008-09-30 13:29:00,-1.95,-0.01,62.44,0.02,22.52,10.5,18.63,5.47,-5400.5,75.89,0
2008-09-30 14:20:00,1.33,-0.0,70.47,0.03,22.84,11.44,6.48,7.87,-5651.25,75.66,0
2008-09-30 14:36:00,0.15,-0.01,32.13,0.03,17.4,10.56,8.01,2.08,-5528.5,72.78,0
2008-09-30 15:16:00,-1.31,-0.01,30.32,0.03,7.13,9.05,11.05,3.59,-5863.0,68.36,0
2008-09-30 15:26:00,-1.86,-0.01,52.79,0.02,14.77,15.98,16.98,5.01,-5631.75,77.34,0
2008-09-30 16:13:00,3.43,-0.01,47.06,0.02,17.07,16.08,19.14,5.17,-5773.0,75.26,0
2008-09-30 16:50:00,3.18,-0.01,43.92,0.02,3.09,7.36,10.62,10.08,-5520.25,75.37,0
2008-09-30 17:27:00,-2.36,-0.01,33.27,0.02,7.22,16.04,11.47,7.02,-5511.0,68.2,0
2008-09-30 19:17:00,2.34,-0.01,40.0,0.02,20.29,19.41,8.99,4.35,-5437.25,76.32,0
2008-09-30 19:17:00,-6.03,-0.01,63.16,0.02,12.73,7.25,8.5,3.42,-5318.5,74.01,0
2008-09-30 21:39:00,0.2,-0.01,68.35,0.02,1.63,5.88,10.55,3.69,-5145.25,68.77,0
2008-09-30 21:42:00,2.07,-0.01,32.0,0.02,7.19,2.26,3.82,5.88,-5605.0,73.5,0
2008-09-30 23:34:00,,-0.01,104.85,0.02,15.13,11.27,13.29,7.5,-5561.75,72.6,0
2008-09-30 23:58:00,0.24,-0.01,65.73,0.02,6.82,13.34,6.71,6.36,-5050.25,66.21,0
2008-01-10 00:20:00,-3.01,-0.01,47.24,0.02,30.45,10.38,28.67,2.17,-5190.0,75.27,0
2008-01-10 01:11:00,1.28,-0.01,39.15,0.02,8.9,7.84,6.95,2.1,-5191.5,68.07,0
2008-01-10 02:53:00,2.2,-0.01,31.88,0.02,20.32,13.36,3.91,4.06,-5422.25,69.16,0
2008-01-10 05:56:00,-3.01,-0.01,52.84,0.02,17.96,9.29,15.4,4.38,-5459.75,70.87,1
2008-01-10 07:19:00,-1.1,-0.01,44.44,0.02,25.17,16.39,21.72,5.78,-5705.5,73.2,0
2008-01-10 07:28:00,-2.03,-0.01,77.47,0.01,11.62,9.02,17.37,4.61,-5912.0,75.32,0
2008-01-10 08:15:00,-6.65,-0.01,42.22,0.02,10.69,7.96,5.61,7.15,-5441.25,70.98,0
2008-01-10 09:15:00,-0.55,-0.01,50.29,0.02,3.44,10.67,19.49,1.78,-5711.75,69.78,0
2008-01-10 09:16:00,-7.15,-0.01,52.79,0.02,8.52,10.81,13.62,6.13,-5545.25,67.17,0
2008-01-10 14:22:00,-6.38,-0.01,66.67,0.03,16.54,7.92,7.73,2.88,-5316.25,69.63,0
2008-01-10 15:16:00,-0.15,-0.01,62.5,0.02,27.1,13.95,16.11,6.86,-5560.25,74.07,0
2008-01-10 16:43:00,-1.43,-0.01,41.35,0.01,6.57,3.74,17.88,4.73,-5357.25,67.27,0
2008-01-10 19:57:00,-5.65,-0.01,58.9,0.03,6.01,13.82,6.55,4.35,-5100.0,73.06,0
2008-01-10 21:15:00,0.66,-0.01,42.92,0.02,11.0,10.37,13.26,3.88,-5498.75,73.81,0
2008-01-10 21:50:00,-1.97,-0.01,53.33,0.02,4.63,11.11,10.86,2.03,-5597.75,74.07,0
2008-01-10 22:47:00,5.07,-0.01,43.95,0.02,8.2,12.6,29.66,4.55,-5138.5,67.44,0
2008-01-10 23:34:00,-0.51,-0.01,35.74,0.02,23.49,12.99,16.66,2.77,-5552.0,67.79,0
2008-02-10 00:21:00,4.16,-0.01,55.0,0.02,31.7,13.55,3.89,2.86,-5523.25,67.39,0
2008-02-10 00:22:00,3.14,-0.01,43.66,0.03,29.03,18.4,13.78,6.29,-5609.5,73.52,0
2008-02-10 03:17:00,3.87,-0.01,210.6,0.02,13.67,11.36,13.04,4.76,-5261.25,71.49,1
2008-02-10 03:27:00,-5.41,-0.01,72.31,0.02,12.07,13.87,7.56,8.3,-5370.5,70.04,0
2008-02-10 04:11:00,-0.68,-0.01,47.38,0.02,16.1,9.37,14.34,5.73,-5215.5,68.08,0
2008-02-10 04:23:00,4.69,-0.01,52.5,0.02,12.75,7.28,12.66,6.02,-5743.25,72.47,0
2008-02-10 04:24:00,0.77,-0.01,23.89,0.02,12.48,7.99,9.24,3.21,-5398.0,75.97,0
2008-02-10 06:49:00,-0.71,-0.01,44.0,0.03,17.54,12.34,22.34,6.6,-4995.75,67.17,0
2008-02-10 07:35:00,3.15,-0.01,59.5,0.01,16.76,6.25,4.62,6.59,-5672.0,68.46,0
2008-02-10 07:58:00,,-0.01,68.57,0.02,11.46,8.16,13.95,4.72,-5521.0,69.53,0
2008-02-10 08:24:00,-3.89,-0.01,28.61,0.02,16.13,15.23,13.36,9.1,-5627.25,74.54,0
2008-02-10 08:52:00,-6.88,-0.01,76.12,0.02,17.44,5.34,20.82,1.2,-5729.5,70.96,0
2008-02-10 08:57:00,-0.4,-0.01,50.97,0.02,16.22,12.75,12.29,5.03,-5346.25,67.02,0
2008-02-10 09:10:00,0.14,-0.01,28.5,0.02,23.74,12.77,10.86,4.1,-5129.25,71.88,1
2008-02-10 09:42:00,0.55,-0.01,29.46,0.02,28.82,7.79,16.53,1.32,-5341.5,76.33,0
2008-02-10 10:03:00,3.26,-0.01,68.01,0.03,12.5,7.95,12.7,8.93,-5290.5,68.2,0
2008-02-10 14:07:00,0.85,-0.01,56.35,0.02,10.95,4.33,6.63,1.23,-5475.5,70.56,1
2008-02-10 14:10:00,-5.71,-0.01,95.86,0.12,13.09,8.39,3.9,3.58,-5333.0,68.08,1
2008-02-10 14:54:00,3.07,-0.01,34.67,0.02,16.76,18.5,16.0,7.19,-5524.5,73.67,0
2008-02-10 15:10:00,4.94,-0.01,39.71,0.02,8.43,12.83,19.36,4.43,-5324.5,69.07,0
2008-02-10 15:44:00,2.87,-0.01,27.13,0.02,14.53,10.16,4.52,3.71,-5662.0,69.93,0
2008-02-10 15:58:00,-0.63,-0.01,24.51,0.03,13.73,3.12,11.48,2.58,-5826.0,71.83,0
2008-02-10 16:32:00,-1.44,-0.01,26.05,0.02,11.92,6.13,5.54,5.73,-5219.5,68.43,0
2008-02-10 16:58:00,3.71,-0.01,44.96,0.02,24.38,14.72,22.52,8.94,-5329.75,73.69,0
2008-02-10 17:00:00,1.04,-0.01,36.81,0.02,13.33,9.29,14.25,1.12,-5621.0,72.38,0
2008-02-10 17:19:00,-3.09,-0.01,81.32,0.02,9.59,4.16,12.42,2.65,-5248.75,68.72,0
2008-02-10 19:21:00,-1.41,-0.01,45.56,0.02,12.91,11.97,22.12,8.14,-5329.0,70.17,0
2008-02-10 19:25:00,-0.02,-0.01,49.93,0.02,13.51,4.1,18.3,7.01,-5759.5,73.28,0
2008-02-10 20:54:00,2.93,-0.01,52.02,0.03,14.75,18.97,42.84,5.18,-5345.25,68.43,0
2008-02-10 21:32:00,3.89,-0.01,33.29,0.04,7.02,9.42,16.14,6.02,-5469.5,67.8,1
2008-02-10 21:33:00,-3.57,-0.01,62.01,0.02,40.98,19.38,19.14,5.19,-5867.5,70.84,0
2008-02-10 22:23:00,0.16,-0.01,35.29,0.02,15.12,2.25,20.95,8.01,-5326.5,68.24,0
2008-02-10 22:33:00,1.79,-0.01,34.06,0.02,28.89,16.18,11.47,7.7,-5224.25,70.02,0
2008-02-10 23:32:00,-2.48,-0.01,49.25,0.02,18.14,8.68,4.34,6.29,-5719.0,72.01,0
2008-02-10 23:32:00,0.67,-0.01,60.5,0.02,12.19,8.78,31.54,8.65,-5432.0,70.26,0
2008-03-10 00:24:00,1.73,-0.01,21.84,0.02,8.9,13.05,4.12,4.08,-5242.75,67.42,0
2008-03-10 00:55:00,1.86,-0.01,61.87,0.02,28.29,20.18,15.53,5.41,-5603.75,74.66,0
2008-03-10 02:41:00,2.51,-0.01,29.68,0.02,16.6,7.56,12.58,4.0,-5294.5,73.9,0
2008-03-10 03:52:00,1.98,-0.01,40.0,0.02,16.66,6.37,10.82,2.75,-5575.0,71.6,0
2008-03-10 03:56:00,3.31,-0.01,34.47,0.02,19.16,9.57,2.25,5.59,-5544.0,68.0,0
2008-03-10 04:49:00,-2.1,-0.01,77.01,0.03,18.37,7.21,14.6,5.63,-5224.5,67.92,0
2008-03-10 05:01:00,0.79,-0.01,64.38,0.02,25.52,6.9,10.76,4.62,-5307.75,70.18,0
2008-03-10 05:45:00,0.96,-0.01,63.44,0.02,9.0,11.93,7.91,9.75,-5663.5,68.59,0
2008-03-10 06:15:00,0.22,-0.01,73.52,0.02,5.19,12.42,15.7,4.9,-5542.75,72.97,0
2008-03-10 08:35:00,3.48,-0.01,49.18,0.03,10.37,11.43,19.27,1.8,-5709.75,68.71,0
2008-03-10 09:30:00,-0.19,-0.01,46.36,0.02,17.96,18.87,15.32,3.46,-5834.75,72.76,0
2008-03-10 11:40:00,-5.55,-0.01,39.62,0.02,13.65,17.34,6.26,4.65,-5477.0,70.53,0
2008-03-10 12:31:00,0.8,-0.01,41.86,0.02,19.83,12.97,13.3,2.96,-5241.5,67.69,0
2008-03-10 18:45:00,1.5,-0.01,51.33,0.02,10.28,14.69,15.19,1.01,-5095.0,69.42,0
2008-03-10 19:23:00,-0.34,-0.01,46.49,0.01,8.28,9.43,22.8,4.22,-5356.25,67.56,0
2008-03-10 19:23:00,-7.14,-0.01,47.22,0.02,26.36,12.35,4.08,3.44,-5270.0,68.0,0
2008-03-10 20:11:00,-4.72,-0.01,21.55,0.02,11.22,10.01,33.12,5.51,-5247.5,70.23,0
2008-03-10 20:26:00,0.94,-0.01,38.68,0.02,20.92,2.97,15.1,5.7,-5445.25,70.42,0
2008-03-10 20:35:00,1.88,-0.01,136.92,0.02,15.45,7.61,8.2,6.65,-5461.0,74.71,0
2008-03-10 20:46:00,-3.34,-0.01,50.17,0.02,15.89,2.73,9.65,6.39,-5422.25,68.61,0
2008-03-10 21:15:00,0.69,-0.01,108.02,0.03,25.03,11.48,19.21,7.85,-5294.5,69.41,0
2008-03-10 21:52:00,-3.6,-0.01,74.42,0.03,21.95,13.07,7.28,3.74,-5264.5,69.52,0
2008-03-10 22:08:00,1.2,-0.01,51.04,0.02,16.73,9.34,14.45,9.43,-5612.25,74.09,0
2008-03-10 22:53:00,1.59,-0.01,41.24,0.03,8.04,3.24,7.49,1.7,-5407.25,69.38,0
2008-03-10 23:46:00,-6.06,-0.01,68.03,0.02,22.14,9.31,12.99,4.07,-5517.75,72.28,0
2008-04-10 00:58:00,2.59,-0.01,50.15,0.04,10.36,7.42,11.36,2.37,-5767.75,71.1,0
2008-04-10 01:49:00,-1.88,-0.01,46.41,0.02,20.4,6.36,18.87,3.22,-5733.0,68.79,0
2008-04-10 02:36:00,-3.78,-0.01,56.25,0.02,35.09,5.53,11.22,2.72,-5454.0,68.86,0
2008-04-10 03:53:00,-2.15,-0.01,33.58,0.02,14.97,8.1,3.61,5.55,-5320.5,66.29,0
2008-04-10 04:12:00,0.8,-0.01,73.67,0.03,25.43,15.57,45.93,6.49,-5802.25,70.39,0
2008-04-10 04:45:00,-1.36,-0.01,35.81,0.01,19.37,9.59,15.86,2.66,-5241.0,70.47,0
2008-04-10 09:29:00,-3.14,-0.01,44.04,0.02,25.39,8.11,5.01,5.43,-5529.25,72.56,0
2008-04-10 15:16:00,0.32,-0.01,58.86,0.1,28.3,5.45,10.83,8.12,-5390.0,68.13,0
2008-04-10 16:58:00,-9.77,-0.01,59.26,0.02,10.56,8.52,17.33,7.11,-5400.0,71.1,0
2008-04-10 18:15:00,2.7,-0.01,47.33,0.03,6.02,8.97,19.15,1.89,-5400.25,74.31,0
2008-04-10 18:25:00,-3.71,-0.01,25.26,0.03,20.17,6.47,9.99,3.02,-5194.75,76.23,0
2008-04-10 18:59:00,-2.66,-0.01,44.38,0.03,22.32,19.25,8.51,6.23,-5371.5,69.96,0
2008-04-10 19:12:00,-7.87,-0.01,89.8,0.02,19.97,10.39,11.4,2.32,-4992.75,67.99,0
2008-04-10 19:47:00,-1.99,-0.01,64.17,0.02,17.91,11.9,17.53,5.57,-5526.5,69.62,0
2008-04-10 19:54:00,-5.89,-0.01,42.16,0.02,17.31,11.54,8.99,5.61,-5295.25,69.29,0
2008-04-10 20:39:00,4.36,-0.02,29.91,0.03,12.31,11.23,19.87,6.0,-5426.0,68.37,0
2008-04-10 22:06:00,-7.67,-0.01,35.81,0.02,10.7,7.65,14.77,4.47,-5186.25,68.57,0
2008-04-10 23:18:00,1.17,-0.01,41.03,0.02,18.38,9.43,10.93,6.48,-5389.5,65.09,1
2008-05-10 00:33:00,8.15,-0.01,51.81,0.03,10.85,5.91,15.78,5.45,-5233.75,66.01,1
2008-05-10 00:33:00,1.65,-0.01,86.13,0.02,17.78,11.35,19.63,4.17,-5633.5,70.64,0
2008-05-10 01:35:00,-1.42,-0.01,65.61,0.03,10.5,10.14,15.18,5.88,-5619.5,67.14,0
2008-05-10 04:01:00,0.1,-0.01,29.75,0.02,22.94,13.4,9.82,6.28,-5357.5,69.27,0
2008-05-10 04:20:00,7.1,-0.01,54.16,0.02,12.26,14.16,8.24,1.54,-5070.75,70.37,0
2008-05-10 04:48:00,1.53,-0.01,31.09,0.01,7.26,8.81,19.13,1.57,-5421.75,71.16,0
2008-05-10 05:31:00,1.86,-0.01,46.11,0.02,9.56,10.47,7.38,2.32,-5311.25,73.14,0
2008-05-10 05:53:00,0.23,-0.01,38.59,0.02,9.05,3.58,42.23,3.62,-5207.25,68.62,0
2008-05-10 06:15:00,1.05,-0.01,64.12,0.02,22.65,18.5,9.53,5.92,-5594.5,70.58,0
2008-05-10 08:02:00,-1.03,-0.01,22.29,0.01,9.68,9.2,16.84,4.14,-5349.25,69.01,0
2008-05-10 08:40:00,-1.04,-0.01,43.39,0.02,17.27,4.43,20.35,7.54,-5337.75,70.68,0
2008-05-10 09:04:00,0.6,-0.01,35.24,0.02,7.07,9.71,13.53,5.98,-5424.5,69.03,0
2008-05-10 09:47:00,0.43,-0.01,73.25,0.02,9.72,9.59,7.72,3.46,-5092.25,70.53,0
2008-05-10 10:00:00,1.33,-0.01,31.61,0.02,11.64,15.35,19.41,3.61,-5440.5,67.86,0
2008-05-10 10:43:00,-3.42,-0.01,52.7,0.03,6.48,5.69,18.55,3.94,-5412.75,72.86,0
2008-05-10 11:05:00,0.18,-0.01,43.69,0.02,27.26,12.9,13.56,3.76,-5731.25,68.61,0
2008-05-10 11:30:00,-1.73,-0.01,40.97,0.02,18.01,19.22,3.65,7.95,-5200.25,71.79,0
2008-05-10 12:03:00,-6.74,-0.01,41.54,0.02,23.74,11.49,5.1,2.61,-5415.25,69.24,0
2008-05-10 12:17:00,-3.19,-0.01,40.79,0.02,11.06,12.89,8.09,6.13,-5156.5,73.08,0
2008-05-10 13:49:00,2.79,-0.01,56.04,0.02,32.16,11.0,5.87,3.97,-5419.75,73.12,0
2008-05-10 14:34:00,3.64,-0.01,63.65,0.03,14.49,14.64,22.72,4.12,-5470.0,71.09,0
2008-05-10 15:30:00,1.07,-0.01,84.4,0.02,13.06,12.6,15.18,1.45,-5645.0,75.23,1
2008-05-10 15:35:00,-1.87,-0.01,31.08,0.02,12.61,8.48,17.17,2.25,-5399.75,70.67,1
2008-05-10 16:15:00,5.73,-0.01,60.64,0.02,15.27,16.82,29.81,6.2,-5280.25,70.94,0
2008-05-10 16:37:00,-4.05,-0.01,65.41,0.01,24.7,9.18,13.47,7.79,-4921.0,69.96,1
2008-05-10 16:49:00,-2.54,-0.01,107.52,0.03,23.85,15.25,18.74,6.45,-5554.25,71.07,1
2008-05-10 18:46:00,-6.65,-0.01,30.55,0.02,23.61,9.76,8.27,2.27,-5284.0,70.08,1
2008-05-10 18:59:00,1.05,-0.01,31.09,0.02,7.92,8.49,8.69,2.97,-5396.75,70.36,0
2008-05-10 19:45:00,-0.81,-0.01,21.96,0.02,12.86,13.31,6.75,2.78,-5048.5,69.03,0
2008-05-10 20:12:00,-5.15,-0.01,39.27,0.02,31.47,15.01,7.27,3.45,-5489.75,74.38,0
2008-05-10 20:30:00,6.26,-0.01,29.26,0.02,28.95,15.14,6.91,0.3,-5673.5,72.37,0
2008-05-10 22:13:00,-4.89,-0.01,35.71,0.03,13.06,8.2,14.81,5.05,-5652.0,72.04,0
2008-06-10 00:41:00,-2.15,-0.01,65.92,0.02,12.96,8.08,14.69,3.92,-5467.75,74.86,0
2008-06-10 01:25:00,-1.97,-0.01,27.87,0.03,31.53,15.62,13.41,2.81,-5377.0,74.92,0
2008-06-10 01:27:00,0.7,-0.01,36.23,0.03,5.76,4.94,22.84,5.88,-5311.0,76.49,0
2008-06-10 01:30:00,-2.71,-0.01,16.31,0.02,25.74,10.17,17.97,8.13,-5425.5,74.09,0
2008-06-10 02:44:00,-5.24,-0.01,34.89,0.02,3.78,6.01,11.93,5.62,-5439.25,74.96,0
2008-06-10 02:49:00,-2.81,-0.01,48.57,0.03,16.9,10.92,9.31,3.11,-5361.75,74.6,0
2008-06-10 03:31:00,-4.66,-0.01,38.95,0.02,21.06,9.49,14.24,4.76,-5506.5,67.63,0
2008-06-10 03:50:00,-1.15,-0.01,33.8,0.02,6.27,9.11,11.32,1.64,-5475.5,70.54,1
2008-06-10 03:57:00,3.13,-0.01,53.23,0.05,15.13,12.69,16.59,3.59,-5486.5,70.04,1
2008-06-10 04:26:00,3.68,-0.01,32.97,0.02,14.99,4.39,5.57,6.17,-5546.0,70.4,0
2008-06-10 05:21:00,5.17,-0.01,48.4,0.02,5.02,10.93,5.98,6.63,-5285.0,74.53,0
2008-06-10 05:24:00,-1.3,-0.01,54.82,0.03,12.32,13.53,13.21,3.67,-5312.75,70.88,0
2008-06-10 06:11:00,3.81,-0.01,69.78,0.01,18.71,10.65,11.06,6.97,-5260.25,72.84,0
2008-06-10 06:26:00,2.05,-0.01,60.66,0.03,16.71,15.42,15.83,2.46,-5445.25,67.98,0
2008-06-10 06:49:00,0.63,-0.01,59.02,0.02,6.77,12.1,12.06,6.31,-5431.75,76.93,0
2008-06-10 07:12:00,1.7,-0.01,44.2,0.03,16.79,12.55,10.45,7.81,-5483.0,75.89,0
2008-06-10 07:17:00,-1.78,-0.01,21.83,0.03,31.7,11.56,27.19,14.71,-5149.0,76.38,0
2008-06-10 07:35:00,-2.24,-0.01,33.7,0.03,17.2,8.86,13.71,5.92,-5398.75,74.44,0
2008-06-10 07:38:00,-4.96,-0.01,23.05,0.03,9.29,10.18,25.62,4.8,-5238.0,69.67,0
2008-06-10 08:24:00,-2.03,-0.01,33.03,0.02,5.56,5.65,19.23,4.83,-5305.25,68.46,0
2008-06-10 08:57:00,-1.87,-0.01,23.76,0.02,8.86,12.24,13.11,0.85,-5516.5,76.66,0
2008-06-10 09:11:00,3.76,-0.01,44.35,0.03,22.74,10.98,7.78,2.72,-5206.0,69.03,0
2008-06-10 09:57:00,-4.86,-0.01,35.65,0.03,23.05,14.32,66.44,7.19,-4977.5,74.08,0
2008-06-10 10:07:00,-0.11,-0.01,31.92,0.02,8.62,12.8,10.62,8.73,-5404.5,70.19,0
2008-06-10 11:51:00,-3.93,-0.01,53.5,0.02,15.65,6.99,15.53,6.49,-5241.0,69.96,0
2008-06-10 12:39:00,-3.54,-0.01,51.53,0.03,21.02,6.72,21.32,4.75,-5393.5,67.09,0
2008-06-10 12:42:00,-5.68,-0.01,26.49,0.02,9.02,16.72,12.0,7.42,-5422.75,71.0,0
2008-06-10 13:08:00,2.42,-0.01,25.49,0.02,17.35,17.1,45.92,5.04,-5130.75,73.37,0
2008-06-10 13:38:00,-0.31,-0.01,63.56,0.04,21.8,12.16,14.91,7.18,-5392.25,70.16,1
2008-06-10 13:55:00,-0.03,-0.01,46.88,0.03,13.06,11.45,13.56,8.09,-5390.0,70.26,1
2008-06-10 15:00:00,-1.22,-0.01,45.58,0.02,21.48,21.58,26.75,6.69,-5274.25,73.08,1
2008-06-10 15:01:00,1.81,-0.01,45.4,0.03,16.62,11.24,23.3,5.1,-5043.5,75.58,0
2008-06-10 15:52:00,1.21,-0.01,16.56,0.03,25.12,7.18,7.03,4.47,-5547.5,74.96,0
2008-06-10 16:42:00,-2.59,-0.01,44.44,0.04,7.35,8.34,24.55,7.74,-5294.5,74.7,0
2008-06-10 16:50:00,-2.91,-0.01,24.58,0.02,20.47,19.69,8.21,3.65,-5259.25,67.2,0
2008-06-10 17:26:00,-3.24,-0.01,30.23,0.04,27.46,13.05,22.96,2.6,-5395.5,76.3,0
2008-06-10 17:26:00,-3.63,-0.01,40.23,0.02,14.01,13.82,14.71,7.17,-5573.75,72.42,0
2008-06-10 17:35:00,-3.99,-0.01,53.58,0.03,6.43,6.08,19.25,5.79,-5487.0,77.9,0
2008-06-10 18:54:00,-2.36,-0.01,38.82,0.02,15.04,8.05,5.93,7.0,-5364.75,67.02,0
2008-06-10 18:55:00,4.73,-0.01,50.87,0.02,17.15,17.95,22.05,3.4,-5464.5,69.11,0
2008-06-10 19:42:00,-3.2,-0.01,45.05,0.03,8.45,5.8,8.13,6.77,-5362.5,68.43,0
2008-06-10 20:02:00,-1.5,-0.01,25.56,0.03,13.22,8.2,7.16,4.83,-5378.0,73.31,0
2008-06-10 20:36:00,9.0,-0.01,35.45,0.02,7.97,13.05,16.61,3.51,-5339.75,74.98,0
2008-06-10 20:47:00,-0.41,-0.01,63.01,0.02,13.18,7.84,9.52,7.76,-5492.75,70.22,0
2008-06-10 21:46:00,-6.5,-0.01,37.42,0.02,11.39,11.15,20.57,8.4,-5342.0,67.48,0
2008-06-10 21:48:00,-3.77,-0.01,24.22,0.03,12.19,9.58,14.51,5.82,-5656.75,72.46,0
2008-06-10 22:37:00,3.37,-0.01,52.13,0.03,20.71,11.28,11.55,2.33,-5522.0,74.01,0
2008-06-10 23:03:00,1.34,-0.01,61.4,0.03,3.34,17.01,19.93,3.24,-5302.75,76.66,0
2008-07-10 01:46:00,-3.43,-0.01,27.13,0.03,10.06,5.66,1.84,3.85,-5482.75,73.62,0
2008-07-10 03:29:00,-3.87,-0.01,46.55,0.03,2.3,5.96,2.17,2.24,-6496.75,73.13,0
2008-07-10 03:39:00,4.93,-0.01,62.94,0.03,12.01,10.78,10.89,2.39,-5519.25,68.41,0
2008-07-10 07:32:00,1.19,-0.01,65.94,0.04,17.03,12.46,8.5,7.93,-5414.25,69.87,0
2008-07-10 07:41:00,-2.31,-0.01,55.59,0.01,3.7,31.22,5.49,41.07,-6553.5,75.29,0
2008-07-10 08:25:00,-3.06,-0.01,44.25,0.01,17.44,14.37,24.44,5.57,-5711.75,76.6,0
2008-07-10 08:26:00,-1.99,-0.01,33.19,0.02,2.65,7.4,15.7,3.27,-5477.0,76.5,0
2008-07-10 09:11:00,3.17,-0.01,34.17,0.02,17.63,6.43,9.06,3.34,-5694.25,68.67,0
2008-07-10 09:20:00,1.83,-0.01,51.39,0.03,10.59,7.67,21.58,7.0,-5946.25,74.17,0
2008-07-10 09:59:00,-4.92,-0.01,23.84,0.02,43.84,8.49,20.45,3.51,-5540.0,74.89,0
2008-07-10 10:04:00,-2.33,-0.01,32.69,0.02,18.57,11.38,13.56,8.24,-5418.75,76.06,0
2008-07-10 10:10:00,-6.26,-0.01,68.66,0.02,11.06,2.95,29.44,6.36,-5587.5,75.36,0
2008-07-10 10:51:00,-0.46,-0.01,29.82,0.02,6.36,9.38,14.7,3.33,-5524.25,77.22,0
2008-07-10 11:15:00,-0.28,-0.01,41.07,0.02,6.36,9.04,5.54,2.73,-6370.0,73.18,0
2008-07-10 11:16:00,4.74,-0.01,53.48,0.02,8.7,12.41,22.39,3.41,-5403.5,70.43,0
2008-07-10 11:36:00,-6.49,-0.01,38.63,0.03,10.59,5.09,11.11,7.14,-5573.75,68.9,0
2008-07-10 12:40:00,-3.96,-0.01,24.34,0.01,5.21,6.39,18.29,4.73,-4958.5,77.12,0
2008-07-10 13:10:00,-2.49,-0.01,68.8,0.22,17.63,9.22,16.96,7.56,-5247.0,68.7,1
2008-07-10 13:48:00,-0.53,-0.01,47.72,0.02,13.23,7.71,25.16,4.35,-5442.25,68.87,0
2008-07-10 14:35:00,-7.81,-0.01,22.36,0.03,15.91,5.94,26.67,3.23,-5441.0,74.61,0
2008-07-10 16:32:00,-2.98,-0.01,62.67,0.02,9.51,14.21,11.95,4.7,-5597.5,73.36,0
2008-07-10 17:06:00,0.32,-0.01,32.21,0.02,9.85,9.94,9.96,6.27,-5399.5,68.24,0
2008-07-10 17:28:00,-3.46,-0.01,44.49,0.02,16.88,17.21,19.28,4.55,-5429.25,74.14,0
2008-07-10 18:39:00,-3.44,-0.01,49.45,0.02,29.12,21.91,10.57,6.75,-5650.5,74.1,0
2008-07-10 19:24:00,-3.56,-0.01,57.07,0.02,19.85,16.05,25.99,3.67,-5168.25,75.44,0
2008-07-10 20:19:00,2.68,-0.01,32.86,0.03,14.94,11.43,9.2,5.29,-5226.25,70.77,0
2008-07-10 20:39:00,1.78,-0.01,32.75,0.03,4.58,8.4,3.95,4.19,-6456.75,72.62,0
2008-07-10 20:48:00,-1.46,-0.01,25.38,0.03,26.32,26.54,35.41,6.82,-5362.75,72.98,0
2008-08-10 04:47:00,-5.43,-0.01,27.76,0.02,17.72,2.26,34.25,7.2,-5313.75,73.62,0
2008-08-10 05:35:00,-1.46,-0.01,38.66,0.02,16.1,13.98,25.91,5.16,-5689.0,74.72,0
2008-08-10 05:38:00,-4.8,-0.01,46.41,0.02,6.5,8.64,29.86,4.35,-5398.75,77.12,0
2008-08-10 06:25:00,-2.67,-0.01,48.68,0.02,16.11,7.01,14.02,4.66,-5284.5,77.06,0
2008-08-10 07:10:00,-2.26,-0.01,34.91,0.02,13.53,12.52,11.08,4.68,-5657.5,72.23,0
2008-08-10 07:13:00,-1.85,-0.01,28.31,0.01,6.01,7.52,4.21,3.43,-6349.25,73.86,0
2008-08-10 07:16:00,-1.97,-0.01,97.82,0.02,10.19,7.48,23.24,4.11,-5231.5,67.01,0
2008-08-10 09:01:00,-4.57,-0.01,48.48,0.02,1.94,7.78,3.05,3.29,-6461.0,73.07,0
2008-08-10 09:06:00,-0.57,-0.01,37.98,0.02,37.64,8.24,17.23,6.91,-6106.25,68.76,0
2008-08-10 10:37:00,-2.1,-0.01,40.89,0.02,7.62,6.53,9.02,3.91,-6504.75,69.22,0
2008-08-10 12:11:00,-5.16,-0.01,40.34,0.02,14.0,11.73,8.7,6.87,-5553.0,74.67,0
2008-08-10 13:35:00,1.77,-0.01,69.24,0.02,14.35,11.09,5.28,6.38,-5187.0,70.79,0
2008-08-10 13:38:00,-0.34,-0.01,30.97,0.03,28.22,6.79,12.92,2.91,-5254.25,72.67,0
2008-08-10 14:48:00,2.82,-0.01,29.04,0.02,16.93,10.92,4.21,7.21,-5514.75,71.56,0
2008-08-10 15:37:00,3.63,-0.01,21.53,0.03,26.65,16.22,4.86,6.77,-5594.75,70.89,0
2008-08-10 16:26:00,0.23,-0.01,37.28,0.03,26.26,9.32,21.54,7.79,-5329.75,67.49,0
2008-08-10 17:14:00,-5.83,-0.01,34.41,0.02,22.88,17.83,10.71,7.15,-5432.25,67.72,0
2008-08-10 17:31:00,-3.49,-0.01,35.46,0.02,9.61,8.81,2.1,1.71,-5431.25,69.48,0
2008-08-10 17:41:00,-5.33,-0.01,40.43,0.02,5.75,9.09,9.83,4.81,-5636.0,73.07,0
2008-08-10 18:22:00,-2.13,-0.01,29.9,0.01,2.35,34.46,2.04,30.79,-6376.25,72.86,0
2008-08-10 20:27:00,-5.74,-0.01,44.88,0.01,21.59,11.39,13.51,5.93,-5337.25,68.27,0
2008-08-10 21:19:00,0.21,-0.01,39.6,0.02,6.16,5.31,6.77,2.33,-6517.75,72.98,0
2008-08-10 21:45:00,-2.82,-0.01,29.85,0.01,14.48,11.16,12.75,6.43,-5552.25,74.29,0
2008-08-10 22:08:00,-4.93,-0.01,67.69,0.02,8.92,6.46,11.78,11.36,-5731.5,67.43,0
2008-08-10 23:13:00,3.14,-0.01,43.01,0.02,43.23,16.82,32.84,2.96,-5313.5,69.66,0
2008-08-10 23:50:00,7.71,-0.01,29.73,0.01,9.78,4.17,11.38,2.91,-5282.25,67.78,0
2008-09-10 00:23:00,-3.18,-0.01,51.11,0.01,14.83,17.11,21.52,8.78,-5418.25,74.59,0
2008-09-10 04:34:00,-5.16,-0.01,38.51,0.02,3.34,35.85,5.34,38.03,-6333.25,73.38,1
2008-09-10 06:06:00,-3.51,-0.01,42.77,0.02,24.9,9.69,7.99,7.24,-5497.5,72.11,0
2008-09-10 07:38:00,-1.05,-0.01,42.06,0.01,29.91,13.23,19.02,5.83,-5564.0,72.19,0
2008-09-10 14:15:00,-4.25,-0.01,42.22,0.02,26.89,14.6,24.77,8.25,-5264.5,74.88,0
2008-09-10 15:04:00,2.31,-0.01,32.29,0.03,6.53,7.89,9.93,4.27,-6475.5,72.06,0
2008-09-10 15:55:00,-6.25,-0.01,36.99,0.03,20.95,13.54,8.78,0.3,-5274.25,73.3,1
2008-09-10 15:56:00,-2.5,-0.01,174.1,0.02,4.63,5.91,8.27,2.84,-6623.75,70.57,0
2008-10-10 10:05:00,4.17,-0.01,39.63,0.02,13.94,10.06,16.31,4.76,-5187.25,68.09,0
2008-10-10 10:46:00,-0.45,-0.01,48.03,0.02,18.41,10.2,23.57,4.78,-5384.5,67.12,0
2008-10-10 10:53:00,-2.11,-0.01,44.05,0.02,14.87,13.01,8.45,3.12,-5158.75,70.98,0
2008-10-10 12:30:00,-0.77,-0.01,22.88,0.03,7.01,6.59,2.83,3.71,-5379.0,72.07,0
2008-10-10 15:33:00,0.43,-0.01,44.27,0.02,22.49,14.98,8.02,6.44,-5311.75,69.2,0
2008-10-10 15:50:00,2.99,-0.01,38.02,0.03,18.42,4.99,17.21,3.68,-5211.0,69.37,0
2008-10-10 20:02:00,-3.72,-0.01,40.27,0.03,18.43,11.75,9.83,4.27,-6194.0,69.88,0
2008-10-10 21:03:00,-1.48,-0.01,39.5,0.02,30.19,13.65,43.31,7.1,-4416.5,72.98,0
2008-10-10 21:07:00,0.29,-0.01,24.27,0.03,4.69,8.41,2.95,3.29,-6451.0,72.98,0
2008-10-10 21:16:00,5.62,-0.01,29.91,0.02,5.39,6.98,6.37,2.59,-6358.25,72.39,0
2008-11-10 02:55:00,5.52,-0.01,33.48,0.03,4.3,6.76,6.77,2.78,-6422.5,74.43,0
2008-11-10 06:56:00,2.26,-0.01,39.88,0.03,19.92,12.22,13.19,8.14,-5641.0,72.82,0
2008-11-10 07:38:00,2.39,-0.01,36.43,0.02,4.82,9.66,13.57,4.2,-6464.25,74.3,0
2008-11-10 07:39:00,-2.8,-0.01,30.73,0.03,16.27,11.09,8.82,2.41,-5362.5,72.71,0
2008-11-10 07:42:00,-0.09,-0.01,41.47,0.03,8.43,3.85,18.84,8.89,-5249.25,68.08,0
2008-11-10 08:27:00,-0.25,-0.01,75.03,0.03,12.5,7.48,27.61,7.35,-5295.25,68.31,0
2008-11-10 14:43:00,-1.79,-0.01,27.06,0.02,11.03,8.44,21.27,4.7,-5290.25,73.44,0
2008-11-10 15:33:00,1.6,-0.01,28.19,0.02,1.7,6.63,2.14,3.12,-6586.0,69.62,0
2008-11-10 16:25:00,-2.86,-0.01,32.73,0.01,5.8,4.91,7.97,1.83,-6553.0,68.56,0
2008-11-10 23:16:00,-10.68,-0.01,24.4,0.02,5.45,8.22,5.1,2.59,-6373.5,69.9,0
2008-11-10 23:58:00,-0.56,-0.01,53.95,0.02,1.24,5.8,4.17,2.39,-6548.25,68.37,0
2008-12-10 00:57:00,-2.96,-0.01,17.7,0.01,7.35,10.16,21.84,7.47,-5426.0,72.32,0
2008-12-10 01:50:00,1.48,-0.01,23.84,0.04,16.67,7.78,11.28,3.16,-5257.0,70.5,0
2008-12-10 02:59:00,1.25,-0.01,50.78,0.04,2.66,7.35,3.07,2.78,-6473.25,70.33,0
2008-12-10 03:21:00,0.01,-0.01,27.89,0.03,3.77,5.61,9.09,7.34,-5459.5,68.09,0
2008-12-10 03:28:00,2.19,-0.01,29.2,0.03,12.03,8.11,10.97,9.48,-5351.75,72.67,0
2008-12-10 08:19:00,3.67,-0.01,30.13,0.02,3.45,3.71,2.62,1.33,-6514.5,69.38,0
2008-12-10 18:47:00,1.48,-0.01,52.41,0.03,6.83,13.55,16.2,6.48,-5227.5,69.93,0
2008-10-13 03:34:00,-5.04,-0.01,36.54,0.02,22.21,10.66,9.74,5.35,-5874.25,70.43,0
2008-10-13 03:53:00,-3.14,-0.01,54.78,0.01,21.93,8.2,17.21,3.94,-5626.0,74.74,0
2008-10-13 11:27:00,-0.62,-0.01,54.47,0.02,5.55,17.46,10.51,5.68,-5100.0,70.44,0
2008-10-13 12:18:00,-0.04,-0.01,23.34,0.02,16.93,11.22,14.12,5.19,-5473.75,74.81,0
2008-10-13 14:06:00,-1.33,-0.01,64.96,0.02,12.98,7.41,13.27,4.62,-5569.0,73.37,0
2008-10-13 14:29:00,2.7,-0.01,53.03,0.02,8.6,2.76,0.57,4.88,-5404.75,74.4,0
2008-10-13 14:30:00,-2.54,-0.01,67.91,0.03,9.35,11.21,14.47,6.45,-5115.25,72.11,0
2008-10-13 14:55:00,-1.12,-0.01,48.22,0.02,24.45,11.95,13.62,3.57,-5530.25,72.74,0
2008-10-13 15:42:00,-0.91,-0.01,47.28,0.02,13.56,9.25,8.06,1.01,-5160.75,68.88,0
2008-10-13 15:42:00,-1.74,-0.01,20.63,0.02,12.69,12.45,37.98,7.23,-5200.75,69.82,0
2008-10-13 16:13:00,0.23,-0.01,26.47,0.02,11.7,9.25,31.17,5.01,-5405.5,73.24,0
2008-10-13 19:17:00,-1.3,-0.01,50.91,0.03,14.08,8.45,15.52,4.58,-5175.5,73.4,0
2008-10-13 19:36:00,-2.88,-0.01,57.21,0.02,16.99,9.39,42.41,10.07,-4821.5,73.64,0
2008-10-13 19:40:00,-4.77,-0.01,30.57,0.02,7.31,7.01,20.05,7.47,-5552.0,73.94,0
2008-10-13 20:10:00,3.36,-0.01,62.94,0.03,17.32,14.34,12.52,3.79,-5393.5,72.16,0
2008-10-13 20:30:00,-2.66,-0.01,43.21,0.03,11.94,12.6,23.21,6.44,-5304.75,72.66,0
2008-10-13 20:53:00,26.97,-0.01,29.59,0.03,12.09,19.84,8.26,8.91,-5475.0,73.11,0
2008-10-13 21:20:00,0.61,-0.01,64.52,0.03,14.74,5.61,8.28,8.9,-5591.75,73.63,0
2008-10-13 21:47:00,4.75,-0.01,39.45,0.03,8.8,4.13,11.28,5.78,-5592.25,72.08,0
2008-10-13 21:57:00,-0.27,-0.01,35.81,0.02,12.88,4.25,9.62,2.0,-5394.25,72.57,0
2008-10-13 22:48:00,-2.86,-0.01,51.38,0.03,5.68,7.3,6.95,2.84,-6476.25,66.72,0
2008-10-13 22:54:00,3.89,-0.01,55.93,0.03,9.79,5.02,19.88,6.0,-6062.25,74.39,0
2008-10-14 00:35:00,-3.24,-0.01,52.67,0.03,5.32,5.85,6.28,2.97,-6592.25,71.18,0
2008-10-14 03:21:00,-1.16,-0.01,32.73,0.03,24.26,18.11,27.99,6.74,-5526.75,71.2,0
2008-10-14 03:28:00,-0.74,-0.01,43.42,0.04,12.3,12.7,58.19,11.95,-4939.0,73.27,0
2008-10-14 03:35:00,-6.72,-0.01,27.96,0.02,10.92,9.31,14.99,8.57,-5631.0,74.04,0
2008-10-14 13:13:00,0.44,-0.01,52.09,0.03,14.75,10.97,26.07,2.87,-5734.75,72.4,0
2008-10-14 13:16:00,-1.51,-0.01,23.82,0.03,13.65,7.5,5.06,3.39,-5554.75,69.97,0
2008-10-14 14:07:00,2.44,-0.01,45.69,0.03,17.31,11.8,11.57,4.17,-5695.0,73.92,0
2008-10-14 14:15:00,-3.45,-0.01,26.48,0.02,7.0,8.73,10.54,3.59,-6254.25,74.59,0
2008-10-14 14:43:00,4.92,-0.01,24.95,0.03,13.42,61.15,11.27,62.38,-6354.5,74.14,0
2008-10-14 17:36:00,-4.62,-0.01,58.59,0.02,2.27,4.29,2.54,2.05,-6330.5,73.57,0
2008-10-14 19:15:00,-1.65,-0.01,40.52,0.02,21.41,11.71,17.62,8.92,-5594.75,75.03,0
2008-10-14 20:01:00,-2.98,-0.01,18.81,0.03,10.85,13.34,18.18,7.14,-5093.75,73.0,0
2008-10-14 20:30:00,2.03,-0.01,23.7,0.02,1.82,5.13,12.48,6.02,-5193.25,72.3,0
2008-10-14 20:48:00,-0.23,-0.01,26.88,0.02,9.34,6.12,10.5,2.47,-5465.75,73.46,0
2008-10-14 21:36:00,-2.05,-0.01,31.51,0.02,7.23,16.76,8.53,5.99,-5097.0,72.0,0
2008-10-14 23:07:00,0.9,-0.01,50.26,0.02,2.07,2.23,4.26,0.39,-6427.5,70.51,0
2008-10-15 00:03:00,-4.88,-0.01,50.48,0.02,8.29,8.81,12.33,3.9,-5321.75,71.93,0
2008-10-15 00:27:00,-3.88,-0.01,37.0,0.01,12.27,4.64,32.19,3.99,-5153.5,72.76,0
2008-10-15 00:47:00,4.76,-0.01,42.05,0.03,11.94,11.83,6.41,6.92,-5370.25,71.14,0
2008-10-15 01:52:00,-5.09,-0.01,31.81,0.02,11.91,4.09,17.87,6.47,-5488.5,70.88,0
2008-10-15 01:52:00,-0.63,-0.01,40.0,0.02,24.31,16.98,33.61,5.67,-5475.0,74.58,0
2008-10-15 01:52:00,-4.72,-0.01,36.03,0.02,7.44,9.05,17.35,5.62,-5868.25,73.66,0
2008-10-15 02:40:00,-2.02,-0.01,49.03,0.02,15.01,9.23,13.81,4.93,-5372.0,72.23,0
2008-10-15 02:40:00,-0.38,-0.01,38.78,0.03,13.7,13.95,3.27,3.51,-5468.5,67.9,0
2008-10-15 02:42:00,2.87,0.0,244.27,0.02,18.16,13.13,15.93,1.56,-5575.0,72.5,1
2008-10-15 03:24:00,-3.91,-0.01,55.81,0.02,4.22,41.15,5.83,32.14,-6247.0,72.76,0
2008-10-15 04:08:00,-2.07,-0.01,32.47,0.02,28.68,6.39,21.92,4.92,-5233.25,71.39,0
2008-10-15 05:13:00,1.35,-0.01,47.06,0.02,10.82,6.8,16.14,5.27,-5366.25,72.16,0
2008-10-15 05:16:00,-1.8,-0.01,42.04,0.02,2.59,31.35,5.85,39.92,-6458.0,74.78,0
2008-10-15 06:49:00,-4.43,-0.01,26.27,0.02,28.69,7.15,9.47,4.97,-5641.25,72.97,0
2008-10-15 07:36:00,-2.12,-0.01,47.61,0.02,10.68,10.95,16.66,1.89,-5138.5,72.79,0
2008-10-15 07:55:00,-3.65,-0.01,39.92,0.02,16.73,5.7,13.23,7.68,-5587.0,71.7,0
2008-10-15 08:21:00,-2.54,-0.01,30.86,0.02,20.48,14.37,17.37,7.05,-5566.0,74.37,0
2008-10-15 09:11:00,4.42,-0.01,55.02,0.02,18.19,9.81,23.68,4.42,-5337.0,72.49,0
2008-10-15 10:00:00,0.58,-0.01,21.65,0.03,4.29,3.65,6.76,1.38,-6393.5,75.58,0
2008-10-15 12:53:00,-0.19,-0.01,35.98,0.03,24.41,12.68,17.83,5.22,-5822.75,72.28,0
2008-10-15 13:14:00,-2.24,-0.01,43.22,0.02,5.6,12.71,17.33,3.5,-5442.25,72.27,0
2008-10-15 13:16:00,-1.17,-0.02,32.72,0.02,16.05,4.83,20.42,2.93,-5275.5,69.02,0
2008-10-15 14:08:00,-0.45,-0.01,29.88,0.02,7.51,4.19,14.9,7.78,-5670.5,71.26,0
2008-10-15 15:11:00,-3.9,-0.01,32.47,0.02,20.93,7.08,22.55,6.79,-5713.0,75.18,0
2008-10-15 16:24:00,1.51,-0.01,27.02,0.02,7.23,6.78,18.7,7.32,-5455.75,75.12,0
2008-10-15 17:19:00,-2.31,-0.01,61.01,0.04,18.4,11.96,11.75,4.19,-5300.5,74.47,0
2008-10-15 18:16:00,0.65,-0.01,38.93,0.02,4.72,11.21,6.89,4.91,-6430.25,74.86,0
2008-10-15 19:15:00,-4.35,-0.01,36.04,0.02,18.92,9.05,35.0,7.8,-5219.5,73.6,0
2008-10-15 19:24:00,5.93,-0.01,45.3,0.02,24.71,5.94,9.29,3.91,-5638.25,73.02,0
2008-10-15 21:44:00,5.64,-0.01,49.38,0.03,26.76,9.97,9.48,2.24,-5685.5,72.24,0
2008-10-15 22:45:00,-3.18,-0.01,46.38,0.02,14.25,13.2,9.7,2.15,-5281.0,73.26,0
2008-10-15 22:54:00,3.68,-0.01,41.59,,14.72,16.54,26.42,3.01,-5223.25,69.81,0
2008-10-15 23:00:00,5.66,-0.01,25.6,,8.17,4.12,5.93,1.44,-6424.25,70.24,0
2008-10-15 23:45:00,3.29,-0.01,23.22,,4.53,10.87,13.74,4.06,-5756.5,70.83,0
2008-10-16 02:16:00,4.7,-0.01,44.08,,16.97,13.5,15.81,4.17,-5338.75,72.86,0
2008-10-16 02:16:00,-2.44,-0.01,37.68,,29.63,13.16,24.8,4.99,-5056.25,71.04,0
2008-10-16 02:17:00,1.56,-0.01,30.01,,13.52,6.53,14.04,2.08,-5222.0,72.6,0
2008-10-16 02:22:00,2.95,-0.01,35.09,,4.72,10.25,7.71,2.8,-6457.75,72.34,0
2008-10-16 02:55:00,-4.99,-0.01,31.71,,6.39,6.03,17.64,2.86,-5491.75,73.23,0
2008-10-16 03:56:00,3.07,-0.01,42.11,0.03,27.45,14.41,9.52,3.1,-5727.0,72.33,0
2008-10-16 04:02:00,2.97,-0.01,36.72,,23.87,9.0,18.11,4.54,-5073.5,73.14,0
2008-10-16 04:02:00,2.33,-0.01,40.09,,2.06,4.97,3.37,1.5,-6416.25,69.5,0
2008-10-16 04:04:00,2.8,-0.01,37.43,,1.37,3.8,2.37,0.72,-6456.25,69.59,0
2008-10-16 04:47:00,1.57,-0.01,46.02,,14.53,8.04,8.53,10.57,-4958.0,72.49,0
2008-10-16 04:50:00,-2.77,-0.01,21.99,,14.94,11.76,27.48,3.97,-5083.25,73.22,0
2008-10-16 04:54:00,-2.31,-0.01,46.66,,18.06,3.46,18.73,5.36,-5735.25,71.91,0
2008-10-16 05:08:00,0.06,-0.01,55.49,,32.37,15.86,25.13,7.7,-6020.75,71.42,0
2008-10-16 05:13:00,5.93,-0.01,44.98,,6.91,6.56,3.88,1.22,-6499.0,72.38,0
2008-10-16 05:44:00,-3.19,-0.01,88.67,,13.99,5.45,24.04,2.45,-5427.75,73.02,0
2008-10-16 05:58:00,3.48,-0.01,49.95,,8.85,7.55,4.64,2.98,-6424.25,66.61,0
2008-10-16 15:02:00,4.62,-0.01,38.2,,13.39,8.15,9.02,4.35,-5357.0,73.34,0
2008-10-16 15:13:00,2.82,-0.01,53.19,,12.81,9.6,23.62,8.14,-5418.75,71.14,0
2008-10-16 20:49:00,-3.36,-0.01,29.44,,4.13,5.06,7.86,2.39,-6408.75,72.84,0
2008-10-17 05:26:00,1.17,-0.01,54.83,,20.02,8.43,22.86,3.81,-5153.25,71.27,0
2008-10-17 06:01:00,4.47,-0.01,78.5,,9.42,7.61,33.01,9.71,-5271.75,70.51,0
2008-10-17 06:07:00,1.87,-0.01,75.86,,11.39,3.92,14.34,2.49,-5319.5,73.07,0
